run_id,method,backbone,family,params_b,rank,quant_bits,is_adapter_method,gpu_total_gb,status,fits,trainable_param_pct,accuracy,peak_gpu_memory_gb,energy_kwh,carbon_kgco2eq,wall_clock_seconds,carbon_derived_kg,log_params_b,params_x_bits,log_params_x_bits,weight_bytes_gb,trainable_frac,trainable_params_b,optimizer_state_gb,gradient_gb,memory_proxy_gb,vram_pressure,is_quantized,adapter_capacity,log1p_rank,is_full_finetune,energy_per_acc_point,vram_efficiency,throughput_proxy,has_adapter_config,gpu_budget_known,is_seed_outlier,config_id,measurement_pass,energy_measurement_valid,analysis_role,split_reason,data_source,is_empirical,data_quality_flag
full_ft_tiny_classification_seed13,full_ft,tiny,qwen,0.5,0.0,32,0.0,15.6,ok,1,1.0,0.9117,11.462,0.00239411,0.00155617,132.28,0.0015561715,-0.3010299956639812,16.0,1.2041199826559248,2.0,0.01,0.005,0.04,0.02,2.06,0.13205128205128205,0,0.0,0.0,1,0.002625984424701108,0.07954109230500785,0.0075597218022376775,1,1,0,full_ft_tiny_classification_seed13,original,1,surrogate_train,measured single-GPU PEFT fine-tuning run,greenpeft_kaggle_t4_benchmark,1,measured_single_gpu_peft_finetuning_run
full_ft_tiny_classification_seed2024,full_ft,tiny,qwen,0.5,0.0,32,0.0,15.6,ok,1,1.0,0.8991,11.439,0.00240937,0.00156609,132.95,0.0015660905000000002,-0.3010299956639812,16.0,1.2041199826559248,2.0,0.01,0.005,0.04,0.02,2.06,0.13205128205128205,0,0.0,0.0,1,0.002679757535313091,0.07859952793076318,0.007521624670928921,1,1,0,full_ft_tiny_classification_seed2024,original,1,surrogate_train,measured single-GPU PEFT fine-tuning run,greenpeft_kaggle_t4_benchmark,1,measured_single_gpu_peft_finetuning_run
full_ft_tiny_classification_seed42,full_ft,tiny,qwen,0.5,0.0,32,0.0,15.6,ok,1,1.0,0.9048,11.414,0.00237976,0.00154684,131.62,0.001546844,-0.3010299956639812,16.0,1.2041199826559248,2.0,0.01,0.005,0.04,0.02,2.06,0.13205128205128205,0,0.0,0.0,1,0.002630150309460654,0.07927107061503418,0.007597629539583649,1,1,0,full_ft_tiny_classification_seed42,original,1,surrogate_train,measured single-GPU PEFT fine-tuning run,greenpeft_kaggle_t4_benchmark,1,measured_single_gpu_peft_finetuning_run
lisa_tiny_classification_seed13,lisa,tiny,qwen,0.5,0.0,16,0.0,15.6,ok,1,0.724441,0.8635,5.143,0.00124387,0.00080852,69.08,0.0008085155000000001,-0.3010299956639812,8.0,0.9030899869919435,1.0,0.00724441,0.003622205,0.02897764,0.01448882,1.0434664599999999,0.06688887564102564,0,0.0,0.0,0,0.0014404979733642154,0.16789811394127943,0.01447596988998263,1,1,0,lisa_tiny_classification_seed13,original,1,surrogate_train,measured single-GPU PEFT fine-tuning run,greenpeft_kaggle_t4_benchmark,1,measured_single_gpu_peft_finetuning_run
lisa_tiny_classification_seed2024,lisa,tiny,qwen,0.5,0.0,16,0.0,15.6,ok,1,0.724441,0.8899,5.54,0.0012547,0.00081556,69.65,0.000815555,-0.3010299956639812,8.0,0.9030899869919435,1.0,0.00724441,0.003622205,0.02897764,0.01448882,1.0434664599999999,0.06688887564102564,0,0.0,0.0,0,0.0014099337004157772,0.1606317689530686,0.014357501794687724,1,1,0,lisa_tiny_classification_seed2024,original,1,surrogate_train,measured single-GPU PEFT fine-tuning run,greenpeft_kaggle_t4_benchmark,1,measured_single_gpu_peft_finetuning_run
lisa_tiny_classification_seed42,lisa,tiny,qwen,0.5,0.0,16,0.0,15.6,ok,1,0.724441,0.9071,5.586,0.00127987,0.00083192,71.65,0.0008319155000000001,-0.3010299956639812,8.0,0.9030899869919435,1.0,0.00724441,0.003622205,0.02897764,0.01448882,1.0434664599999999,0.06688887564102564,0,0.0,0.0,0,0.0014109469738727814,0.16238811313999282,0.013956734124214932,1,1,0,lisa_tiny_classification_seed42,original,1,surrogate_train,measured single-GPU PEFT fine-tuning run,greenpeft_kaggle_t4_benchmark,1,measured_single_gpu_peft_finetuning_run
lora_tiny_classification_seed13,lora,tiny,qwen,0.5,16.0,16,1.0,15.6,ok,1,0.004362,0.9163,4.206,0.00115775,0.00075254,108.59,0.0007525375,-0.3010299956639812,8.0,0.9030899869919435,1.0,4.3620000000000006e-05,2.1810000000000003e-05,0.00017448000000000002,8.724000000000001e-05,1.0002617200000001,0.06411934102564104,0,16.0,2.833213344056216,0,0.0012635054021608643,0.21785544460294815,0.009208951100469657,1,1,0,lora_tiny_classification_seed13,original,1,surrogate_train,measured single-GPU PEFT fine-tuning run,greenpeft_kaggle_t4_benchmark,1,measured_single_gpu_peft_finetuning_run
lora_tiny_classification_seed2024,lora,tiny,qwen,0.5,16.0,16,1.0,15.6,ok,1,0.004362,0.9186,4.879,0.0012918,0.00083967,105.65,0.00083967,-0.3010299956639812,8.0,0.9030899869919435,1.0,4.3620000000000006e-05,2.1810000000000003e-05,0.00017448000000000002,8.724000000000001e-05,1.0002617200000001,0.06411934102564104,0,16.0,2.833213344056216,0,0.0014062704114957546,0.1882762861242058,0.00946521533364884,1,1,0,lora_tiny_classification_seed2024,original,1,surrogate_train,measured single-GPU PEFT fine-tuning run,greenpeft_kaggle_t4_benchmark,1,measured_single_gpu_peft_finetuning_run
lora_tiny_classification_seed42,lora,tiny,qwen,0.5,16.0,16,1.0,15.6,ok,1,0.004362,0.9174,4.877,0.00121608,0.00079045,105.4,0.0007904520000000001,-0.3010299956639812,8.0,0.9030899869919435,1.0,4.3620000000000006e-05,2.1810000000000003e-05,0.00017448000000000002,8.724000000000001e-05,1.0002617200000001,0.06411934102564104,0,16.0,2.833213344056216,0,0.0013255722694571616,0.18810744310026656,0.009487666034155597,1,1,0,lora_tiny_classification_seed42,original,1,surrogate_train,measured single-GPU PEFT fine-tuning run,greenpeft_kaggle_t4_benchmark,1,measured_single_gpu_peft_finetuning_run
lora_fa_tiny_classification_seed13,lora_fa,tiny,qwen,0.5,16.0,16,1.0,15.6,ok,1,0.001589,0.9174,4.084,0.0012967,0.00084285,102.81,0.000842855,-0.3010299956639812,8.0,0.9030899869919435,1.0,1.589e-05,7.945e-06,6.356e-05,3.178e-05,1.00009534,0.06410867564102565,0,16.0,2.833213344056216,0,0.0014134510573359494,0.2246327130264447,0.009726680284019065,1,1,0,lora_fa_tiny_classification_seed13,original,1,surrogate_train,measured single-GPU PEFT fine-tuning run,greenpeft_kaggle_t4_benchmark,1,measured_single_gpu_peft_finetuning_run
lora_fa_tiny_classification_seed2024,lora_fa,tiny,qwen,0.5,16.0,16,1.0,15.6,ok,1,0.001589,0.914,4.865,0.00129812,0.00084378,100.83,0.0008437780000000001,-0.3010299956639812,8.0,0.9030899869919435,1.0,1.589e-05,7.945e-06,6.356e-05,3.178e-05,1.00009534,0.06410867564102565,0,16.0,2.833213344056216,0,0.0014202625820568927,0.18787255909558068,0.00991768322919766,1,1,0,lora_fa_tiny_classification_seed2024,original,1,surrogate_train,measured single-GPU PEFT fine-tuning run,greenpeft_kaggle_t4_benchmark,1,measured_single_gpu_peft_finetuning_run
lora_fa_tiny_classification_seed42,lora_fa,tiny,qwen,0.5,16.0,16,1.0,15.6,ok,1,0.001589,0.9151,4.873,0.00130385,0.0008475,101.96,0.0008475025,-0.3010299956639812,8.0,0.9030899869919435,1.0,1.589e-05,7.945e-06,6.356e-05,3.178e-05,1.00009534,0.06410867564102565,0,16.0,2.833213344056216,0,0.0014248169598950935,0.18778986250769547,0.009807767752059632,1,1,0,lora_fa_tiny_classification_seed42,original,1,surrogate_train,measured single-GPU PEFT fine-tuning run,greenpeft_kaggle_t4_benchmark,1,measured_single_gpu_peft_finetuning_run
qlora_tiny_classification_seed13,qlora,tiny,qwen,0.5,16.0,4,1.0,15.6,ok,1,0.006822,0.9025,3.64,0.00214066,0.00139143,162.23,0.001391429,-0.3010299956639812,2.0,0.3010299956639812,0.25,6.822e-05,3.411e-05,0.00027288,0.00013644,0.25040932,0.016051879487179486,1,16.0,2.833213344056216,0,0.00237192243767313,0.24793956043956042,0.0061640880231769715,1,1,0,qlora_tiny_classification_seed13,original,1,surrogate_train,measured single-GPU PEFT fine-tuning run,greenpeft_kaggle_t4_benchmark,1,measured_single_gpu_peft_finetuning_run
qlora_tiny_classification_seed2024,qlora,tiny,qwen,0.5,16.0,4,1.0,15.6,ok,1,0.006822,0.9163,2.879,0.00216281,0.00140583,165.03,0.0014058265,-0.3010299956639812,2.0,0.3010299956639812,0.25,6.822e-05,3.411e-05,0.00027288,0.00013644,0.25040932,0.016051879487179486,1,16.0,2.833213344056216,0,0.002360373240205173,0.31827023271969435,0.006059504332545598,1,1,0,qlora_tiny_classification_seed2024,original,1,surrogate_train,measured single-GPU PEFT fine-tuning run,greenpeft_kaggle_t4_benchmark,1,measured_single_gpu_peft_finetuning_run
qlora_tiny_classification_seed42,qlora,tiny,qwen,0.5,16.0,4,1.0,15.6,ok,1,0.006822,0.9163,2.694,0.00213814,0.00138979,164.77,0.0013897910000000002,-0.3010299956639812,2.0,0.3010299956639812,0.25,6.822e-05,3.411e-05,0.00027288,0.00013644,0.25040932,0.016051879487179486,1,16.0,2.833213344056216,0,0.0023334497435337775,0.34012620638455826,0.006069065970747102,1,1,0,qlora_tiny_classification_seed42,original,1,surrogate_train,measured single-GPU PEFT fine-tuning run,greenpeft_kaggle_t4_benchmark,1,measured_single_gpu_peft_finetuning_run
lisa_small_classification_seed13,lisa,small,llama,1.1,0.0,16,0.0,15.6,ok,1,0.936649,0.9186,11.223,0.00209492,0.0013617,116.47,0.0013616980000000002,0.04139268515822508,17.6,1.24551266781415,2.2,0.00936649,0.010303139000000001,0.08242511200000001,0.041212556000000004,2.3236376680000004,0.14895113256410258,0,0.0,0.0,0,0.002280557369910734,0.08184977278802459,0.008585901948999743,1,1,0,lisa_small_classification_seed13,original,1,surrogate_train,measured single-GPU PEFT fine-tuning run,greenpeft_kaggle_t4_benchmark,1,measured_single_gpu_peft_finetuning_run
lisa_small_classification_seed2024,lisa,small,llama,1.1,0.0,16,0.0,15.6,ok,1,0.936649,0.9151,11.183,0.00209872,0.00136417,116.84,0.001364168,0.04139268515822508,17.6,1.24551266781415,2.2,0.00936649,0.010303139000000001,0.08242511200000001,0.041212556000000004,2.3236376680000004,0.14895113256410258,0,0.0,0.0,0,0.002293432411758278,0.08182956272914245,0.008558712769599451,1,1,0,lisa_small_classification_seed2024,original,1,surrogate_train,measured single-GPU PEFT fine-tuning run,greenpeft_kaggle_t4_benchmark,1,measured_single_gpu_peft_finetuning_run
lisa_small_classification_seed42,lisa,small,llama,1.1,0.0,16,0.0,15.6,ok,1,0.936649,0.9266,11.116,0.00207034,0.00134572,115.98,0.001345721,0.04139268515822508,17.6,1.24551266781415,2.2,0.00936649,0.010303139000000001,0.08242511200000001,0.041212556000000004,2.3236376680000004,0.14895113256410258,0,0.0,0.0,0,0.0022343406000431684,0.0833573227779777,0.00862217623728229,1,1,0,lisa_small_classification_seed42,original,1,surrogate_train,measured single-GPU PEFT fine-tuning run,greenpeft_kaggle_t4_benchmark,1,measured_single_gpu_peft_finetuning_run
lora_small_classification_seed13,lora,small,llama,1.1,16.0,16,1.0,15.6,ok,1,0.00434,0.9404,11.043,0.00180621,0.00117404,103.56,0.0011740365,0.04139268515822508,17.6,1.24551266781415,2.2,4.34e-05,4.774e-05,0.00038192,0.00019096,2.20057288,0.14106236410256412,0,16.0,2.833213344056216,0,0.0019206826882177796,0.08515801865435119,0.009656237929702587,1,1,0,lora_small_classification_seed13,original,1,surrogate_train,measured single-GPU PEFT fine-tuning run,greenpeft_kaggle_t4_benchmark,1,measured_single_gpu_peft_finetuning_run
lora_small_classification_seed2024,lora,small,llama,1.1,16.0,16,1.0,15.6,ok,1,0.00434,0.9415,9.044,0.00175148,0.00113846,99.52,0.001138462,0.04139268515822508,17.6,1.24551266781415,2.2,4.34e-05,4.774e-05,0.00038192,0.00019096,2.20057288,0.14106236410256412,0,16.0,2.833213344056216,0,0.001860308019118428,0.10410216718266253,0.01004823151125402,1,1,0,lora_small_classification_seed2024,original,1,surrogate_train,measured single-GPU PEFT fine-tuning run,greenpeft_kaggle_t4_benchmark,1,measured_single_gpu_peft_finetuning_run
lora_small_classification_seed42,lora,small,llama,1.1,16.0,16,1.0,15.6,ok,1,0.00434,0.9495,9.12,0.00176415,0.0011467,100.16,0.0011466975,0.04139268515822508,17.6,1.24551266781415,2.2,4.34e-05,4.774e-05,0.00038192,0.00019096,2.20057288,0.14106236410256412,0,16.0,2.833213344056216,0,0.0018579778830963665,0.10411184210526317,0.009984025559105431,1,1,1,lora_small_classification_seed42,original,1,surrogate_train,measured single-GPU PEFT fine-tuning run,greenpeft_kaggle_t4_benchmark,1,measured_single_gpu_peft_finetuning_run
lora_fa_small_classification_seed13,lora_fa,small,llama,1.1,16.0,16,1.0,15.6,ok,1,0.001565,0.9243,7.945,0.00173334,0.00112667,98.22,0.001126671,0.04139268515822508,17.6,1.24551266781415,2.2,1.565e-05,1.7215000000000004e-05,0.00013772000000000003,6.886000000000001e-05,2.20020658,0.14103888333333334,0,16.0,2.833213344056216,0,0.0018753002271989616,0.1163373190685966,0.010181225819588679,1,1,0,lora_fa_small_classification_seed13,original,1,surrogate_train,measured single-GPU PEFT fine-tuning run,greenpeft_kaggle_t4_benchmark,1,measured_single_gpu_peft_finetuning_run
lora_fa_small_classification_seed2024,lora_fa,small,llama,1.1,16.0,16,1.0,15.6,ok,1,0.001565,0.9255,9.023,0.00173377,0.00112695,98.55,0.0011269505,0.04139268515822508,17.6,1.24551266781415,2.2,1.565e-05,1.7215000000000004e-05,0.00013772000000000003,6.886000000000001e-05,2.20020658,0.14103888333333334,0,16.0,2.833213344056216,0,0.0018733333333333332,0.10257120691565998,0.010147133434804667,1,1,0,lora_fa_small_classification_seed2024,original,1,surrogate_train,measured single-GPU PEFT fine-tuning run,greenpeft_kaggle_t4_benchmark,1,measured_single_gpu_peft_finetuning_run
lora_fa_small_classification_seed42,lora_fa,small,llama,1.1,16.0,16,1.0,15.6,ok,1,0.001565,0.9255,9.069,0.00172196,0.00111927,97.77,0.001119274,0.04139268515822508,17.6,1.24551266781415,2.2,1.565e-05,1.7215000000000004e-05,0.00013772000000000003,6.886000000000001e-05,2.20020658,0.14103888333333334,0,16.0,2.833213344056216,0,0.0018605726634251757,0.10205094277208071,0.010228086325048584,1,1,0,lora_fa_small_classification_seed42,original,1,surrogate_train,measured single-GPU PEFT fine-tuning run,greenpeft_kaggle_t4_benchmark,1,measured_single_gpu_peft_finetuning_run
qlora_small_classification_seed13,qlora,small,llama,1.1,16.0,4,1.0,15.6,ok,1,0.008132,0.9358,5.831,0.0027257,0.00177171,153.22,0.0017717050000000002,0.04139268515822508,4.4,0.6434526764861874,0.55,8.132e-05,8.945200000000001e-05,0.0007156160000000001,0.00035780800000000004,0.551073424,0.03532521948717949,1,16.0,2.833213344056216,0,0.002912695020303484,0.16048705196364257,0.006526563111865292,1,1,0,qlora_small_classification_seed13,original,1,surrogate_train,measured single-GPU PEFT fine-tuning run,greenpeft_kaggle_t4_benchmark,1,measured_single_gpu_peft_finetuning_run
qlora_small_classification_seed2024,qlora,small,llama,1.1,16.0,4,1.0,15.6,ok,1,0.008132,0.9358,3.518,0.00272738,0.0017728,154.39,0.0017727970000000002,0.04139268515822508,4.4,0.6434526764861874,0.55,8.132e-05,8.945200000000001e-05,0.0007156160000000001,0.00035780800000000004,0.551073424,0.03532521948717949,1,16.0,2.833213344056216,0,0.002914490275699936,0.2660034110289938,0.006477103439341927,1,1,0,qlora_small_classification_seed2024,original,1,surrogate_train,measured single-GPU PEFT fine-tuning run,greenpeft_kaggle_t4_benchmark,1,measured_single_gpu_peft_finetuning_run
qlora_small_classification_seed42,qlora,small,llama,1.1,16.0,4,1.0,15.6,ok,1,0.008132,0.9427,3.493,0.00269835,0.00175393,152.61,0.0017539275000000001,0.04139268515822508,4.4,0.6434526764861874,0.55,8.132e-05,8.945200000000001e-05,0.0007156160000000001,0.00035780800000000004,0.551073424,0.03532521948717949,1,16.0,2.833213344056216,0,0.002862363424207065,0.2698826223876324,0.00655265054714632,1,1,0,qlora_small_classification_seed42,original,1,surrogate_train,measured single-GPU PEFT fine-tuning run,greenpeft_kaggle_t4_benchmark,1,measured_single_gpu_peft_finetuning_run
lisa_medium_classification_seed13,lisa,medium,qwen,1.5,0.0,16,0.0,15.6,ok,1,0.848823,0.9438,14.788,0.0025163,0.0016356,139.68,0.001635595,0.17609125905568124,24.0,1.380211241711606,3.0,0.00848823,0.012732344999999999,0.10185876,0.05092938,3.1527881399999997,0.20210180384615384,0,0.0,0.0,0,0.0026661368934096205,0.06382201785231269,0.00715922107674685,1,1,0,lisa_medium_classification_seed13,original,1,surrogate_train,measured single-GPU PEFT fine-tuning run,greenpeft_kaggle_t4_benchmark,1,measured_single_gpu_peft_finetuning_run
lisa_medium_classification_seed2024,lisa,medium,qwen,1.5,0.0,16,0.0,15.6,ok,1,0.848823,0.9369,15.866,0.00253723,0.0016492,141.3,0.0016491995000000002,0.17609125905568124,24.0,1.380211241711606,3.0,0.00848823,0.012732344999999999,0.10185876,0.05092938,3.1527881399999997,0.20210180384615384,0,0.0,0.0,0,0.0027081118582559507,0.05905080045380058,0.007077140835102618,1,1,0,lisa_medium_classification_seed2024,original,1,surrogate_train,measured single-GPU PEFT fine-tuning run,greenpeft_kaggle_t4_benchmark,1,measured_single_gpu_peft_finetuning_run
lisa_medium_classification_seed42,lisa,medium,qwen,1.5,0.0,16,0.0,15.6,ok,1,0.848823,0.9335,15.896,0.00252961,0.00164425,140.82,0.0016442465,0.17609125905568124,24.0,1.380211241711606,3.0,0.00848823,0.012732344999999999,0.10185876,0.05092938,3.1527881399999997,0.20210180384615384,0,0.0,0.0,0,0.002709812533476165,0.058725465525918466,0.00710126402499645,1,1,0,lisa_medium_classification_seed42,original,1,surrogate_train,measured single-GPU PEFT fine-tuning run,greenpeft_kaggle_t4_benchmark,1,measured_single_gpu_peft_finetuning_run
lora_medium_classification_seed2024,lora,medium,qwen,1.5,16.0,16,1.0,15.6,ok,1,0.002817,0.9495,13.316,0.00220031,0.0014302,125.38,0.0014302015,0.17609125905568124,24.0,1.380211241711606,3.0,2.817e-05,4.2255e-05,0.00033804,0.00016902,3.00050706,0.19234019615384615,0,16.0,2.833213344056216,0,0.002317335439705108,0.07130519675578251,0.007975753708725474,1,1,0,lora_medium_classification_seed2024,original,1,surrogate_train,measured single-GPU PEFT fine-tuning run,greenpeft_kaggle_t4_benchmark,1,measured_single_gpu_peft_finetuning_run
lora_medium_classification_seed42,lora,medium,qwen,1.5,16.0,16,1.0,15.6,ok,1,0.002817,0.9461,11.24,0.00216023,0.00140415,125.43,0.0014041495,0.17609125905568124,24.0,1.380211241711606,3.0,2.817e-05,4.2255e-05,0.00033804,0.00016902,3.00050706,0.19234019615384615,0,16.0,2.833213344056216,0,0.002283299862593806,0.08417259786476869,0.007972574344255759,1,1,0,lora_medium_classification_seed42,original,1,surrogate_train,measured single-GPU PEFT fine-tuning run,greenpeft_kaggle_t4_benchmark,1,measured_single_gpu_peft_finetuning_run
lora_fa_medium_classification_seed13,lora_fa,medium,qwen,1.5,16.0,16,1.0,15.6,ok,1,0.001039,0.9438,10.894,0.00222269,0.00144475,122.02,0.0014447485,0.17609125905568124,24.0,1.380211241711606,3.0,1.039e-05,1.5585e-05,0.00012468,6.234e-05,3.00018702,0.19231968076923076,0,16.0,2.833213344056216,0,0.002355043441407078,0.08663484486873509,0.0081953778069169,1,1,0,lora_fa_medium_classification_seed13,original,1,surrogate_train,measured single-GPU PEFT fine-tuning run,greenpeft_kaggle_t4_benchmark,1,measured_single_gpu_peft_finetuning_run
lora_fa_medium_classification_seed2024,lora_fa,medium,qwen,1.5,16.0,16,1.0,15.6,ok,1,0.001039,0.9461,13.283,0.00212259,0.00137968,122.44,0.0013796835000000002,0.17609125905568124,24.0,1.380211241711606,3.0,1.039e-05,1.5585e-05,0.00012468,6.234e-05,3.00018702,0.19231968076923076,0,16.0,2.833213344056216,0,0.002243515484621076,0.07122637958292555,0.008167265599477296,1,1,0,lora_fa_medium_classification_seed2024,original,1,surrogate_train,measured single-GPU PEFT fine-tuning run,greenpeft_kaggle_t4_benchmark,1,measured_single_gpu_peft_finetuning_run
lora_fa_medium_classification_seed42,lora_fa,medium,qwen,1.5,16.0,16,1.0,15.6,ok,1,0.001039,0.9392,13.335,0.00213238,0.00138605,121.64,0.001386047,0.17609125905568124,24.0,1.380211241711606,3.0,1.039e-05,1.5585e-05,0.00012468,6.234e-05,3.00018702,0.19231968076923076,0,16.0,2.833213344056216,0,0.0022704216354344125,0.07043119610048744,0.008220979940808944,1,1,0,lora_fa_medium_classification_seed42,original,1,surrogate_train,measured single-GPU PEFT fine-tuning run,greenpeft_kaggle_t4_benchmark,1,measured_single_gpu_peft_finetuning_run
qlora_medium_classification_seed13,qlora,medium,qwen,1.5,16.0,4,1.0,15.6,ok,1,0.004884,0.9438,8.642,0.00339605,0.00220743,191.64,0.0022074325,0.17609125905568124,6.0,0.7781512503836436,0.75,4.884e-05,7.326e-05,0.00058608,0.00029304,0.75087912,0.04813327692307692,1,16.0,2.833213344056216,0,0.00359827293918203,0.10921083082619765,0.005218117303276978,1,1,0,qlora_medium_classification_seed13,original,1,surrogate_train,measured single-GPU PEFT fine-tuning run,greenpeft_kaggle_t4_benchmark,1,measured_single_gpu_peft_finetuning_run
qlora_medium_classification_seed2024,qlora,medium,qwen,1.5,16.0,4,1.0,15.6,ok,1,0.004884,0.9461,5.034,0.00348174,0.00226313,195.61,0.0022631310000000003,0.17609125905568124,6.0,0.7781512503836436,0.75,4.884e-05,7.326e-05,0.00058608,0.00029304,0.75087912,0.04813327692307692,1,16.0,2.833213344056216,0,0.0036800972413064156,0.18794199443782283,0.005112213077041051,1,1,0,qlora_medium_classification_seed2024,original,1,surrogate_train,measured single-GPU PEFT fine-tuning run,greenpeft_kaggle_t4_benchmark,1,measured_single_gpu_peft_finetuning_run
qlora_medium_classification_seed42,qlora,medium,qwen,1.5,16.0,4,1.0,15.6,ok,1,0.004884,0.9404,6.653,0.00343004,0.00222953,193.62,0.0022295260000000003,0.17609125905568124,6.0,0.7781512503836436,0.75,4.884e-05,7.326e-05,0.00058608,0.00029304,0.75087912,0.04813327692307692,1,16.0,2.833213344056216,0,0.003647426626967248,0.14134976702239593,0.005164755707055056,1,1,0,qlora_medium_classification_seed42,original,1,surrogate_train,measured single-GPU PEFT fine-tuning run,greenpeft_kaggle_t4_benchmark,1,measured_single_gpu_peft_finetuning_run
qlora_large_classification_seed13,qlora,large,qwen,3.0,16.0,4,1.0,15.6,ok,1,0.004324,0.9472,7.457,0.00599847,0.00389901,332.38,0.0038990055,0.47712125471966244,12.0,1.0791812460476249,1.5,4.324e-05,0.00012972,0.00103776,0.00051888,1.50155664,0.09625363076923077,1,16.0,2.833213344056216,0,0.006332844172297297,0.12702159045192438,0.0030086046091822613,1,1,0,qlora_large_classification_seed13,original,1,surrogate_train,measured single-GPU PEFT fine-tuning run,greenpeft_kaggle_t4_benchmark,1,measured_single_gpu_peft_finetuning_run
qlora_large_classification_seed2024,qlora,large,qwen,3.0,16.0,4,1.0,15.6,ok,1,0.004324,0.9484,7.448,0.0060281,0.00391826,335.11,0.003918265,0.47712125471966244,12.0,1.0791812460476249,1.5,4.324e-05,0.00012972,0.00103776,0.00051888,1.50155664,0.09625363076923077,1,16.0,2.833213344056216,0,0.006356073386756643,0.1273361976369495,0.002984094774850049,1,1,0,qlora_large_classification_seed2024,original,1,surrogate_train,measured single-GPU PEFT fine-tuning run,greenpeft_kaggle_t4_benchmark,1,measured_single_gpu_peft_finetuning_run
qlora_large_classification_seed42,qlora,large,qwen,3.0,16.0,4,1.0,15.6,ok,1,0.004324,0.9495,7.45,0.00601425,0.00390926,332.2,0.0039092625,0.47712125471966244,12.0,1.0791812460476249,1.5,4.324e-05,0.00012972,0.00103776,0.00051888,1.50155664,0.09625363076923077,1,16.0,2.833213344056216,0,0.006334123222748815,0.1274496644295302,0.0030102347983142685,1,1,0,qlora_large_classification_seed42,original,1,surrogate_train,measured single-GPU PEFT fine-tuning run,greenpeft_kaggle_t4_benchmark,1,measured_single_gpu_peft_finetuning_run
full_ft_tiny_classification_seed13_remeasured,full_ft,tiny,qwen,0.5,0.0,32,0.0,15.6,ok,1,1.0,0.9117,10.83,0.00038241,0.00024857,139.55,0.00024856650000000004,-0.3010299956639812,16.0,1.2041199826559248,2.0,0.01,0.005,0.04,0.02,2.06,0.13205128205128205,0,0.0,0.0,1,0.00041944718657453114,0.08418282548476454,0.007165890361877462,1,1,0,full_ft_tiny_classification_seed13,remeasured,0,surrogate_train,measured single-GPU PEFT fine-tuning run,greenpeft_kaggle_t4_benchmark,1,measured_single_gpu_peft_finetuning_run
full_ft_tiny_classification_seed2024_remeasured,full_ft,tiny,qwen,0.5,0.0,32,0.0,15.6,ok,1,1.0,0.8991,10.742,0.00038312,0.00024903,139.2,0.000249028,-0.3010299956639812,16.0,1.2041199826559248,2.0,0.01,0.005,0.04,0.02,2.06,0.13205128205128205,0,0.0,0.0,1,0.00042611500389278163,0.0836994973003165,0.007183908045977012,1,1,0,full_ft_tiny_classification_seed2024,remeasured,0,surrogate_train,measured single-GPU PEFT fine-tuning run,greenpeft_kaggle_t4_benchmark,1,measured_single_gpu_peft_finetuning_run
full_ft_tiny_classification_seed42_remeasured,full_ft,tiny,qwen,0.5,0.0,32,0.0,15.6,ok,1,1.0,0.9048,10.872,0.00037879,0.00024621,138.46,0.0002462135,-0.3010299956639812,16.0,1.2041199826559248,2.0,0.01,0.005,0.04,0.02,2.06,0.13205128205128205,0,0.0,0.0,1,0.00041864500442086644,0.08322295805739514,0.007222302470027444,1,1,0,full_ft_tiny_classification_seed42,remeasured,0,surrogate_train,measured single-GPU PEFT fine-tuning run,greenpeft_kaggle_t4_benchmark,1,measured_single_gpu_peft_finetuning_run
lisa_medium_classification_seed13_remeasured,lisa,medium,qwen,1.5,0.0,16,0.0,15.6,ok,1,0.848823,0.9438,14.179,0.00038906,0.00025289,140.41,0.000252889,0.17609125905568124,24.0,1.380211241711606,3.0,0.00848823,0.012732344999999999,0.10185876,0.05092938,3.1527881399999997,0.20210180384615384,0,0.0,0.0,0,0.0004122271667726213,0.06656322730799069,0.007121999857560003,1,1,0,lisa_medium_classification_seed13,remeasured,0,surrogate_train,measured single-GPU PEFT fine-tuning run,greenpeft_kaggle_t4_benchmark,1,measured_single_gpu_peft_finetuning_run
lisa_medium_classification_seed2024_remeasured,lisa,medium,qwen,1.5,0.0,16,0.0,15.6,ok,1,0.848823,0.9369,15.259,0.00038872,0.00025267,141.68,0.000252668,0.17609125905568124,24.0,1.380211241711606,3.0,0.00848823,0.012732344999999999,0.10185876,0.05092938,3.1527881399999997,0.20210180384615384,0,0.0,0.0,0,0.00041490020279645644,0.061399829608755487,0.007058159232072275,1,1,0,lisa_medium_classification_seed2024,remeasured,0,surrogate_train,measured single-GPU PEFT fine-tuning run,greenpeft_kaggle_t4_benchmark,1,measured_single_gpu_peft_finetuning_run
lisa_medium_classification_seed42_remeasured,lisa,medium,qwen,1.5,0.0,16,0.0,15.6,ok,1,0.848823,0.9335,15.271,0.00039317,0.00025556,141.83,0.0002555605,0.17609125905568124,24.0,1.380211241711606,3.0,0.00848823,0.012732344999999999,0.10185876,0.05092938,3.1527881399999997,0.20210180384615384,0,0.0,0.0,0,0.000421178361006963,0.06112893720123109,0.0070506944934076,1,1,0,lisa_medium_classification_seed42,remeasured,0,surrogate_train,measured single-GPU PEFT fine-tuning run,greenpeft_kaggle_t4_benchmark,1,measured_single_gpu_peft_finetuning_run
lisa_small_classification_seed13_remeasured,lisa,small,llama,1.1,0.0,16,0.0,15.6,ok,1,0.936649,0.9186,10.559,0.00032767,0.00021299,117.64,0.00021298550000000002,0.04139268515822508,17.6,1.24551266781415,2.2,0.00936649,0.010303139000000001,0.08242511200000001,0.041212556000000004,2.3236376680000004,0.14895113256410258,0,0.0,0.0,0,0.00035670585673851517,0.08699687470404395,0.008500510030601836,1,1,0,lisa_small_classification_seed13,remeasured,0,surrogate_train,measured single-GPU PEFT fine-tuning run,greenpeft_kaggle_t4_benchmark,1,measured_single_gpu_peft_finetuning_run
lisa_small_classification_seed2024_remeasured,lisa,small,llama,1.1,0.0,16,0.0,15.6,ok,1,0.936649,0.9151,10.664,0.00032216,0.0002094,117.78,0.000209404,0.04139268515822508,17.6,1.24551266781415,2.2,0.00936649,0.010303139000000001,0.08242511200000001,0.041212556000000004,2.3236376680000004,0.14895113256410258,0,0.0,0.0,0,0.00035204895639820785,0.08581207801950488,0.008490405841399219,1,1,0,lisa_small_classification_seed2024,remeasured,0,surrogate_train,measured single-GPU PEFT fine-tuning run,greenpeft_kaggle_t4_benchmark,1,measured_single_gpu_peft_finetuning_run
lisa_small_classification_seed42_remeasured,lisa,small,llama,1.1,0.0,16,0.0,15.6,ok,1,0.936649,0.9266,10.519,0.0003212,0.00020878,116.82,0.00020878000000000002,0.04139268515822508,17.6,1.24551266781415,2.2,0.00936649,0.010303139000000001,0.08242511200000001,0.041212556000000004,2.3236376680000004,0.14895113256410258,0,0.0,0.0,0,0.00034664364342758475,0.0880882213138131,0.008560178051703476,1,1,0,lisa_small_classification_seed42,remeasured,0,surrogate_train,measured single-GPU PEFT fine-tuning run,greenpeft_kaggle_t4_benchmark,1,measured_single_gpu_peft_finetuning_run
lisa_tiny_classification_seed13_remeasured,lisa,tiny,qwen,0.5,0.0,16,0.0,15.6,ok,1,0.724441,0.8635,4.53,0.0002164,0.00014066,76.48,0.00014066,-0.3010299956639812,8.0,0.9030899869919435,1.0,0.00724441,0.003622205,0.02897764,0.01448882,1.0434664599999999,0.06688887564102564,0,0.0,0.0,0,0.0002506079907353793,0.19061810154525385,0.01307531380753138,1,1,0,lisa_tiny_classification_seed13,remeasured,0,surrogate_train,measured single-GPU PEFT fine-tuning run,greenpeft_kaggle_t4_benchmark,1,measured_single_gpu_peft_finetuning_run
lisa_tiny_classification_seed2024_remeasured,lisa,tiny,qwen,0.5,0.0,16,0.0,15.6,ok,1,0.724441,0.8899,4.922,0.00021314,0.00013854,77.23,0.000138541,-0.3010299956639812,8.0,0.9030899869919435,1.0,0.00724441,0.003622205,0.02897764,0.01448882,1.0434664599999999,0.06688887564102564,0,0.0,0.0,0,0.0002395100573098101,0.18080048760666398,0.012948336138806162,1,1,0,lisa_tiny_classification_seed2024,remeasured,0,surrogate_train,measured single-GPU PEFT fine-tuning run,greenpeft_kaggle_t4_benchmark,1,measured_single_gpu_peft_finetuning_run
lisa_tiny_classification_seed42_remeasured,lisa,tiny,qwen,0.5,0.0,16,0.0,15.6,ok,1,0.724441,0.9071,4.949,0.0002198,0.00014287,78.92,0.00014287000000000002,-0.3010299956639812,8.0,0.9030899869919435,1.0,0.00724441,0.003622205,0.02897764,0.01448882,1.0434664599999999,0.06688887564102564,0,0.0,0.0,0,0.00024231066034615807,0.18328955344514045,0.012671059300557527,1,1,0,lisa_tiny_classification_seed42,remeasured,0,surrogate_train,measured single-GPU PEFT fine-tuning run,greenpeft_kaggle_t4_benchmark,1,measured_single_gpu_peft_finetuning_run
lora_fa_medium_classification_seed13_remeasured,lora_fa,medium,qwen,1.5,16.0,16,1.0,15.6,ok,1,0.001039,0.9438,10.293,0.00036123,0.0002348,130.71,0.0002347995,0.17609125905568124,24.0,1.380211241711606,3.0,1.039e-05,1.5585e-05,0.00012468,6.234e-05,3.00018702,0.19231968076923076,0,16.0,2.833213344056216,0,0.0003827399872854418,0.09169338385310405,0.007650524060898171,1,1,0,lora_fa_medium_classification_seed13,remeasured,0,surrogate_train,measured single-GPU PEFT fine-tuning run,greenpeft_kaggle_t4_benchmark,1,measured_single_gpu_peft_finetuning_run
lora_fa_medium_classification_seed2024_remeasured,lora_fa,medium,qwen,1.5,16.0,16,1.0,15.6,ok,1,0.001039,0.9461,12.677,0.00034814,0.00022629,126.74,0.000226291,0.17609125905568124,24.0,1.380211241711606,3.0,1.039e-05,1.5585e-05,0.00012468,6.234e-05,3.00018702,0.19231968076923076,0,16.0,2.833213344056216,0,0.00036797378712609657,0.07463122189792538,0.007890168849613383,1,1,0,lora_fa_medium_classification_seed2024,remeasured,0,surrogate_train,measured single-GPU PEFT fine-tuning run,greenpeft_kaggle_t4_benchmark,1,measured_single_gpu_peft_finetuning_run
lora_fa_medium_classification_seed42_remeasured,lora_fa,medium,qwen,1.5,16.0,16,1.0,15.6,ok,1,0.001039,0.9392,12.74,0.00034871,0.00022666,127.18,0.00022666150000000003,0.17609125905568124,24.0,1.380211241711606,3.0,1.039e-05,1.5585e-05,0.00012468,6.234e-05,3.00018702,0.19231968076923076,0,16.0,2.833213344056216,0,0.0003712840715502555,0.07372056514913658,0.007862871520679353,1,1,0,lora_fa_medium_classification_seed42,remeasured,0,surrogate_train,measured single-GPU PEFT fine-tuning run,greenpeft_kaggle_t4_benchmark,1,measured_single_gpu_peft_finetuning_run
lora_fa_small_classification_seed13_remeasured,lora_fa,small,llama,1.1,16.0,16,1.0,15.6,ok,1,0.001565,0.9243,7.315,0.00029301,0.00019046,107.05,0.00019045650000000002,0.04139268515822508,17.6,1.24551266781415,2.2,1.565e-05,1.7215000000000004e-05,0.00013772000000000003,6.886000000000001e-05,2.20020658,0.14103888333333334,0,16.0,2.833213344056216,0,0.00031700746510873094,0.1263568010936432,0.009341429238673517,1,1,0,lora_fa_small_classification_seed13,remeasured,0,surrogate_train,measured single-GPU PEFT fine-tuning run,greenpeft_kaggle_t4_benchmark,1,measured_single_gpu_peft_finetuning_run
lora_fa_small_classification_seed2024_remeasured,lora_fa,small,llama,1.1,16.0,16,1.0,15.6,ok,1,0.001565,0.9255,8.437,0.00029367,0.00019089,106.48,0.0001908855,0.04139268515822508,17.6,1.24551266781415,2.2,1.565e-05,1.7215000000000004e-05,0.00013772000000000003,6.886000000000001e-05,2.20020658,0.14103888333333334,0,16.0,2.833213344056216,0,0.0003173095623987034,0.10969538935640631,0.009391435011269721,1,1,0,lora_fa_small_classification_seed2024,remeasured,0,surrogate_train,measured single-GPU PEFT fine-tuning run,greenpeft_kaggle_t4_benchmark,1,measured_single_gpu_peft_finetuning_run
lora_fa_small_classification_seed42_remeasured,lora_fa,small,llama,1.1,16.0,16,1.0,15.6,ok,1,0.001565,0.9255,8.481,0.00029097,0.00018913,106.08,0.0001891305,0.04139268515822508,17.6,1.24551266781415,2.2,1.565e-05,1.7215000000000004e-05,0.00013772000000000003,6.886000000000001e-05,2.20020658,0.14103888333333334,0,16.0,2.833213344056216,0,0.00031439222042139385,0.10912628227803325,0.00942684766214178,1,1,0,lora_fa_small_classification_seed42,remeasured,0,surrogate_train,measured single-GPU PEFT fine-tuning run,greenpeft_kaggle_t4_benchmark,1,measured_single_gpu_peft_finetuning_run
lora_fa_tiny_classification_seed13_remeasured,lora_fa,tiny,qwen,0.5,16.0,16,1.0,15.6,ok,1,0.001589,0.9174,3.471,0.00031879,0.00020721,114.46,0.00020721350000000002,-0.3010299956639812,8.0,0.9030899869919435,1.0,1.589e-05,7.945e-06,6.356e-05,3.178e-05,1.00009534,0.06410867564102565,0,16.0,2.833213344056216,0,0.0003474929147591018,0.26430423509075196,0.008736676568233445,1,1,0,lora_fa_tiny_classification_seed13,remeasured,0,surrogate_train,measured single-GPU PEFT fine-tuning run,greenpeft_kaggle_t4_benchmark,1,measured_single_gpu_peft_finetuning_run
lora_fa_tiny_classification_seed2024_remeasured,lora_fa,tiny,qwen,0.5,16.0,16,1.0,15.6,ok,1,0.001589,0.914,4.251,0.00031777,0.00020655,113.42,0.0002065505,-0.3010299956639812,8.0,0.9030899869919435,1.0,1.589e-05,7.945e-06,6.356e-05,3.178e-05,1.00009534,0.06410867564102565,0,16.0,2.833213344056216,0,0.0003476695842450766,0.2150082333568572,0.00881678716275789,1,1,0,lora_fa_tiny_classification_seed2024,remeasured,0,surrogate_train,measured single-GPU PEFT fine-tuning run,greenpeft_kaggle_t4_benchmark,1,measured_single_gpu_peft_finetuning_run
lora_fa_tiny_classification_seed42_remeasured,lora_fa,tiny,qwen,0.5,16.0,16,1.0,15.6,ok,1,0.001589,0.9151,4.259,0.00031639,0.00020565,113.4,0.0002056535,-0.3010299956639812,8.0,0.9030899869919435,1.0,1.589e-05,7.945e-06,6.356e-05,3.178e-05,1.00009534,0.06410867564102565,0,16.0,2.833213344056216,0,0.00034574363457545623,0.21486264381310166,0.008818342151675485,1,1,0,lora_fa_tiny_classification_seed42,remeasured,0,surrogate_train,measured single-GPU PEFT fine-tuning run,greenpeft_kaggle_t4_benchmark,1,measured_single_gpu_peft_finetuning_run
lora_medium_classification_seed2024_remeasured,lora,medium,qwen,1.5,16.0,16,1.0,15.6,ok,1,0.002817,0.9495,12.696,0.00037926,0.00024652,135.7,0.000246519,0.17609125905568124,24.0,1.380211241711606,3.0,2.817e-05,4.2255e-05,0.00033804,0.00016902,3.00050706,0.19234019615384615,0,16.0,2.833213344056216,0,0.0003994312796208531,0.07478733459357279,0.007369196757553428,1,1,0,lora_medium_classification_seed2024,remeasured,0,surrogate_train,measured single-GPU PEFT fine-tuning run,greenpeft_kaggle_t4_benchmark,1,measured_single_gpu_peft_finetuning_run
lora_medium_classification_seed42_remeasured,lora,medium,qwen,1.5,16.0,16,1.0,15.6,ok,1,0.002817,0.9461,10.618,0.00037045,0.00024079,134.35,0.0002407925,0.17609125905568124,24.0,1.380211241711606,3.0,2.817e-05,4.2255e-05,0.00033804,0.00016902,3.00050706,0.19234019615384615,0,16.0,2.833213344056216,0,0.000391554803931931,0.08910340930495385,0.00744324525493115,1,1,0,lora_medium_classification_seed42,remeasured,0,surrogate_train,measured single-GPU PEFT fine-tuning run,greenpeft_kaggle_t4_benchmark,1,measured_single_gpu_peft_finetuning_run
lora_small_classification_seed13_remeasured,lora,small,llama,1.1,16.0,16,1.0,15.6,ok,1,0.00434,0.9404,10.423,0.00031466,0.00020453,113.16,0.00020452900000000003,0.04139268515822508,17.6,1.24551266781415,2.2,4.34e-05,4.774e-05,0.00038192,0.00019096,2.20057288,0.14106236410256412,0,16.0,2.833213344056216,0,0.00033460229689493835,0.0902235440851962,0.008837044892188053,1,1,0,lora_small_classification_seed13,remeasured,0,surrogate_train,measured single-GPU PEFT fine-tuning run,greenpeft_kaggle_t4_benchmark,1,measured_single_gpu_peft_finetuning_run
lora_small_classification_seed2024_remeasured,lora,small,llama,1.1,16.0,16,1.0,15.6,ok,1,0.00434,0.9415,8.433,0.00030903,0.00020087,112.82,0.0002008695,0.04139268515822508,17.6,1.24551266781415,2.2,4.34e-05,4.774e-05,0.00038192,0.00019096,2.20057288,0.14106236410256412,0,16.0,2.833213344056216,0,0.0003282315454062666,0.11164472904067355,0.008863676653075697,1,1,0,lora_small_classification_seed2024,remeasured,0,surrogate_train,measured single-GPU PEFT fine-tuning run,greenpeft_kaggle_t4_benchmark,1,measured_single_gpu_peft_finetuning_run
lora_small_classification_seed42_remeasured,lora,small,llama,1.1,16.0,16,1.0,15.6,ok,1,0.00434,0.9495,8.506,0.00031064,0.00020192,112.54,0.000201916,0.04139268515822508,17.6,1.24551266781415,2.2,4.34e-05,4.774e-05,0.00038192,0.00019096,2.20057288,0.14106236410256412,0,16.0,2.833213344056216,0,0.00032716166403370196,0.11162708676228544,0.00888572951839346,1,1,1,lora_small_classification_seed42,remeasured,0,surrogate_train,measured single-GPU PEFT fine-tuning run,greenpeft_kaggle_t4_benchmark,1,measured_single_gpu_peft_finetuning_run
lora_tiny_classification_seed13_remeasured,lora,tiny,qwen,0.5,16.0,16,1.0,15.6,ok,1,0.004362,0.9163,3.586,0.00033491,0.00021769,117.8,0.0002176915,-0.3010299956639812,8.0,0.9030899869919435,1.0,4.3620000000000006e-05,2.1810000000000003e-05,0.00017448000000000002,8.724000000000001e-05,1.0002617200000001,0.06411934102564104,0,16.0,2.833213344056216,0,0.0003655025646622285,0.25552147239263806,0.008488964346349746,1,1,0,lora_tiny_classification_seed13,remeasured,0,surrogate_train,measured single-GPU PEFT fine-tuning run,greenpeft_kaggle_t4_benchmark,1,measured_single_gpu_peft_finetuning_run
lora_tiny_classification_seed2024_remeasured,lora,tiny,qwen,0.5,16.0,16,1.0,15.6,ok,1,0.004362,0.9186,4.261,0.00033186,0.00021571,119.01,0.00021570900000000002,-0.3010299956639812,8.0,0.9030899869919435,1.0,4.3620000000000006e-05,2.1810000000000003e-05,0.00017448000000000002,8.724000000000001e-05,1.0002617200000001,0.06411934102564104,0,16.0,2.833213344056216,0,0.0003612671456564337,0.21558319643276225,0.008402655239055541,1,1,0,lora_tiny_classification_seed2024,remeasured,0,surrogate_train,measured single-GPU PEFT fine-tuning run,greenpeft_kaggle_t4_benchmark,1,measured_single_gpu_peft_finetuning_run
lora_tiny_classification_seed42_remeasured,lora,tiny,qwen,0.5,16.0,16,1.0,15.6,ok,1,0.004362,0.9174,4.253,0.00033155,0.00021551,118.03,0.00021550750000000002,-0.3010299956639812,8.0,0.9030899869919435,1.0,4.3620000000000006e-05,2.1810000000000003e-05,0.00017448000000000002,8.724000000000001e-05,1.0002617200000001,0.06411934102564104,0,16.0,2.833213344056216,0,0.0003614017876607805,0.215706560075241,0.008472422265525715,1,1,0,lora_tiny_classification_seed42,remeasured,0,surrogate_train,measured single-GPU PEFT fine-tuning run,greenpeft_kaggle_t4_benchmark,1,measured_single_gpu_peft_finetuning_run
qlora_large_classification_seed13_remeasured,qlora,large,qwen,3.0,16.0,4,1.0,15.6,ok,1,0.004324,0.9472,6.835,0.00093996,0.00061097,337.85,0.000610974,0.47712125471966244,12.0,1.0791812460476249,1.5,4.324e-05,0.00012972,0.00103776,0.00051888,1.50155664,0.09625363076923077,1,16.0,2.833213344056216,0,0.0009923564189189189,0.13858083394294074,0.0029598934438360217,1,1,0,qlora_large_classification_seed13,remeasured,0,surrogate_train,measured single-GPU PEFT fine-tuning run,greenpeft_kaggle_t4_benchmark,1,measured_single_gpu_peft_finetuning_run
qlora_large_classification_seed2024_remeasured,qlora,large,qwen,3.0,16.0,4,1.0,15.6,ok,1,0.004324,0.9484,6.828,0.00094508,0.0006143,340.52,0.0006143020000000001,0.47712125471966244,12.0,1.0791812460476249,1.5,4.324e-05,0.00012972,0.00103776,0.00051888,1.50155664,0.09625363076923077,1,16.0,2.833213344056216,0,0.0009964993673555462,0.1388986526069127,0.002936685069893105,1,1,0,qlora_large_classification_seed2024,remeasured,0,surrogate_train,measured single-GPU PEFT fine-tuning run,greenpeft_kaggle_t4_benchmark,1,measured_single_gpu_peft_finetuning_run
qlora_large_classification_seed42_remeasured,qlora,large,qwen,3.0,16.0,4,1.0,15.6,ok,1,0.004324,0.9495,6.83,0.00092837,0.00060344,338.46,0.0006034405,0.47712125471966244,12.0,1.0791812460476249,1.5,4.324e-05,0.00012972,0.00103776,0.00051888,1.50155664,0.09625363076923077,1,16.0,2.833213344056216,0,0.0009777461822011585,0.1390190336749634,0.0029545588843585655,1,1,0,qlora_large_classification_seed42,remeasured,0,surrogate_train,measured single-GPU PEFT fine-tuning run,greenpeft_kaggle_t4_benchmark,1,measured_single_gpu_peft_finetuning_run
qlora_medium_classification_seed13_remeasured,qlora,medium,qwen,1.5,16.0,4,1.0,15.6,ok,1,0.004884,0.9438,8.493,0.00056666,0.00036833,205.78,0.000368329,0.17609125905568124,6.0,0.7781512503836436,0.75,4.884e-05,7.326e-05,0.00058608,0.00029304,0.75087912,0.04813327692307692,1,16.0,2.833213344056216,0,0.0006004026276753549,0.11112681031437653,0.004859558752065313,1,1,0,qlora_medium_classification_seed13,remeasured,0,surrogate_train,measured single-GPU PEFT fine-tuning run,greenpeft_kaggle_t4_benchmark,1,measured_single_gpu_peft_finetuning_run
qlora_medium_classification_seed2024_remeasured,qlora,medium,qwen,1.5,16.0,4,1.0,15.6,ok,1,0.004884,0.9461,4.293,0.00058093,0.0003776,209.27,0.00037760450000000003,0.17609125905568124,6.0,0.7781512503836436,0.75,4.884e-05,7.326e-05,0.00058608,0.00029304,0.75087912,0.04813327692307692,1,16.0,2.833213344056216,0,0.000614026001479759,0.22038201723736314,0.004778515792994696,1,1,0,qlora_medium_classification_seed2024,remeasured,0,surrogate_train,measured single-GPU PEFT fine-tuning run,greenpeft_kaggle_t4_benchmark,1,measured_single_gpu_peft_finetuning_run
qlora_medium_classification_seed42_remeasured,qlora,medium,qwen,1.5,16.0,4,1.0,15.6,ok,1,0.004884,0.9404,5.39,0.00056494,0.00036721,205.86,0.000367211,0.17609125905568124,6.0,0.7781512503836436,0.75,4.884e-05,7.326e-05,0.00058608,0.00029304,0.75087912,0.04813327692307692,1,16.0,2.833213344056216,0,0.0006007443641003828,0.17447124304267161,0.00485767026134266,1,1,0,qlora_medium_classification_seed42,remeasured,0,surrogate_train,measured single-GPU PEFT fine-tuning run,greenpeft_kaggle_t4_benchmark,1,measured_single_gpu_peft_finetuning_run
qlora_small_classification_seed13_remeasured,qlora,small,llama,1.1,16.0,4,1.0,15.6,ok,1,0.008132,0.9358,5.201,0.00046486,0.00030216,169.37,0.000302159,0.04139268515822508,4.4,0.6434526764861874,0.55,8.132e-05,8.945200000000001e-05,0.0007156160000000001,0.00035780800000000004,0.551073424,0.03532521948717949,1,16.0,2.833213344056216,0,0.0004967514426159436,0.17992693712747548,0.005904233335301411,1,1,0,qlora_small_classification_seed13,remeasured,0,surrogate_train,measured single-GPU PEFT fine-tuning run,greenpeft_kaggle_t4_benchmark,1,measured_single_gpu_peft_finetuning_run
qlora_small_classification_seed2024_remeasured,qlora,small,llama,1.1,16.0,4,1.0,15.6,ok,1,0.008132,0.9358,2.865,0.00047134,0.00030637,170.88,0.000306371,0.04139268515822508,4.4,0.6434526764861874,0.55,8.132e-05,8.945200000000001e-05,0.0007156160000000001,0.00035780800000000004,0.551073424,0.03532521948717949,1,16.0,2.833213344056216,0,0.0005036759991451164,0.32663176265270505,0.005852059925093633,1,1,0,qlora_small_classification_seed2024,remeasured,0,surrogate_train,measured single-GPU PEFT fine-tuning run,greenpeft_kaggle_t4_benchmark,1,measured_single_gpu_peft_finetuning_run
qlora_small_classification_seed42_remeasured,qlora,small,llama,1.1,16.0,4,1.0,15.6,ok,1,0.008132,0.9427,2.84,0.00047087,0.00030607,169.58,0.0003060655,0.04139268515822508,4.4,0.6434526764861874,0.55,8.132e-05,8.945200000000001e-05,0.0007156160000000001,0.00035780800000000004,0.551073424,0.03532521948717949,1,16.0,2.833213344056216,0,0.0004994908242282805,0.33193661971830984,0.005896921806816841,1,1,0,qlora_small_classification_seed42,remeasured,0,surrogate_train,measured single-GPU PEFT fine-tuning run,greenpeft_kaggle_t4_benchmark,1,measured_single_gpu_peft_finetuning_run
qlora_tiny_classification_seed13_remeasured,qlora,tiny,qwen,0.5,16.0,4,1.0,15.6,ok,1,0.006822,0.9025,3.02,0.00050182,0.00032618,180.09,0.000326183,-0.3010299956639812,2.0,0.3010299956639812,0.25,6.822e-05,3.411e-05,0.00027288,0.00013644,0.25040932,0.016051879487179486,1,16.0,2.833213344056216,0,0.00055603324099723,0.298841059602649,0.005552779165972569,1,1,0,qlora_tiny_classification_seed13,remeasured,0,surrogate_train,measured single-GPU PEFT fine-tuning run,greenpeft_kaggle_t4_benchmark,1,measured_single_gpu_peft_finetuning_run
qlora_tiny_classification_seed2024_remeasured,qlora,tiny,qwen,0.5,16.0,4,1.0,15.6,ok,1,0.006822,0.9163,2.265,0.00050049,0.00032532,178.23,0.0003253185,-0.3010299956639812,2.0,0.3010299956639812,0.25,6.822e-05,3.411e-05,0.00027288,0.00013644,0.25040932,0.016051879487179486,1,16.0,2.833213344056216,0,0.0005462075739386664,0.4045474613686534,0.005610727711384167,1,1,0,qlora_tiny_classification_seed2024,remeasured,0,surrogate_train,measured single-GPU PEFT fine-tuning run,greenpeft_kaggle_t4_benchmark,1,measured_single_gpu_peft_finetuning_run
qlora_tiny_classification_seed42_remeasured,qlora,tiny,qwen,0.5,16.0,4,1.0,15.6,ok,1,0.006822,0.9163,2.08,0.00051143,0.00033243,180.89,0.00033242950000000003,-0.3010299956639812,2.0,0.3010299956639812,0.25,6.822e-05,3.411e-05,0.00027288,0.00013644,0.25040932,0.016051879487179486,1,16.0,2.833213344056216,0,0.000558146895121685,0.44052884615384613,0.005528221571120571,1,1,0,qlora_tiny_classification_seed42,remeasured,0,surrogate_train,measured single-GPU PEFT fine-tuning run,greenpeft_kaggle_t4_benchmark,1,measured_single_gpu_peft_finetuning_run
openllmperf_0,none_inference_only,medium,llama,7.0,0.0,16,0.0,,ok,1,,0.5820000000000001,14.5751953125,,,,,0.8450980400142568,112.0,2.0492180226701815,14.0,0.0,0.0,0.0,0.0,14.0,,0,0.0,0.0,0,,0.039930854271356786,,0,0,0,openllmperf_0,single,0,scale_reference,inference-only; no fine-tuning method or training energy,open_llm_perf_leaderboard,1,inference_only_no_finetuning_method_applied
openllmperf_2,none_inference_only,large,other,20.0,0.0,16,0.0,,ok,1,,0.5579999999999999,31.0009765625,,,,,1.3010299956639813,320.0,2.505149978319906,40.0,0.0,0.0,0.0,0.0,40.0,,0,0.0,0.0,0,,0.0179994329815719,,0,0,0,openllmperf_2,single,0,scale_reference,inference-only; no fine-tuning method or training energy,open_llm_perf_leaderboard,1,inference_only_no_finetuning_method_applied
openllmperf_3,none_inference_only,medium,llama,7.0,0.0,32,0.0,,ok,1,,0.5820000000000001,27.1591796875,,,,,0.8450980400142568,224.0,2.3502480183341627,28.0,0.0,0.0,0.0,0.0,28.0,,0,0.0,0.0,0,,0.021429218654489234,,0,0,0,openllmperf_3,single,0,scale_reference,inference-only; no fine-tuning method or training energy,open_llm_perf_leaderboard,1,inference_only_no_finetuning_method_applied
openllmperf_4,none_inference_only,medium,llama,10.0,0.0,16,0.0,,ok,1,,0.626,26.4345703125,,,,,1.0,160.0,2.2041199826559246,20.0,0.0,0.0,0.0,0.0,20.0,,0,0.0,0.0,0,,0.023681111234253205,,0,0,0,openllmperf_4,single,0,scale_reference,inference-only; no fine-tuning method or training energy,open_llm_perf_leaderboard,1,inference_only_no_finetuning_method_applied
openllmperf_5,none_inference_only,large,other,20.0,0.0,16,0.0,,ok,1,,0.5579999999999999,10.9580078125,,,,,1.3010299956639813,320.0,2.505149978319906,40.0,0.0,0.0,0.0,0.0,40.0,,0,0.0,0.0,0,,0.050921664735763296,,0,0,0,openllmperf_5,single,0,scale_reference,inference-only; no fine-tuning method or training energy,open_llm_perf_leaderboard,1,inference_only_no_finetuning_method_applied
openllmperf_6,none_inference_only,medium,llama,7.0,0.0,16,0.0,,ok,1,,0.5820000000000001,14.5751953125,,,,,0.8450980400142568,112.0,2.0492180226701815,14.0,0.0,0.0,0.0,0.0,14.0,,0,0.0,0.0,0,,0.039930854271356786,,0,0,0,openllmperf_6,single,0,scale_reference,inference-only; no fine-tuning method or training energy,open_llm_perf_leaderboard,1,inference_only_no_finetuning_method_applied
openllmperf_7,none_inference_only,large,other,30.0,0.0,16,0.0,,ok,1,,0.612,18.2431640625,,,,,1.4771212547196624,480.0,2.681241237375587,60.0,0.0,0.0,0.0,0.0,60.0,,0,0.0,0.0,0,,0.033546812269150475,,0,0,0,openllmperf_7,single,0,scale_reference,inference-only; no fine-tuning method or training energy,open_llm_perf_leaderboard,1,inference_only_no_finetuning_method_applied
openllmperf_8,none_inference_only,medium,llama,10.0,0.0,16,0.0,,ok,1,,0.626,26.4345703125,,,,,1.0,160.0,2.2041199826559246,20.0,0.0,0.0,0.0,0.0,20.0,,0,0.0,0.0,0,,0.023681111234253205,,0,0,0,openllmperf_8,single,0,scale_reference,inference-only; no fine-tuning method or training energy,open_llm_perf_leaderboard,1,inference_only_no_finetuning_method_applied
openllmperf_9,none_inference_only,medium,other,7.0,0.0,16,0.0,,ok,1,,0.5,14.3779296875,,,,,0.8450980400142568,112.0,2.0492180226701815,14.0,0.0,0.0,0.0,0.0,14.0,,0,0.0,0.0,0,,0.0347755212932147,,0,0,0,openllmperf_9,single,0,scale_reference,inference-only; no fine-tuning method or training energy,open_llm_perf_leaderboard,1,inference_only_no_finetuning_method_applied
openllmperf_10,none_inference_only,medium,llama,7.0,0.0,16,0.0,,ok,1,,0.5820000000000001,6.0224609375,,,,,0.8450980400142568,112.0,2.0492180226701815,14.0,0.0,0.0,0.0,0.0,14.0,,0,0.0,0.0,0,,0.09663823577103942,,0,0,0,openllmperf_10,single,0,scale_reference,inference-only; no fine-tuning method or training energy,open_llm_perf_leaderboard,1,inference_only_no_finetuning_method_applied
openllmperf_11,none_inference_only,medium,other,7.0,0.0,32,0.0,,ok,1,,0.5,26.7626953125,,,,,0.8450980400142568,224.0,2.3502480183341627,28.0,0.0,0.0,0.0,0.0,28.0,,0,0.0,0.0,0,,0.018682722130997993,,0,0,0,openllmperf_11,single,0,scale_reference,inference-only; no fine-tuning method or training energy,open_llm_perf_leaderboard,1,inference_only_no_finetuning_method_applied
openllmperf_12,none_inference_only,medium,llama,7.0,0.0,16,0.0,,ok,1,,0.5820000000000001,6.0224609375,,,,,0.8450980400142568,112.0,2.0492180226701815,14.0,0.0,0.0,0.0,0.0,14.0,,0,0.0,0.0,0,,0.09663823577103942,,0,0,0,openllmperf_12,single,0,scale_reference,inference-only; no fine-tuning method or training energy,open_llm_perf_leaderboard,1,inference_only_no_finetuning_method_applied
openllmperf_13,none_inference_only,medium,other,7.0,0.0,16,0.0,,ok,1,,0.5,5.8076171875,,,,,0.8450980400142568,112.0,2.0492180226701815,14.0,0.0,0.0,0.0,0.0,14.0,,0,0.0,0.0,0,,0.08609382882125441,,0,0,0,openllmperf_13,single,0,scale_reference,inference-only; no fine-tuning method or training energy,open_llm_perf_leaderboard,1,inference_only_no_finetuning_method_applied
openllmperf_14,none_inference_only,medium,llama,10.0,0.0,32,0.0,,ok,1,,0.626,50.6376953125,,,,,1.0,320.0,2.505149978319906,40.0,0.0,0.0,0.0,0.0,40.0,,0,0.0,0.0,0,,0.012362331976934796,,0,0,0,openllmperf_14,single,0,scale_reference,inference-only; no fine-tuning method or training energy,open_llm_perf_leaderboard,1,inference_only_no_finetuning_method_applied
openllmperf_15,none_inference_only,medium,llama,10.0,0.0,16,0.0,,ok,1,,0.626,9.3818359375,,,,,1.0,160.0,2.2041199826559246,20.0,0.0,0.0,0.0,0.0,20.0,,0,0.0,0.0,0,,0.06672467992089101,,0,0,0,openllmperf_15,single,0,scale_reference,inference-only; no fine-tuning method or training energy,open_llm_perf_leaderboard,1,inference_only_no_finetuning_method_applied
openllmperf_16,none_inference_only,medium,other,6.0,0.0,16,0.0,,ok,1,,0.48200000000000004,13.6708984375,,,,,0.7781512503836436,96.0,1.9822712330395684,12.0,0.0,0.0,0.0,0.0,12.0,,0,0.0,0.0,0,,0.03525737552682335,,0,0,0,openllmperf_16,single,0,scale_reference,inference-only; no fine-tuning method or training energy,open_llm_perf_leaderboard,1,inference_only_no_finetuning_method_applied
openllmperf_17,none_inference_only,medium,other,6.0,0.0,32,0.0,,ok,1,,0.48200000000000004,13.6708984375,,,,,0.7781512503836436,192.0,2.2833012287035497,24.0,0.0,0.0,0.0,0.0,24.0,,0,0.0,0.0,0,,0.03525737552682335,,0,0,0,openllmperf_17,single,0,scale_reference,inference-only; no fine-tuning method or training energy,open_llm_perf_leaderboard,1,inference_only_no_finetuning_method_applied
openllmperf_18,none_inference_only,medium,other,6.0,0.0,16,0.0,,ok,1,,0.48200000000000004,13.6708984375,,,,,0.7781512503836436,96.0,1.9822712330395684,12.0,0.0,0.0,0.0,0.0,12.0,,0,0.0,0.0,0,,0.03525737552682335,,0,0,0,openllmperf_18,single,0,scale_reference,inference-only; no fine-tuning method or training energy,open_llm_perf_leaderboard,1,inference_only_no_finetuning_method_applied
openllmperf_19,none_inference_only,medium,other,6.0,0.0,16,0.0,,ok,1,,0.48200000000000004,13.6708984375,,,,,0.7781512503836436,96.0,1.9822712330395684,12.0,0.0,0.0,0.0,0.0,12.0,,0,0.0,0.0,0,,0.03525737552682335,,0,0,0,openllmperf_19,single,0,scale_reference,inference-only; no fine-tuning method or training energy,open_llm_perf_leaderboard,1,inference_only_no_finetuning_method_applied
openllmperf_20,none_inference_only,medium,llama,10.0,0.0,16,0.0,,ok,1,,0.626,9.3818359375,,,,,1.0,160.0,2.2041199826559246,20.0,0.0,0.0,0.0,0.0,20.0,,0,0.0,0.0,0,,0.06672467992089101,,0,0,0,openllmperf_20,single,0,scale_reference,inference-only; no fine-tuning method or training energy,open_llm_perf_leaderboard,1,inference_only_no_finetuning_method_applied
openllmperf_21,none_inference_only,large,other,30.0,0.0,16,0.0,,ok,1,,0.612,57.7919921875,,,,,1.4771212547196624,480.0,2.681241237375587,60.0,0.0,0.0,0.0,0.0,60.0,,0,0.0,0.0,0,,0.010589702428226228,,0,0,0,openllmperf_21,single,0,scale_reference,inference-only; no fine-tuning method or training energy,open_llm_perf_leaderboard,1,inference_only_no_finetuning_method_applied
openllmperf_22,none_inference_only,medium,other,7.0,0.0,32,0.0,,ok,1,,0.474,28.1904296875,,,,,0.8450980400142568,224.0,2.3502480183341627,28.0,0.0,0.0,0.0,0.0,28.0,,0,0.0,0.0,0,,0.016814216925901546,,0,0,0,openllmperf_22,single,0,scale_reference,inference-only; no fine-tuning method or training energy,open_llm_perf_leaderboard,1,inference_only_no_finetuning_method_applied
openllmperf_23,none_inference_only,large,other,20.0,0.0,32,0.0,,ok,1,,0.5579999999999999,59.8662109375,,,,,1.3010299956639813,640.0,2.806179973983887,80.0,0.0,0.0,0.0,0.0,80.0,,0,0.0,0.0,0,,0.009320783648434822,,0,0,0,openllmperf_23,single,0,scale_reference,inference-only; no fine-tuning method or training energy,open_llm_perf_leaderboard,1,inference_only_no_finetuning_method_applied
openllmperf_24,none_inference_only,medium,other,7.0,0.0,16,0.0,,ok,1,,0.419,14.3994140625,,,,,0.8450980400142568,112.0,2.0492180226701815,14.0,0.0,0.0,0.0,0.0,14.0,,0,0.0,0.0,0,,0.029098406239403185,,0,0,0,openllmperf_24,single,0,scale_reference,inference-only; no fine-tuning method or training energy,open_llm_perf_leaderboard,1,inference_only_no_finetuning_method_applied
openllmperf_25,none_inference_only,medium,other,7.0,0.0,16,0.0,,ok,1,,0.474,15.1494140625,,,,,0.8450980400142568,112.0,2.0492180226701815,14.0,0.0,0.0,0.0,0.0,14.0,,0,0.0,0.0,0,,0.03128833881260878,,0,0,0,openllmperf_25,single,0,scale_reference,inference-only; no fine-tuning method or training energy,open_llm_perf_leaderboard,1,inference_only_no_finetuning_method_applied
openllmperf_26,none_inference_only,medium,other,7.0,0.0,16,0.0,,ok,1,,0.426,14.3994140625,,,,,0.8450980400142568,112.0,2.0492180226701815,14.0,0.0,0.0,0.0,0.0,14.0,,0,0.0,0.0,0,,0.029584537131230926,,0,0,0,openllmperf_26,single,0,scale_reference,inference-only; no fine-tuning method or training energy,open_llm_perf_leaderboard,1,inference_only_no_finetuning_method_applied
openllmperf_27,none_inference_only,small,llama,3.0,0.0,32,0.0,,ok,1,,0.434,14.9443359375,,,,,0.47712125471966244,96.0,1.9822712330395684,12.0,0.0,0.0,0.0,0.0,12.0,,0,0.0,0.0,0,,0.02904110305168921,,0,0,0,openllmperf_27,single,0,scale_reference,inference-only; no fine-tuning method or training energy,open_llm_perf_leaderboard,1,inference_only_no_finetuning_method_applied
openllmperf_28,none_inference_only,medium,other,7.0,0.0,16,0.0,,ok,1,,0.419,14.3994140625,,,,,0.8450980400142568,112.0,2.0492180226701815,14.0,0.0,0.0,0.0,0.0,14.0,,0,0.0,0.0,0,,0.029098406239403185,,0,0,0,openllmperf_28,single,0,scale_reference,inference-only; no fine-tuning method or training energy,open_llm_perf_leaderboard,1,inference_only_no_finetuning_method_applied
openllmperf_29,none_inference_only,medium,other,5.0,0.0,16,0.0,,ok,1,,0.39899999999999997,11.4951171875,,,,,0.6989700043360189,80.0,1.9030899869919435,10.0,0.0,0.0,0.0,0.0,10.0,,0,0.0,0.0,0,,0.034710389941381356,,0,0,0,openllmperf_29,single,0,scale_reference,inference-only; no fine-tuning method or training energy,open_llm_perf_leaderboard,1,inference_only_no_finetuning_method_applied
openllmperf_30,none_inference_only,medium,other,5.0,0.0,16,0.0,,ok,1,,0.39899999999999997,11.4970703125,,,,,0.6989700043360189,80.0,1.9030899869919435,10.0,0.0,0.0,0.0,0.0,10.0,,0,0.0,0.0,0,,0.0347044933322008,,0,0,0,openllmperf_30,single,0,scale_reference,inference-only; no fine-tuning method or training energy,open_llm_perf_leaderboard,1,inference_only_no_finetuning_method_applied
openllmperf_31,none_inference_only,small,llama,3.0,0.0,16,0.0,,ok,1,,0.434,8.5400390625,,,,,0.47712125471966244,48.0,1.6812412373755872,6.0,0.0,0.0,0.0,0.0,6.0,,0,0.0,0.0,0,,0.05081943967981704,,0,0,0,openllmperf_31,single,0,scale_reference,inference-only; no fine-tuning method or training energy,open_llm_perf_leaderboard,1,inference_only_no_finetuning_method_applied
openllmperf_32,none_inference_only,medium,other,10.0,0.0,16,0.0,,ok,1,,0.426,25.9384765625,,,,,1.0,160.0,2.2041199826559246,20.0,0.0,0.0,0.0,0.0,20.0,,0,0.0,0.0,0,,0.016423478031700613,,0,0,0,openllmperf_32,single,0,scale_reference,inference-only; no fine-tuning method or training energy,open_llm_perf_leaderboard,1,inference_only_no_finetuning_method_applied
openllmperf_33,none_inference_only,small,other,3.0,0.0,16,0.0,,ok,1,,0.406,7.1220703125,,,,,0.47712125471966244,48.0,1.6812412373755872,6.0,0.0,0.0,0.0,0.0,6.0,,0,0.0,0.0,0,,0.0570058960647196,,0,0,0,openllmperf_33,single,0,scale_reference,inference-only; no fine-tuning method or training energy,open_llm_perf_leaderboard,1,inference_only_no_finetuning_method_applied
openllmperf_34,none_inference_only,medium,other,5.0,0.0,16,0.0,,ok,1,,0.39899999999999997,11.4951171875,,,,,0.6989700043360189,80.0,1.9030899869919435,10.0,0.0,0.0,0.0,0.0,10.0,,0,0.0,0.0,0,,0.034710389941381356,,0,0,0,openllmperf_34,single,0,scale_reference,inference-only; no fine-tuning method or training energy,open_llm_perf_leaderboard,1,inference_only_no_finetuning_method_applied
openllmperf_35,none_inference_only,medium,other,5.0,0.0,16,0.0,,ok,1,,0.39899999999999997,11.4951171875,,,,,0.6989700043360189,80.0,1.9030899869919435,10.0,0.0,0.0,0.0,0.0,10.0,,0,0.0,0.0,0,,0.034710389941381356,,0,0,0,openllmperf_35,single,0,scale_reference,inference-only; no fine-tuning method or training energy,open_llm_perf_leaderboard,1,inference_only_no_finetuning_method_applied
openllmperf_36,none_inference_only,medium,other,5.0,0.0,16,0.0,,ok,1,,0.39899999999999997,11.4951171875,,,,,0.6989700043360189,80.0,1.9030899869919435,10.0,0.0,0.0,0.0,0.0,10.0,,0,0.0,0.0,0,,0.034710389941381356,,0,0,0,openllmperf_36,single,0,scale_reference,inference-only; no fine-tuning method or training energy,open_llm_perf_leaderboard,1,inference_only_no_finetuning_method_applied
openllmperf_37,none_inference_only,small,llama,3.0,0.0,16,0.0,,ok,1,,0.434,8.5400390625,,,,,0.47712125471966244,48.0,1.6812412373755872,6.0,0.0,0.0,0.0,0.0,6.0,,0,0.0,0.0,0,,0.05081943967981704,,0,0,0,openllmperf_37,single,0,scale_reference,inference-only; no fine-tuning method or training energy,open_llm_perf_leaderboard,1,inference_only_no_finetuning_method_applied
openllmperf_38,none_inference_only,small,other,3.0,0.0,32,0.0,,ok,1,,0.406,12.0009765625,,,,,0.47712125471966244,96.0,1.9822712330395684,12.0,0.0,0.0,0.0,0.0,12.0,,0,0.0,0.0,0,,0.033830580193669135,,0,0,0,openllmperf_38,single,0,scale_reference,inference-only; no fine-tuning method or training energy,open_llm_perf_leaderboard,1,inference_only_no_finetuning_method_applied
openllmperf_39,none_inference_only,medium,other,7.0,0.0,32,0.0,,ok,1,,0.426,26.8017578125,,,,,0.8450980400142568,224.0,2.3502480183341627,28.0,0.0,0.0,0.0,0.0,28.0,,0,0.0,0.0,0,,0.015894479868828564,,0,0,0,openllmperf_39,single,0,scale_reference,inference-only; no fine-tuning method or training energy,open_llm_perf_leaderboard,1,inference_only_no_finetuning_method_applied
openllmperf_40,none_inference_only,medium,other,7.0,0.0,16,0.0,,ok,1,,0.396,14.5146484375,,,,,0.8450980400142568,112.0,2.0492180226701815,14.0,0.0,0.0,0.0,0.0,14.0,,0,0.0,0.0,0,,0.027282782749108527,,0,0,0,openllmperf_40,single,0,scale_reference,inference-only; no fine-tuning method or training energy,open_llm_perf_leaderboard,1,inference_only_no_finetuning_method_applied
openllmperf_41,none_inference_only,medium,other,7.0,0.0,16,0.0,,ok,1,,0.396,14.5146484375,,,,,0.8450980400142568,112.0,2.0492180226701815,14.0,0.0,0.0,0.0,0.0,14.0,,0,0.0,0.0,0,,0.027282782749108527,,0,0,0,openllmperf_41,single,0,scale_reference,inference-only; no fine-tuning method or training energy,open_llm_perf_leaderboard,1,inference_only_no_finetuning_method_applied
openllmperf_42,none_inference_only,small,other,3.0,0.0,16,0.0,,ok,1,,0.406,7.1220703125,,,,,0.47712125471966244,48.0,1.6812412373755872,6.0,0.0,0.0,0.0,0.0,6.0,,0,0.0,0.0,0,,0.0570058960647196,,0,0,0,openllmperf_42,single,0,scale_reference,inference-only; no fine-tuning method or training energy,open_llm_perf_leaderboard,1,inference_only_no_finetuning_method_applied
openllmperf_43,none_inference_only,medium,other,7.0,0.0,16,0.0,,ok,1,,0.474,6.7763671875,,,,,0.8450980400142568,112.0,2.0492180226701815,14.0,0.0,0.0,0.0,0.0,14.0,,0,0.0,0.0,0,,0.06994898400345871,,0,0,0,openllmperf_43,single,0,scale_reference,inference-only; no fine-tuning method or training energy,open_llm_perf_leaderboard,1,inference_only_no_finetuning_method_applied
openllmperf_44,none_inference_only,small,other,3.0,0.0,32,0.0,,ok,1,,0.401,11.9990234375,,,,,0.47712125471966244,96.0,1.9822712330395684,12.0,0.0,0.0,0.0,0.0,12.0,,0,0.0,0.0,0,,0.033419386343289656,,0,0,0,openllmperf_44,single,0,scale_reference,inference-only; no fine-tuning method or training energy,open_llm_perf_leaderboard,1,inference_only_no_finetuning_method_applied
openllmperf_45,none_inference_only,medium,other,7.0,0.0,16,0.0,,ok,1,,0.419,5.8115234375,,,,,0.8450980400142568,112.0,2.0492180226701815,14.0,0.0,0.0,0.0,0.0,14.0,,0,0.0,0.0,0,,0.07209813476726601,,0,0,0,openllmperf_45,single,0,scale_reference,inference-only; no fine-tuning method or training energy,open_llm_perf_leaderboard,1,inference_only_no_finetuning_method_applied
openllmperf_46,none_inference_only,small,other,1.0,0.0,16,0.0,,ok,1,,0.384,4.6259765625,,,,,0.0,16.0,1.2041199826559248,2.0,0.0,0.0,0.0,0.0,2.0,,0,0.0,0.0,0,,0.0830094996833439,,0,0,0,openllmperf_46,single,0,scale_reference,inference-only; no fine-tuning method or training energy,open_llm_perf_leaderboard,1,inference_only_no_finetuning_method_applied
openllmperf_47,none_inference_only,small,other,3.0,0.0,16,0.0,,ok,1,,0.401,7.1220703125,,,,,0.47712125471966244,48.0,1.6812412373755872,6.0,0.0,0.0,0.0,0.0,6.0,,0,0.0,0.0,0,,0.056303853009735366,,0,0,0,openllmperf_47,single,0,scale_reference,inference-only; no fine-tuning method or training energy,open_llm_perf_leaderboard,1,inference_only_no_finetuning_method_applied
openllmperf_48,none_inference_only,medium,other,7.0,0.0,32,0.0,,ok,1,,0.419,26.8017578125,,,,,0.8450980400142568,224.0,2.3502480183341627,28.0,0.0,0.0,0.0,0.0,28.0,,0,0.0,0.0,0,,0.015633302969575515,,0,0,0,openllmperf_48,single,0,scale_reference,inference-only; no fine-tuning method or training energy,open_llm_perf_leaderboard,1,inference_only_no_finetuning_method_applied
openllmperf_49,none_inference_only,small,llama,3.0,0.0,16,0.0,,ok,1,,0.434,4.1552734375,,,,,0.47712125471966244,48.0,1.6812412373755872,6.0,0.0,0.0,0.0,0.0,6.0,,0,0.0,0.0,0,,0.10444559341950646,,0,0,0,openllmperf_49,single,0,scale_reference,inference-only; no fine-tuning method or training energy,open_llm_perf_leaderboard,1,inference_only_no_finetuning_method_applied
openllmperf_50,none_inference_only,medium,other,7.0,0.0,16,0.0,,ok,1,,0.426,5.8115234375,,,,,0.8450980400142568,112.0,2.0492180226701815,14.0,0.0,0.0,0.0,0.0,14.0,,0,0.0,0.0,0,,0.0733026382120652,,0,0,0,openllmperf_50,single,0,scale_reference,inference-only; no fine-tuning method or training energy,open_llm_perf_leaderboard,1,inference_only_no_finetuning_method_applied
openllmperf_51,none_inference_only,large,other,30.0,0.0,16,0.0,,ok,1,,0.486,18.2099609375,,,,,1.4771212547196624,480.0,2.681241237375587,60.0,0.0,0.0,0.0,0.0,60.0,,0,0.0,0.0,0,,0.026688689869684132,,0,0,0,openllmperf_51,single,0,scale_reference,inference-only; no fine-tuning method or training energy,open_llm_perf_leaderboard,1,inference_only_no_finetuning_method_applied
openllmperf_52,none_inference_only,medium,other,7.0,0.0,16,0.0,,ok,1,,0.469,14.8857421875,,,,,0.8450980400142568,112.0,2.0492180226701815,14.0,0.0,0.0,0.0,0.0,14.0,,0,0.0,0.0,0,,0.031506658794200615,,0,0,0,openllmperf_52,single,0,scale_reference,inference-only; no fine-tuning method or training energy,open_llm_perf_leaderboard,1,inference_only_no_finetuning_method_applied
openllmperf_53,none_inference_only,medium,other,7.0,0.0,16,0.0,,ok,1,,0.396,14.5146484375,,,,,0.8450980400142568,112.0,2.0492180226701815,14.0,0.0,0.0,0.0,0.0,14.0,,0,0.0,0.0,0,,0.027282782749108527,,0,0,0,openllmperf_53,single,0,scale_reference,inference-only; no fine-tuning method or training energy,open_llm_perf_leaderboard,1,inference_only_no_finetuning_method_applied
openllmperf_54,none_inference_only,small,other,1.0,0.0,16,0.0,,ok,1,,0.384,4.6259765625,,,,,0.0,16.0,1.2041199826559248,2.0,0.0,0.0,0.0,0.0,2.0,,0,0.0,0.0,0,,0.0830094996833439,,0,0,0,openllmperf_54,single,0,scale_reference,inference-only; no fine-tuning method or training energy,open_llm_perf_leaderboard,1,inference_only_no_finetuning_method_applied
openllmperf_55,none_inference_only,small,other,1.0,0.0,32,0.0,,ok,1,,0.384,6.8974609375,,,,,0.0,32.0,1.505149978319906,4.0,0.0,0.0,0.0,0.0,4.0,,0,0.0,0.0,0,,0.05567266034263061,,0,0,0,openllmperf_55,single,0,scale_reference,inference-only; no fine-tuning method or training energy,open_llm_perf_leaderboard,1,inference_only_no_finetuning_method_applied
openllmperf_56,none_inference_only,small,llama,3.0,0.0,16,0.0,,ok,1,,0.434,4.1552734375,,,,,0.47712125471966244,48.0,1.6812412373755872,6.0,0.0,0.0,0.0,0.0,6.0,,0,0.0,0.0,0,,0.10444559341950646,,0,0,0,openllmperf_56,single,0,scale_reference,inference-only; no fine-tuning method or training energy,open_llm_perf_leaderboard,1,inference_only_no_finetuning_method_applied
openllmperf_57,none_inference_only,medium,other,9.0,0.0,16,0.0,,ok,1,,0.39799999999999996,15.9697265625,,,,,0.9542425094393249,144.0,2.1583624920952498,18.0,0.0,0.0,0.0,0.0,18.0,,0,0.0,0.0,0,,0.024922154956277132,,0,0,0,openllmperf_57,single,0,scale_reference,inference-only; no fine-tuning method or training energy,open_llm_perf_leaderboard,1,inference_only_no_finetuning_method_applied
openllmperf_58,none_inference_only,medium,other,7.0,0.0,16,0.0,,ok,1,,0.396,14.5146484375,,,,,0.8450980400142568,112.0,2.0492180226701815,14.0,0.0,0.0,0.0,0.0,14.0,,0,0.0,0.0,0,,0.027282782749108527,,0,0,0,openllmperf_58,single,0,scale_reference,inference-only; no fine-tuning method or training energy,open_llm_perf_leaderboard,1,inference_only_no_finetuning_method_applied
openllmperf_59,none_inference_only,medium,other,7.0,0.0,16,0.0,,ok,1,,0.396,14.5146484375,,,,,0.8450980400142568,112.0,2.0492180226701815,14.0,0.0,0.0,0.0,0.0,14.0,,0,0.0,0.0,0,,0.027282782749108527,,0,0,0,openllmperf_59,single,0,scale_reference,inference-only; no fine-tuning method or training energy,open_llm_perf_leaderboard,1,inference_only_no_finetuning_method_applied
openllmperf_60,none_inference_only,medium,other,10.0,0.0,16,0.0,,ok,1,,0.426,25.9384765625,,,,,1.0,160.0,2.2041199826559246,20.0,0.0,0.0,0.0,0.0,20.0,,0,0.0,0.0,0,,0.016423478031700613,,0,0,0,openllmperf_60,single,0,scale_reference,inference-only; no fine-tuning method or training energy,open_llm_perf_leaderboard,1,inference_only_no_finetuning_method_applied
openllmperf_61,none_inference_only,medium,other,7.0,0.0,16,0.0,,ok,1,,0.419,5.8115234375,,,,,0.8450980400142568,112.0,2.0492180226701815,14.0,0.0,0.0,0.0,0.0,14.0,,0,0.0,0.0,0,,0.07209813476726601,,0,0,0,openllmperf_61,single,0,scale_reference,inference-only; no fine-tuning method or training energy,open_llm_perf_leaderboard,1,inference_only_no_finetuning_method_applied
openllmperf_62,none_inference_only,large,llama,30.0,0.0,16,0.0,,ok,1,,0.67,63.0830078125,,,,,1.4771212547196624,480.0,2.681241237375587,60.0,0.0,0.0,0.0,0.0,60.0,,0,0.0,0.0,0,,0.010620926668421135,,0,0,0,openllmperf_62,single,0,scale_reference,inference-only; no fine-tuning method or training energy,open_llm_perf_leaderboard,1,inference_only_no_finetuning_method_applied
openllmperf_63,none_inference_only,medium,other,10.0,0.0,16,0.0,,ok,1,,0.426,9.1025390625,,,,,1.0,160.0,2.2041199826559246,20.0,0.0,0.0,0.0,0.0,20.0,,0,0.0,0.0,0,,0.04680012874155134,,0,0,0,openllmperf_63,single,0,scale_reference,inference-only; no fine-tuning method or training energy,open_llm_perf_leaderboard,1,inference_only_no_finetuning_method_applied
openllmperf_64,none_inference_only,small,other,3.0,0.0,16,0.0,,ok,1,,0.406,3.5908203125,,,,,0.47712125471966244,48.0,1.6812412373755872,6.0,0.0,0.0,0.0,0.0,6.0,,0,0.0,0.0,0,,0.11306608648354638,,0,0,0,openllmperf_64,single,0,scale_reference,inference-only; no fine-tuning method or training energy,open_llm_perf_leaderboard,1,inference_only_no_finetuning_method_applied
openllmperf_65,none_inference_only,medium,other,5.0,0.0,32,0.0,,ok,1,,0.39899999999999997,20.8955078125,,,,,0.6989700043360189,160.0,2.2041199826559246,20.0,0.0,0.0,0.0,0.0,20.0,,0,0.0,0.0,0,,0.019095013319624245,,0,0,0,openllmperf_65,single,0,scale_reference,inference-only; no fine-tuning method or training energy,open_llm_perf_leaderboard,1,inference_only_no_finetuning_method_applied
openllmperf_66,none_inference_only,small,other,1.0,0.0,32,0.0,,ok,1,,0.38,6.9853515625,,,,,0.0,32.0,1.505149978319906,4.0,0.0,0.0,0.0,0.0,4.0,,0,0.0,0.0,0,,0.05439955263525793,,0,0,0,openllmperf_66,single,0,scale_reference,inference-only; no fine-tuning method or training energy,open_llm_perf_leaderboard,1,inference_only_no_finetuning_method_applied
openllmperf_67,none_inference_only,small,other,1.0,0.0,16,0.0,,ok,1,,0.384,2.8310546875,,,,,0.0,16.0,1.2041199826559248,2.0,0.0,0.0,0.0,0.0,2.0,,0,0.0,0.0,0,,0.13563849603311487,,0,0,0,openllmperf_67,single,0,scale_reference,inference-only; no fine-tuning method or training energy,open_llm_perf_leaderboard,1,inference_only_no_finetuning_method_applied
openllmperf_68,none_inference_only,medium,other,10.0,0.0,16,0.0,,ok,1,,0.408,26.0927734375,,,,,1.0,160.0,2.2041199826559246,20.0,0.0,0.0,0.0,0.0,20.0,,0,0.0,0.0,0,,0.015636513342565213,,0,0,0,openllmperf_68,single,0,scale_reference,inference-only; no fine-tuning method or training energy,open_llm_perf_leaderboard,1,inference_only_no_finetuning_method_applied
openllmperf_69,none_inference_only,medium,other,10.0,0.0,16,0.0,,ok,1,,0.408,26.0927734375,,,,,1.0,160.0,2.2041199826559246,20.0,0.0,0.0,0.0,0.0,20.0,,0,0.0,0.0,0,,0.015636513342565213,,0,0,0,openllmperf_69,single,0,scale_reference,inference-only; no fine-tuning method or training energy,open_llm_perf_leaderboard,1,inference_only_no_finetuning_method_applied
openllmperf_70,none_inference_only,small,other,1.0,0.0,16,0.0,,ok,1,,0.38,4.6259765625,,,,,0.0,16.0,1.2041199826559248,2.0,0.0,0.0,0.0,0.0,2.0,,0,0.0,0.0,0,,0.08214481739497573,,0,0,0,openllmperf_70,single,0,scale_reference,inference-only; no fine-tuning method or training energy,open_llm_perf_leaderboard,1,inference_only_no_finetuning_method_applied
openllmperf_71,none_inference_only,medium,other,8.0,0.0,16,0.0,,ok,1,,0.384,7.2451171875,,,,,0.9030899869919435,128.0,2.1072099696478683,16.0,0.0,0.0,0.0,0.0,16.0,,0,0.0,0.0,0,,0.05300121310149616,,0,0,0,openllmperf_71,single,0,scale_reference,inference-only; no fine-tuning method or training energy,open_llm_perf_leaderboard,1,inference_only_no_finetuning_method_applied
openllmperf_72,none_inference_only,small,other,1.0,0.0,16,0.0,,ok,1,,0.384,2.8310546875,,,,,0.0,16.0,1.2041199826559248,2.0,0.0,0.0,0.0,0.0,2.0,,0,0.0,0.0,0,,0.13563849603311487,,0,0,0,openllmperf_72,single,0,scale_reference,inference-only; no fine-tuning method or training energy,open_llm_perf_leaderboard,1,inference_only_no_finetuning_method_applied
openllmperf_73,none_inference_only,small,other,3.0,0.0,32,0.0,,ok,1,,0.39,12.1142578125,,,,,0.47712125471966244,96.0,1.9822712330395684,12.0,0.0,0.0,0.0,0.0,12.0,,0,0.0,0.0,0,,0.032193470374848855,,0,0,0,openllmperf_73,single,0,scale_reference,inference-only; no fine-tuning method or training energy,open_llm_perf_leaderboard,1,inference_only_no_finetuning_method_applied
openllmperf_74,none_inference_only,small,other,3.0,0.0,16,0.0,,ok,1,,0.406,3.5908203125,,,,,0.47712125471966244,48.0,1.6812412373755872,6.0,0.0,0.0,0.0,0.0,6.0,,0,0.0,0.0,0,,0.11306608648354638,,0,0,0,openllmperf_74,single,0,scale_reference,inference-only; no fine-tuning method or training energy,open_llm_perf_leaderboard,1,inference_only_no_finetuning_method_applied
openllmperf_75,none_inference_only,medium,other,8.0,0.0,16,0.0,,ok,1,,0.384,16.8994140625,,,,,0.9030899869919435,128.0,2.1072099696478683,16.0,0.0,0.0,0.0,0.0,16.0,,0,0.0,0.0,0,,0.02272268130598093,,0,0,0,openllmperf_75,single,0,scale_reference,inference-only; no fine-tuning method or training energy,open_llm_perf_leaderboard,1,inference_only_no_finetuning_method_applied
openllmperf_76,none_inference_only,medium,other,10.0,0.0,16,0.0,,ok,1,,0.408,26.0927734375,,,,,1.0,160.0,2.2041199826559246,20.0,0.0,0.0,0.0,0.0,20.0,,0,0.0,0.0,0,,0.015636513342565213,,0,0,0,openllmperf_76,single,0,scale_reference,inference-only; no fine-tuning method or training energy,open_llm_perf_leaderboard,1,inference_only_no_finetuning_method_applied
openllmperf_77,none_inference_only,medium,other,10.0,0.0,16,0.0,,ok,1,,0.408,26.0927734375,,,,,1.0,160.0,2.2041199826559246,20.0,0.0,0.0,0.0,0.0,20.0,,0,0.0,0.0,0,,0.015636513342565213,,0,0,0,openllmperf_77,single,0,scale_reference,inference-only; no fine-tuning method or training energy,open_llm_perf_leaderboard,1,inference_only_no_finetuning_method_applied
openllmperf_78,none_inference_only,medium,other,10.0,0.0,16,0.0,,ok,1,,0.408,26.0927734375,,,,,1.0,160.0,2.2041199826559246,20.0,0.0,0.0,0.0,0.0,20.0,,0,0.0,0.0,0,,0.015636513342565213,,0,0,0,openllmperf_78,single,0,scale_reference,inference-only; no fine-tuning method or training energy,open_llm_perf_leaderboard,1,inference_only_no_finetuning_method_applied
openllmperf_79,none_inference_only,medium,other,8.0,0.0,16,0.0,,ok,1,,0.384,7.2451171875,,,,,0.9030899869919435,128.0,2.1072099696478683,16.0,0.0,0.0,0.0,0.0,16.0,,0,0.0,0.0,0,,0.05300121310149616,,0,0,0,openllmperf_79,single,0,scale_reference,inference-only; no fine-tuning method or training energy,open_llm_perf_leaderboard,1,inference_only_no_finetuning_method_applied
openllmperf_80,none_inference_only,small,other,3.0,0.0,16,0.0,,ok,1,,0.39,7.3017578125,,,,,0.47712125471966244,48.0,1.6812412373755872,6.0,0.0,0.0,0.0,0.0,6.0,,0,0.0,0.0,0,,0.05341179617493647,,0,0,0,openllmperf_80,single,0,scale_reference,inference-only; no fine-tuning method or training energy,open_llm_perf_leaderboard,1,inference_only_no_finetuning_method_applied
openllmperf_81,none_inference_only,small,other,1.0,0.0,16,0.0,,ok,1,,0.38,2.9130859375,,,,,0.0,16.0,1.2041199826559248,2.0,0.0,0.0,0.0,0.0,2.0,,0,0.0,0.0,0,,0.13044585987261145,,0,0,0,openllmperf_81,single,0,scale_reference,inference-only; no fine-tuning method or training energy,open_llm_perf_leaderboard,1,inference_only_no_finetuning_method_applied
openllmperf_82,none_inference_only,medium,other,9.0,0.0,32,0.0,,ok,1,,0.39799999999999996,29.9423828125,,,,,0.9542425094393249,288.0,2.459392487759231,36.0,0.0,0.0,0.0,0.0,36.0,,0,0.0,0.0,0,,0.013292195296957045,,0,0,0,openllmperf_82,single,0,scale_reference,inference-only; no fine-tuning method or training energy,open_llm_perf_leaderboard,1,inference_only_no_finetuning_method_applied
openllmperf_83,none_inference_only,medium,other,8.0,0.0,16,0.0,,ok,1,,0.384,16.8994140625,,,,,0.9030899869919435,128.0,2.1072099696478683,16.0,0.0,0.0,0.0,0.0,16.0,,0,0.0,0.0,0,,0.02272268130598093,,0,0,0,openllmperf_83,single,0,scale_reference,inference-only; no fine-tuning method or training energy,open_llm_perf_leaderboard,1,inference_only_no_finetuning_method_applied
openllmperf_84,none_inference_only,medium,other,6.0,0.0,16,0.0,,ok,1,,0.496,13.3955078125,,,,,0.7781512503836436,96.0,1.9822712330395684,12.0,0.0,0.0,0.0,0.0,12.0,,0,0.0,0.0,0,,0.037027338339287015,,0,0,0,openllmperf_84,single,0,scale_reference,inference-only; no fine-tuning method or training energy,open_llm_perf_leaderboard,1,inference_only_no_finetuning_method_applied
openllmperf_85,none_inference_only,small,other,3.0,0.0,16,0.0,,ok,1,,0.36200000000000004,7.1767578125,,,,,0.47712125471966244,48.0,1.6812412373755872,6.0,0.0,0.0,0.0,0.0,6.0,,0,0.0,0.0,0,,0.05044060416383182,,0,0,0,openllmperf_85,single,0,scale_reference,inference-only; no fine-tuning method or training energy,open_llm_perf_leaderboard,1,inference_only_no_finetuning_method_applied
openllmperf_86,none_inference_only,medium,other,7.0,0.0,16,0.0,,ok,1,,0.469,6.2998046875,,,,,0.8450980400142568,112.0,2.0492180226701815,14.0,0.0,0.0,0.0,0.0,14.0,,0,0.0,0.0,0,,0.07444675244148194,,0,0,0,openllmperf_86,single,0,scale_reference,inference-only; no fine-tuning method or training energy,open_llm_perf_leaderboard,1,inference_only_no_finetuning_method_applied
openllmperf_87,none_inference_only,small,other,3.0,0.0,16,0.0,,ok,1,,0.36200000000000004,7.1767578125,,,,,0.47712125471966244,48.0,1.6812412373755872,6.0,0.0,0.0,0.0,0.0,6.0,,0,0.0,0.0,0,,0.05044060416383182,,0,0,0,openllmperf_87,single,0,scale_reference,inference-only; no fine-tuning method or training energy,open_llm_perf_leaderboard,1,inference_only_no_finetuning_method_applied
openllmperf_88,none_inference_only,small,other,1.0,0.0,16,0.0,,ok,1,,0.38299999999999995,4.7177734375,,,,,0.0,16.0,1.2041199826559248,2.0,0.0,0.0,0.0,0.0,2.0,,0,0.0,0.0,0,,0.08118236389981369,,0,0,0,openllmperf_88,single,0,scale_reference,inference-only; no fine-tuning method or training energy,open_llm_perf_leaderboard,1,inference_only_no_finetuning_method_applied
openllmperf_89,none_inference_only,tiny,other,0.8,0.0,16,0.0,,ok,1,,0.358,4.1865234375,,,,,-0.09691001300805639,12.8,1.1072099696478683,1.6,0.0,0.0,0.0,0.0,1.6,,0,0.0,0.0,0,,0.08551247958945649,,0,0,0,openllmperf_89,single,0,scale_reference,inference-only; no fine-tuning method or training energy,open_llm_perf_leaderboard,1,inference_only_no_finetuning_method_applied
openllmperf_90,none_inference_only,medium,other,9.0,0.0,16,0.0,,ok,1,,0.39799999999999996,7.3837890625,,,,,0.9542425094393249,144.0,2.1583624920952498,18.0,0.0,0.0,0.0,0.0,18.0,,0,0.0,0.0,0,,0.05390186483269408,,0,0,0,openllmperf_90,single,0,scale_reference,inference-only; no fine-tuning method or training energy,open_llm_perf_leaderboard,1,inference_only_no_finetuning_method_applied
openllmperf_91,none_inference_only,small,other,3.0,0.0,16,0.0,,ok,1,,0.428,7.4130859375,,,,,0.47712125471966244,48.0,1.6812412373755872,6.0,0.0,0.0,0.0,0.0,6.0,,0,0.0,0.0,0,,0.057735739691740215,,0,0,0,openllmperf_91,single,0,scale_reference,inference-only; no fine-tuning method or training energy,open_llm_perf_leaderboard,1,inference_only_no_finetuning_method_applied
openllmperf_92,none_inference_only,small,other,1.0,0.0,16,0.0,,ok,1,,0.38,2.9130859375,,,,,0.0,16.0,1.2041199826559248,2.0,0.0,0.0,0.0,0.0,2.0,,0,0.0,0.0,0,,0.13044585987261145,,0,0,0,openllmperf_92,single,0,scale_reference,inference-only; no fine-tuning method or training energy,open_llm_perf_leaderboard,1,inference_only_no_finetuning_method_applied
openllmperf_93,none_inference_only,large,llama,30.0,0.0,16,0.0,,ok,1,,0.67,63.0830078125,,,,,1.4771212547196624,480.0,2.681241237375587,60.0,0.0,0.0,0.0,0.0,60.0,,0,0.0,0.0,0,,0.010620926668421135,,0,0,0,openllmperf_93,single,0,scale_reference,inference-only; no fine-tuning method or training energy,open_llm_perf_leaderboard,1,inference_only_no_finetuning_method_applied
openllmperf_94,none_inference_only,medium,other,10.0,0.0,16,0.0,,ok,1,,0.426,9.1025390625,,,,,1.0,160.0,2.2041199826559246,20.0,0.0,0.0,0.0,0.0,20.0,,0,0.0,0.0,0,,0.04680012874155134,,0,0,0,openllmperf_94,single,0,scale_reference,inference-only; no fine-tuning method or training energy,open_llm_perf_leaderboard,1,inference_only_no_finetuning_method_applied
openllmperf_95,none_inference_only,medium,other,10.0,0.0,16,0.0,,ok,1,,0.45399999999999996,9.0810546875,,,,,1.0,160.0,2.2041199826559246,20.0,0.0,0.0,0.0,0.0,20.0,,0,0.0,0.0,0,,0.04999419292397032,,0,0,0,openllmperf_95,single,0,scale_reference,inference-only; no fine-tuning method or training energy,open_llm_perf_leaderboard,1,inference_only_no_finetuning_method_applied
openllmperf_96,none_inference_only,small,other,3.0,0.0,32,0.0,,ok,1,,0.36200000000000004,12.0537109375,,,,,0.47712125471966244,96.0,1.9822712330395684,12.0,0.0,0.0,0.0,0.0,12.0,,0,0.0,0.0,0,,0.03003224499716439,,0,0,0,openllmperf_96,single,0,scale_reference,inference-only; no fine-tuning method or training energy,open_llm_perf_leaderboard,1,inference_only_no_finetuning_method_applied
openllmperf_97,none_inference_only,small,other,3.0,0.0,16,0.0,,ok,1,,0.36200000000000004,7.1787109375,,,,,0.47712125471966244,48.0,1.6812412373755872,6.0,0.0,0.0,0.0,0.0,6.0,,0,0.0,0.0,0,,0.05042688069650388,,0,0,0,openllmperf_97,single,0,scale_reference,inference-only; no fine-tuning method or training energy,open_llm_perf_leaderboard,1,inference_only_no_finetuning_method_applied
openllmperf_98,none_inference_only,small,other,3.0,0.0,16,0.0,,ok,1,,0.36200000000000004,7.1767578125,,,,,0.47712125471966244,48.0,1.6812412373755872,6.0,0.0,0.0,0.0,0.0,6.0,,0,0.0,0.0,0,,0.05044060416383182,,0,0,0,openllmperf_98,single,0,scale_reference,inference-only; no fine-tuning method or training energy,open_llm_perf_leaderboard,1,inference_only_no_finetuning_method_applied
openllmperf_99,none_inference_only,small,other,1.0,0.0,32,0.0,,ok,1,,0.38299999999999995,7.3564453125,,,,,0.0,32.0,1.505149978319906,4.0,0.0,0.0,0.0,0.0,4.0,,0,0.0,0.0,0,,0.052063188636665335,,0,0,0,openllmperf_99,single,0,scale_reference,inference-only; no fine-tuning method or training energy,open_llm_perf_leaderboard,1,inference_only_no_finetuning_method_applied
openllmperf_100,none_inference_only,medium,other,7.0,0.0,16,0.0,,ok,1,,0.469,14.8876953125,,,,,0.8450980400142568,112.0,2.0492180226701815,14.0,0.0,0.0,0.0,0.0,14.0,,0,0.0,0.0,0,,0.03150252541816989,,0,0,0,openllmperf_100,single,0,scale_reference,inference-only; no fine-tuning method or training energy,open_llm_perf_leaderboard,1,inference_only_no_finetuning_method_applied
openllmperf_101,none_inference_only,small,other,3.0,0.0,16,0.0,,ok,1,,0.36200000000000004,7.1767578125,,,,,0.47712125471966244,48.0,1.6812412373755872,6.0,0.0,0.0,0.0,0.0,6.0,,0,0.0,0.0,0,,0.05044060416383182,,0,0,0,openllmperf_101,single,0,scale_reference,inference-only; no fine-tuning method or training energy,open_llm_perf_leaderboard,1,inference_only_no_finetuning_method_applied
openllmperf_102,none_inference_only,medium,other,6.0,0.0,32,0.0,,ok,1,,0.496,24.6669921875,,,,,0.7781512503836436,192.0,2.2833012287035497,24.0,0.0,0.0,0.0,0.0,24.0,,0,0.0,0.0,0,,0.020107842749119125,,0,0,0,openllmperf_102,single,0,scale_reference,inference-only; no fine-tuning method or training energy,open_llm_perf_leaderboard,1,inference_only_no_finetuning_method_applied
openllmperf_103,none_inference_only,medium,other,10.0,0.0,16,0.0,,ok,1,,0.45399999999999996,24.1923828125,,,,,1.0,160.0,2.2041199826559246,20.0,0.0,0.0,0.0,0.0,20.0,,0,0.0,0.0,0,,0.018766237435918137,,0,0,0,openllmperf_103,single,0,scale_reference,inference-only; no fine-tuning method or training energy,open_llm_perf_leaderboard,1,inference_only_no_finetuning_method_applied
openllmperf_104,none_inference_only,medium,other,7.0,0.0,32,0.0,,ok,1,,0.396,26.9169921875,,,,,0.8450980400142568,224.0,2.3502480183341627,28.0,0.0,0.0,0.0,0.0,28.0,,0,0.0,0.0,0,,0.014711896382832058,,0,0,0,openllmperf_104,single,0,scale_reference,inference-only; no fine-tuning method or training energy,open_llm_perf_leaderboard,1,inference_only_no_finetuning_method_applied
openllmperf_105,none_inference_only,small,other,1.0,0.0,16,0.0,,ok,1,,0.38299999999999995,3.1005859375,,,,,0.0,16.0,1.2041199826559248,2.0,0.0,0.0,0.0,0.0,2.0,,0,0.0,0.0,0,,0.12352503937007872,,0,0,0,openllmperf_105,single,0,scale_reference,inference-only; no fine-tuning method or training energy,open_llm_perf_leaderboard,1,inference_only_no_finetuning_method_applied
openllmperf_106,none_inference_only,tiny,other,0.4,0.0,16,0.0,,ok,1,,0.337,3.1435546875,,,,,-0.3979400086720376,6.4,0.8061799739838872,0.8,0.0,0.0,0.0,0.0,0.8,,0,0.0,0.0,0,,0.10720347934141038,,0,0,0,openllmperf_106,single,0,scale_reference,inference-only; no fine-tuning method or training energy,open_llm_perf_leaderboard,1,inference_only_no_finetuning_method_applied
openllmperf_107,none_inference_only,tiny,other,0.4,0.0,32,0.0,,ok,1,,0.337,4.1513671875,,,,,-0.3979400086720376,12.8,1.1072099696478683,1.6,0.0,0.0,0.0,0.0,1.6,,0,0.0,0.0,0,,0.08117807574688309,,0,0,0,openllmperf_107,single,0,scale_reference,inference-only; no fine-tuning method or training energy,open_llm_perf_leaderboard,1,inference_only_no_finetuning_method_applied
openllmperf_108,none_inference_only,small,other,1.0,0.0,16,0.0,,ok,1,,0.38299999999999995,4.7177734375,,,,,0.0,16.0,1.2041199826559248,2.0,0.0,0.0,0.0,0.0,2.0,,0,0.0,0.0,0,,0.08118236389981369,,0,0,0,openllmperf_108,single,0,scale_reference,inference-only; no fine-tuning method or training energy,open_llm_perf_leaderboard,1,inference_only_no_finetuning_method_applied
openllmperf_109,none_inference_only,tiny,other,0.4,0.0,32,0.0,,ok,1,,0.342,3.3330078125,,,,,-0.3979400086720376,12.8,1.1072099696478683,1.6,0.0,0.0,0.0,0.0,1.6,,0,0.0,0.0,0,,0.10261002050981542,,0,0,0,openllmperf_109,single,0,scale_reference,inference-only; no fine-tuning method or training energy,open_llm_perf_leaderboard,1,inference_only_no_finetuning_method_applied
openllmperf_110,none_inference_only,tiny,other,0.4,0.0,16,0.0,,ok,1,,0.342,2.6572265625,,,,,-0.3979400086720376,6.4,0.8061799739838872,0.8,0.0,0.0,0.0,0.0,0.8,,0,0.0,0.0,0,,0.12870562293274532,,0,0,0,openllmperf_110,single,0,scale_reference,inference-only; no fine-tuning method or training energy,open_llm_perf_leaderboard,1,inference_only_no_finetuning_method_applied
openllmperf_111,none_inference_only,small,other,1.0,0.0,16,0.0,,ok,1,,0.335,4.5439453125,,,,,0.0,16.0,1.2041199826559248,2.0,0.0,0.0,0.0,0.0,2.0,,0,0.0,0.0,0,,0.07372447883086182,,0,0,0,openllmperf_111,single,0,scale_reference,inference-only; no fine-tuning method or training energy,open_llm_perf_leaderboard,1,inference_only_no_finetuning_method_applied
openllmperf_112,none_inference_only,small,other,1.0,0.0,16,0.0,,ok,1,,0.335,4.5439453125,,,,,0.0,16.0,1.2041199826559248,2.0,0.0,0.0,0.0,0.0,2.0,,0,0.0,0.0,0,,0.07372447883086182,,0,0,0,openllmperf_112,single,0,scale_reference,inference-only; no fine-tuning method or training energy,open_llm_perf_leaderboard,1,inference_only_no_finetuning_method_applied
openllmperf_113,none_inference_only,medium,other,6.0,0.0,16,0.0,,ok,1,,0.496,13.3955078125,,,,,0.7781512503836436,96.0,1.9822712330395684,12.0,0.0,0.0,0.0,0.0,12.0,,0,0.0,0.0,0,,0.037027338339287015,,0,0,0,openllmperf_113,single,0,scale_reference,inference-only; no fine-tuning method or training energy,open_llm_perf_leaderboard,1,inference_only_no_finetuning_method_applied
openllmperf_114,none_inference_only,small,other,3.0,0.0,16,0.0,,ok,1,,0.39,3.7275390625,,,,,0.47712125471966244,48.0,1.6812412373755872,6.0,0.0,0.0,0.0,0.0,6.0,,0,0.0,0.0,0,,0.10462667015981138,,0,0,0,openllmperf_114,single,0,scale_reference,inference-only; no fine-tuning method or training energy,open_llm_perf_leaderboard,1,inference_only_no_finetuning_method_applied
openllmperf_115,none_inference_only,tiny,other,0.8,0.0,16,0.0,,ok,1,,0.358,3.5869140625,,,,,-0.09691001300805639,12.8,1.1072099696478683,1.6,0.0,0.0,0.0,0.0,1.6,,0,0.0,0.0,0,,0.09980724203648243,,0,0,0,openllmperf_115,single,0,scale_reference,inference-only; no fine-tuning method or training energy,open_llm_perf_leaderboard,1,inference_only_no_finetuning_method_applied
openllmperf_116,none_inference_only,medium,other,4.0,0.0,16,0.0,,ok,1,,0.34299999999999997,9.0205078125,,,,,0.6020599913279624,64.0,1.806179973983887,8.0,0.0,0.0,0.0,0.0,8.0,,0,0.0,0.0,0,,0.038024466818231024,,0,0,0,openllmperf_116,single,0,scale_reference,inference-only; no fine-tuning method or training energy,open_llm_perf_leaderboard,1,inference_only_no_finetuning_method_applied
openllmperf_117,none_inference_only,small,other,3.0,0.0,32,0.0,,ok,1,,0.428,12.5205078125,,,,,0.47712125471966244,96.0,1.9822712330395684,12.0,0.0,0.0,0.0,0.0,12.0,,0,0.0,0.0,0,,0.03418391701115357,,0,0,0,openllmperf_117,single,0,scale_reference,inference-only; no fine-tuning method or training energy,open_llm_perf_leaderboard,1,inference_only_no_finetuning_method_applied
openllmperf_118,none_inference_only,tiny,other,0.4,0.0,16,0.0,,ok,1,,0.327,3.1591796875,,,,,-0.3979400086720376,6.4,0.8061799739838872,0.8,0.0,0.0,0.0,0.0,0.8,,0,0.0,0.0,0,,0.1035078825347759,,0,0,0,openllmperf_118,single,0,scale_reference,inference-only; no fine-tuning method or training energy,open_llm_perf_leaderboard,1,inference_only_no_finetuning_method_applied
openllmperf_119,none_inference_only,tiny,other,0.8,0.0,16,0.0,,ok,1,,0.358,3.5869140625,,,,,-0.09691001300805639,12.8,1.1072099696478683,1.6,0.0,0.0,0.0,0.0,1.6,,0,0.0,0.0,0,,0.09980724203648243,,0,0,0,openllmperf_119,single,0,scale_reference,inference-only; no fine-tuning method or training energy,open_llm_perf_leaderboard,1,inference_only_no_finetuning_method_applied
openllmperf_120,none_inference_only,tiny,other,0.4,0.0,16,0.0,,ok,1,,0.337,2.7001953125,,,,,-0.3979400086720376,6.4,0.8061799739838872,0.8,0.0,0.0,0.0,0.0,0.8,,0,0.0,0.0,0,,0.12480578661844485,,0,0,0,openllmperf_120,single,0,scale_reference,inference-only; no fine-tuning method or training energy,open_llm_perf_leaderboard,1,inference_only_no_finetuning_method_applied
openllmperf_121,none_inference_only,small,other,2.0,0.0,16,0.0,,ok,1,,0.38,5.0048828125,,,,,0.3010299956639812,32.0,1.505149978319906,4.0,0.0,0.0,0.0,0.0,4.0,,0,0.0,0.0,0,,0.07592585365853659,,0,0,0,openllmperf_121,single,0,scale_reference,inference-only; no fine-tuning method or training energy,open_llm_perf_leaderboard,1,inference_only_no_finetuning_method_applied
openllmperf_122,none_inference_only,small,other,1.0,0.0,32,0.0,,ok,1,,0.335,6.9873046875,,,,,0.0,32.0,1.505149978319906,4.0,0.0,0.0,0.0,0.0,4.0,,0,0.0,0.0,0,,0.047944095038434664,,0,0,0,openllmperf_122,single,0,scale_reference,inference-only; no fine-tuning method or training energy,open_llm_perf_leaderboard,1,inference_only_no_finetuning_method_applied
openllmperf_123,none_inference_only,small,other,1.0,0.0,16,0.0,,ok,1,,0.335,4.5439453125,,,,,0.0,16.0,1.2041199826559248,2.0,0.0,0.0,0.0,0.0,2.0,,0,0.0,0.0,0,,0.07372447883086182,,0,0,0,openllmperf_123,single,0,scale_reference,inference-only; no fine-tuning method or training energy,open_llm_perf_leaderboard,1,inference_only_no_finetuning_method_applied
openllmperf_124,none_inference_only,medium,other,5.0,0.0,32,0.0,,ok,1,,0.377,18.9736328125,,,,,0.6989700043360189,160.0,2.2041199826559246,20.0,0.0,0.0,0.0,0.0,20.0,,0,0.0,0.0,0,,0.01986967934530856,,0,0,0,openllmperf_124,single,0,scale_reference,inference-only; no fine-tuning method or training energy,open_llm_perf_leaderboard,1,inference_only_no_finetuning_method_applied
openllmperf_125,none_inference_only,tiny,other,0.3,0.0,16,0.0,,ok,1,,0.322,3.1572265625,,,,,-0.5228787452803376,4.8,0.6812412373755872,0.6,0.0,0.0,0.0,0.0,0.6,,0,0.0,0.0,0,,0.10198824621094958,,0,0,0,openllmperf_125,single,0,scale_reference,inference-only; no fine-tuning method or training energy,open_llm_perf_leaderboard,1,inference_only_no_finetuning_method_applied
openllmperf_126,none_inference_only,tiny,other,0.4,0.0,16,0.0,,ok,1,,0.337,2.7001953125,,,,,-0.3979400086720376,6.4,0.8061799739838872,0.8,0.0,0.0,0.0,0.0,0.8,,0,0.0,0.0,0,,0.12480578661844485,,0,0,0,openllmperf_126,single,0,scale_reference,inference-only; no fine-tuning method or training energy,open_llm_perf_leaderboard,1,inference_only_no_finetuning_method_applied
openllmperf_127,none_inference_only,small,other,1.0,0.0,16,0.0,,ok,1,,0.335,4.5439453125,,,,,0.0,16.0,1.2041199826559248,2.0,0.0,0.0,0.0,0.0,2.0,,0,0.0,0.0,0,,0.07372447883086182,,0,0,0,openllmperf_127,single,0,scale_reference,inference-only; no fine-tuning method or training energy,open_llm_perf_leaderboard,1,inference_only_no_finetuning_method_applied
openllmperf_128,none_inference_only,tiny,other,0.3,0.0,32,0.0,,ok,1,,0.322,4.2060546875,,,,,-0.5228787452803376,9.6,0.9822712330395684,1.2,0.0,0.0,0.0,0.0,1.2,,0,0.0,0.0,0,,0.07655630369166473,,0,0,0,openllmperf_128,single,0,scale_reference,inference-only; no fine-tuning method or training energy,open_llm_perf_leaderboard,1,inference_only_no_finetuning_method_applied
openllmperf_129,none_inference_only,tiny,other,0.2,0.0,16,0.0,,ok,1,,0.321,2.6884765625,,,,,-0.6989700043360187,3.2,0.505149978319906,0.4,0.0,0.0,0.0,0.0,0.4,,0,0.0,0.0,0,,0.11939847439157283,,0,0,0,openllmperf_129,single,0,scale_reference,inference-only; no fine-tuning method or training energy,open_llm_perf_leaderboard,1,inference_only_no_finetuning_method_applied
openllmperf_130,none_inference_only,small,other,2.0,0.0,16,0.0,,ok,1,,0.38,5.0048828125,,,,,0.3010299956639812,32.0,1.505149978319906,4.0,0.0,0.0,0.0,0.0,4.0,,0,0.0,0.0,0,,0.07592585365853659,,0,0,0,openllmperf_130,single,0,scale_reference,inference-only; no fine-tuning method or training energy,open_llm_perf_leaderboard,1,inference_only_no_finetuning_method_applied
openllmperf_131,none_inference_only,tiny,other,0.2,0.0,32,0.0,,ok,1,,0.321,3.1591796875,,,,,-0.6989700043360187,6.4,0.8061799739838872,0.8,0.0,0.0,0.0,0.0,0.8,,0,0.0,0.0,0,,0.10160865533230294,,0,0,0,openllmperf_131,single,0,scale_reference,inference-only; no fine-tuning method or training energy,open_llm_perf_leaderboard,1,inference_only_no_finetuning_method_applied
openllmperf_132,none_inference_only,tiny,other,0.4,0.0,32,0.0,,ok,1,,0.337,3.3408203125,,,,,-0.3979400086720376,12.8,1.1072099696478683,1.6,0.0,0.0,0.0,0.0,1.6,,0,0.0,0.0,0,,0.10087342882198189,,0,0,0,openllmperf_132,single,0,scale_reference,inference-only; no fine-tuning method or training energy,open_llm_perf_leaderboard,1,inference_only_no_finetuning_method_applied
openllmperf_133,none_inference_only,tiny,other,0.3,0.0,16,0.0,,ok,1,,0.322,2.5458984375,,,,,-0.5228787452803376,4.8,0.6812412373755872,0.6,0.0,0.0,0.0,0.0,0.6,,0,0.0,0.0,0,,0.12647794399693135,,0,0,0,openllmperf_133,single,0,scale_reference,inference-only; no fine-tuning method or training energy,open_llm_perf_leaderboard,1,inference_only_no_finetuning_method_applied
openllmperf_134,none_inference_only,tiny,other,0.3,0.0,16,0.0,,ok,1,,0.322,2.5458984375,,,,,-0.5228787452803376,4.8,0.6812412373755872,0.6,0.0,0.0,0.0,0.0,0.6,,0,0.0,0.0,0,,0.12647794399693135,,0,0,0,openllmperf_134,single,0,scale_reference,inference-only; no fine-tuning method or training energy,open_llm_perf_leaderboard,1,inference_only_no_finetuning_method_applied
openllmperf_135,none_inference_only,small,other,1.0,0.0,16,0.0,,ok,1,,0.335,4.5439453125,,,,,0.0,16.0,1.2041199826559248,2.0,0.0,0.0,0.0,0.0,2.0,,0,0.0,0.0,0,,0.07372447883086182,,0,0,0,openllmperf_135,single,0,scale_reference,inference-only; no fine-tuning method or training energy,open_llm_perf_leaderboard,1,inference_only_no_finetuning_method_applied
openllmperf_136,none_inference_only,medium,other,4.0,0.0,16,0.0,,ok,1,,0.34299999999999997,4.7763671875,,,,,0.6020599913279624,64.0,1.806179973983887,8.0,0.0,0.0,0.0,0.0,8.0,,0,0.0,0.0,0,,0.0718118994070742,,0,0,0,openllmperf_136,single,0,scale_reference,inference-only; no fine-tuning method or training energy,open_llm_perf_leaderboard,1,inference_only_no_finetuning_method_applied
openllmperf_137,none_inference_only,tiny,other,0.4,0.0,16,0.0,,ok,1,,0.337,2.7001953125,,,,,-0.3979400086720376,6.4,0.8061799739838872,0.8,0.0,0.0,0.0,0.0,0.8,,0,0.0,0.0,0,,0.12480578661844485,,0,0,0,openllmperf_137,single,0,scale_reference,inference-only; no fine-tuning method or training energy,open_llm_perf_leaderboard,1,inference_only_no_finetuning_method_applied
openllmperf_138,none_inference_only,small,other,1.0,0.0,16,0.0,,ok,1,,0.38299999999999995,3.1005859375,,,,,0.0,16.0,1.2041199826559248,2.0,0.0,0.0,0.0,0.0,2.0,,0,0.0,0.0,0,,0.12352503937007872,,0,0,0,openllmperf_138,single,0,scale_reference,inference-only; no fine-tuning method or training energy,open_llm_perf_leaderboard,1,inference_only_no_finetuning_method_applied
openllmperf_139,none_inference_only,tiny,other,0.2,0.0,16,0.0,,ok,1,,0.321,2.2529296875,,,,,-0.6989700043360187,3.2,0.505149978319906,0.4,0.0,0.0,0.0,0.0,0.4,,0,0.0,0.0,0,,0.142481144343303,,0,0,0,openllmperf_139,single,0,scale_reference,inference-only; no fine-tuning method or training energy,open_llm_perf_leaderboard,1,inference_only_no_finetuning_method_applied
openllmperf_140,none_inference_only,tiny,other,0.2,0.0,16,0.0,,ok,1,,0.321,2.2529296875,,,,,-0.6989700043360187,3.2,0.505149978319906,0.4,0.0,0.0,0.0,0.0,0.4,,0,0.0,0.0,0,,0.142481144343303,,0,0,0,openllmperf_140,single,0,scale_reference,inference-only; no fine-tuning method or training energy,open_llm_perf_leaderboard,1,inference_only_no_finetuning_method_applied
openllmperf_141,none_inference_only,tiny,other,0.3,0.0,32,0.0,,ok,1,,0.322,3.0751953125,,,,,-0.5228787452803376,9.6,0.9822712330395684,1.2,0.0,0.0,0.0,0.0,1.2,,0,0.0,0.0,0,,0.10470879644331534,,0,0,0,openllmperf_141,single,0,scale_reference,inference-only; no fine-tuning method or training energy,open_llm_perf_leaderboard,1,inference_only_no_finetuning_method_applied
openllmperf_142,none_inference_only,medium,other,4.0,0.0,16,0.0,,ok,1,,0.34299999999999997,9.0205078125,,,,,0.6020599913279624,64.0,1.806179973983887,8.0,0.0,0.0,0.0,0.0,8.0,,0,0.0,0.0,0,,0.038024466818231024,,0,0,0,openllmperf_142,single,0,scale_reference,inference-only; no fine-tuning method or training energy,open_llm_perf_leaderboard,1,inference_only_no_finetuning_method_applied
openllmperf_143,none_inference_only,tiny,other,0.4,0.0,32,0.0,,ok,1,,0.332,4.1513671875,,,,,-0.3979400086720376,12.8,1.1072099696478683,1.6,0.0,0.0,0.0,0.0,1.6,,0,0.0,0.0,0,,0.07997365325805693,,0,0,0,openllmperf_143,single,0,scale_reference,inference-only; no fine-tuning method or training energy,open_llm_perf_leaderboard,1,inference_only_no_finetuning_method_applied
openllmperf_144,none_inference_only,tiny,other,0.3,0.0,16,0.0,,ok,1,,0.322,2.5458984375,,,,,-0.5228787452803376,4.8,0.6812412373755872,0.6,0.0,0.0,0.0,0.0,0.6,,0,0.0,0.0,0,,0.12647794399693135,,0,0,0,openllmperf_144,single,0,scale_reference,inference-only; no fine-tuning method or training energy,open_llm_perf_leaderboard,1,inference_only_no_finetuning_method_applied
openllmperf_145,none_inference_only,tiny,other,0.4,0.0,16,0.0,,ok,1,,0.337,2.7001953125,,,,,-0.3979400086720376,6.4,0.8061799739838872,0.8,0.0,0.0,0.0,0.0,0.8,,0,0.0,0.0,0,,0.12480578661844485,,0,0,0,openllmperf_145,single,0,scale_reference,inference-only; no fine-tuning method or training energy,open_llm_perf_leaderboard,1,inference_only_no_finetuning_method_applied
openllmperf_146,none_inference_only,tiny,other,0.4,0.0,16,0.0,,ok,1,,0.322,3.1591796875,,,,,-0.3979400086720376,6.4,0.8061799739838872,0.8,0.0,0.0,0.0,0.0,0.8,,0,0.0,0.0,0,,0.10192519319938176,,0,0,0,openllmperf_146,single,0,scale_reference,inference-only; no fine-tuning method or training energy,open_llm_perf_leaderboard,1,inference_only_no_finetuning_method_applied
openllmperf_147,none_inference_only,small,other,3.0,0.0,16,0.0,,ok,1,,0.39,3.7275390625,,,,,0.47712125471966244,48.0,1.6812412373755872,6.0,0.0,0.0,0.0,0.0,6.0,,0,0.0,0.0,0,,0.10462667015981138,,0,0,0,openllmperf_147,single,0,scale_reference,inference-only; no fine-tuning method or training energy,open_llm_perf_leaderboard,1,inference_only_no_finetuning_method_applied
openllmperf_148,none_inference_only,tiny,other,0.3,0.0,16,0.0,,ok,1,,0.322,2.5458984375,,,,,-0.5228787452803376,4.8,0.6812412373755872,0.6,0.0,0.0,0.0,0.0,0.6,,0,0.0,0.0,0,,0.12647794399693135,,0,0,0,openllmperf_148,single,0,scale_reference,inference-only; no fine-tuning method or training energy,open_llm_perf_leaderboard,1,inference_only_no_finetuning_method_applied
openllmperf_149,none_inference_only,tiny,other,0.3,0.0,16,0.0,,ok,1,,0.322,2.5458984375,,,,,-0.5228787452803376,4.8,0.6812412373755872,0.6,0.0,0.0,0.0,0.0,0.6,,0,0.0,0.0,0,,0.12647794399693135,,0,0,0,openllmperf_149,single,0,scale_reference,inference-only; no fine-tuning method or training energy,open_llm_perf_leaderboard,1,inference_only_no_finetuning_method_applied
openllmperf_150,none_inference_only,tiny,other,0.4,0.0,16,0.0,,ok,1,,0.337,2.7001953125,,,,,-0.3979400086720376,6.4,0.8061799739838872,0.8,0.0,0.0,0.0,0.0,0.8,,0,0.0,0.0,0,,0.12480578661844485,,0,0,0,openllmperf_150,single,0,scale_reference,inference-only; no fine-tuning method or training energy,open_llm_perf_leaderboard,1,inference_only_no_finetuning_method_applied
openllmperf_151,none_inference_only,tiny,other,0.2,0.0,16,0.0,,ok,1,,0.321,2.2529296875,,,,,-0.6989700043360187,3.2,0.505149978319906,0.4,0.0,0.0,0.0,0.0,0.4,,0,0.0,0.0,0,,0.142481144343303,,0,0,0,openllmperf_151,single,0,scale_reference,inference-only; no fine-tuning method or training energy,open_llm_perf_leaderboard,1,inference_only_no_finetuning_method_applied
openllmperf_152,none_inference_only,tiny,other,0.2,0.0,16,0.0,,ok,1,,0.321,2.2529296875,,,,,-0.6989700043360187,3.2,0.505149978319906,0.4,0.0,0.0,0.0,0.0,0.4,,0,0.0,0.0,0,,0.142481144343303,,0,0,0,openllmperf_152,single,0,scale_reference,inference-only; no fine-tuning method or training energy,open_llm_perf_leaderboard,1,inference_only_no_finetuning_method_applied
openllmperf_153,none_inference_only,large,other,30.0,0.0,16,0.0,,ok,1,,0.486,57.8251953125,,,,,1.4771212547196624,480.0,2.681241237375587,60.0,0.0,0.0,0.0,0.0,60.0,,0,0.0,0.0,0,,0.008404640872781314,,0,0,0,openllmperf_153,single,0,scale_reference,inference-only; no fine-tuning method or training energy,open_llm_perf_leaderboard,1,inference_only_no_finetuning_method_applied
openllmperf_154,none_inference_only,tiny,other,0.2,0.0,16,0.0,,ok,1,,0.321,2.2529296875,,,,,-0.6989700043360187,3.2,0.505149978319906,0.4,0.0,0.0,0.0,0.0,0.4,,0,0.0,0.0,0,,0.142481144343303,,0,0,0,openllmperf_154,single,0,scale_reference,inference-only; no fine-tuning method or training energy,open_llm_perf_leaderboard,1,inference_only_no_finetuning_method_applied
openllmperf_155,none_inference_only,tiny,other,0.8,0.0,32,0.0,,ok,1,,0.358,5.0361328125,,,,,-0.09691001300805639,25.6,1.4082399653118496,3.2,0.0,0.0,0.0,0.0,3.2,,0,0.0,0.0,0,,0.07108629047896063,,0,0,0,openllmperf_155,single,0,scale_reference,inference-only; no fine-tuning method or training energy,open_llm_perf_leaderboard,1,inference_only_no_finetuning_method_applied
openllmperf_156,none_inference_only,small,other,3.0,0.0,16,0.0,,ok,1,,0.428,7.4130859375,,,,,0.47712125471966244,48.0,1.6812412373755872,6.0,0.0,0.0,0.0,0.0,6.0,,0,0.0,0.0,0,,0.057735739691740215,,0,0,0,openllmperf_156,single,0,scale_reference,inference-only; no fine-tuning method or training energy,open_llm_perf_leaderboard,1,inference_only_no_finetuning_method_applied
openllmperf_157,none_inference_only,tiny,other,0.07,0.0,32,0.0,,ok,1,,0.316,2.6572265625,,,,,-1.154901959985743,2.24,0.35024801833416286,0.28,0.0,0.0,0.0,0.0,0.28,,0,0.0,0.0,0,,0.1189209849320103,,0,0,0,openllmperf_157,single,0,scale_reference,inference-only; no fine-tuning method or training energy,open_llm_perf_leaderboard,1,inference_only_no_finetuning_method_applied
openllmperf_158,none_inference_only,medium,other,5.0,0.0,16,0.0,,ok,1,,0.377,10.8505859375,,,,,0.6989700043360189,80.0,1.9030899869919435,10.0,0.0,0.0,0.0,0.0,10.0,,0,0.0,0.0,0,,0.03474466744667447,,0,0,0,openllmperf_158,single,0,scale_reference,inference-only; no fine-tuning method or training energy,open_llm_perf_leaderboard,1,inference_only_no_finetuning_method_applied
openllmperf_159,none_inference_only,tiny,other,0.1,0.0,16,0.0,,ok,1,,0.315,2.6552734375,,,,,-1.0,1.6,0.2041199826559248,0.2,0.0,0.0,0.0,0.0,0.2,,0,0.0,0.0,0,,0.11863184994483265,,0,0,0,openllmperf_159,single,0,scale_reference,inference-only; no fine-tuning method or training energy,open_llm_perf_leaderboard,1,inference_only_no_finetuning_method_applied
openllmperf_160,none_inference_only,tiny,other,0.07,0.0,16,0.0,,ok,1,,0.316,2.1533203125,,,,,-1.154901959985743,1.12,0.04921802267018165,0.14,0.0,0.0,0.0,0.0,0.14,,0,0.0,0.0,0,,0.14675011337868482,,0,0,0,openllmperf_160,single,0,scale_reference,inference-only; no fine-tuning method or training energy,open_llm_perf_leaderboard,1,inference_only_no_finetuning_method_applied
openllmperf_161,none_inference_only,tiny,other,0.1,0.0,32,0.0,,ok,1,,0.315,3.2822265625,,,,,-1.0,3.2,0.505149978319906,0.4,0.0,0.0,0.0,0.0,0.4,,0,0.0,0.0,0,,0.09597143707229991,,0,0,0,openllmperf_161,single,0,scale_reference,inference-only; no fine-tuning method or training energy,open_llm_perf_leaderboard,1,inference_only_no_finetuning_method_applied
openllmperf_162,none_inference_only,medium,other,8.0,0.0,32,0.0,,ok,1,,0.384,31.5556640625,,,,,0.9030899869919435,256.0,2.4082399653118496,32.0,0.0,0.0,0.0,0.0,32.0,,0,0.0,0.0,0,,0.012168972240274812,,0,0,0,openllmperf_162,single,0,scale_reference,inference-only; no fine-tuning method or training energy,open_llm_perf_leaderboard,1,inference_only_no_finetuning_method_applied
openllmperf_163,none_inference_only,tiny,other,0.07,0.0,32,0.0,,ok,1,,0.316,2.2919921875,,,,,-1.154901959985743,2.24,0.35024801833416286,0.28,0.0,0.0,0.0,0.0,0.28,,0,0.0,0.0,0,,0.13787132509586705,,0,0,0,openllmperf_163,single,0,scale_reference,inference-only; no fine-tuning method or training energy,open_llm_perf_leaderboard,1,inference_only_no_finetuning_method_applied
openllmperf_164,none_inference_only,tiny,other,0.07,0.0,16,0.0,,ok,1,,0.316,2.1533203125,,,,,-1.154901959985743,1.12,0.04921802267018165,0.14,0.0,0.0,0.0,0.0,0.14,,0,0.0,0.0,0,,0.14675011337868482,,0,0,0,openllmperf_164,single,0,scale_reference,inference-only; no fine-tuning method or training energy,open_llm_perf_leaderboard,1,inference_only_no_finetuning_method_applied
openllmperf_165,none_inference_only,medium,other,7.0,0.0,32,0.0,,ok,1,,0.469,27.6591796875,,,,,0.8450980400142568,224.0,2.3502480183341627,28.0,0.0,0.0,0.0,0.0,28.0,,0,0.0,0.0,0,,0.016956395862020267,,0,0,0,openllmperf_165,single,0,scale_reference,inference-only; no fine-tuning method or training energy,open_llm_perf_leaderboard,1,inference_only_no_finetuning_method_applied
openllmperf_166,none_inference_only,tiny,other,0.1,0.0,16,0.0,,ok,1,,0.315,2.2412109375,,,,,-1.0,1.6,0.2041199826559248,0.2,0.0,0.0,0.0,0.0,0.2,,0,0.0,0.0,0,,0.14054901960784313,,0,0,0,openllmperf_166,single,0,scale_reference,inference-only; no fine-tuning method or training energy,open_llm_perf_leaderboard,1,inference_only_no_finetuning_method_applied
openllmperf_167,none_inference_only,tiny,other,0.1,0.0,16,0.0,,ok,1,,0.315,2.2412109375,,,,,-1.0,1.6,0.2041199826559248,0.2,0.0,0.0,0.0,0.0,0.2,,0,0.0,0.0,0,,0.14054901960784313,,0,0,0,openllmperf_167,single,0,scale_reference,inference-only; no fine-tuning method or training energy,open_llm_perf_leaderboard,1,inference_only_no_finetuning_method_applied
openllmperf_168,none_inference_only,small,other,3.0,0.0,16,0.0,,ok,1,,0.428,3.9521484375,,,,,0.47712125471966244,48.0,1.6812412373755872,6.0,0.0,0.0,0.0,0.0,6.0,,0,0.0,0.0,0,,0.10829552755127254,,0,0,0,openllmperf_168,single,0,scale_reference,inference-only; no fine-tuning method or training energy,open_llm_perf_leaderboard,1,inference_only_no_finetuning_method_applied
openllmperf_169,none_inference_only,tiny,other,0.07,0.0,16,0.0,,ok,1,,0.316,2.1201171875,,,,,-1.154901959985743,1.12,0.04921802267018165,0.14,0.0,0.0,0.0,0.0,0.14,,0,0.0,0.0,0,,0.14904836480884384,,0,0,0,openllmperf_169,single,0,scale_reference,inference-only; no fine-tuning method or training energy,open_llm_perf_leaderboard,1,inference_only_no_finetuning_method_applied
openllmperf_170,none_inference_only,tiny,other,0.4,0.0,32,0.0,,ok,1,,0.322,4.1650390625,,,,,-0.3979400086720376,12.8,1.1072099696478683,1.6,0.0,0.0,0.0,0.0,1.6,,0,0.0,0.0,0,,0.07731019929660024,,0,0,0,openllmperf_170,single,0,scale_reference,inference-only; no fine-tuning method or training energy,open_llm_perf_leaderboard,1,inference_only_no_finetuning_method_applied
openllmperf_171,none_inference_only,tiny,other,0.1,0.0,16,0.0,,ok,1,,0.315,2.2412109375,,,,,-1.0,1.6,0.2041199826559248,0.2,0.0,0.0,0.0,0.0,0.2,,0,0.0,0.0,0,,0.14054901960784313,,0,0,0,openllmperf_171,single,0,scale_reference,inference-only; no fine-tuning method or training energy,open_llm_perf_leaderboard,1,inference_only_no_finetuning_method_applied
openllmperf_172,none_inference_only,tiny,other,0.8,0.0,16,0.0,,ok,1,,0.358,3.5869140625,,,,,-0.09691001300805639,12.8,1.1072099696478683,1.6,0.0,0.0,0.0,0.0,1.6,,0,0.0,0.0,0,,0.09980724203648243,,0,0,0,openllmperf_172,single,0,scale_reference,inference-only; no fine-tuning method or training energy,open_llm_perf_leaderboard,1,inference_only_no_finetuning_method_applied
openllmperf_173,none_inference_only,tiny,other,0.4,0.0,16,0.0,,ok,1,,0.322,2.6103515625,,,,,-0.3979400086720376,6.4,0.8061799739838872,0.8,0.0,0.0,0.0,0.0,0.8,,0,0.0,0.0,0,,0.12335503179947625,,0,0,0,openllmperf_173,single,0,scale_reference,inference-only; no fine-tuning method or training energy,open_llm_perf_leaderboard,1,inference_only_no_finetuning_method_applied
openllmperf_174,none_inference_only,tiny,other,0.1,0.0,32,0.0,,ok,1,,0.315,2.4697265625,,,,,-1.0,3.2,0.505149978319906,0.4,0.0,0.0,0.0,0.0,0.4,,0,0.0,0.0,0,,0.12754448398576512,,0,0,0,openllmperf_174,single,0,scale_reference,inference-only; no fine-tuning method or training energy,open_llm_perf_leaderboard,1,inference_only_no_finetuning_method_applied
openllmperf_175,none_inference_only,tiny,other,0.4,0.0,16,0.0,,ok,1,,0.342,2.2529296875,,,,,-0.3979400086720376,6.4,0.8061799739838872,0.8,0.0,0.0,0.0,0.0,0.8,,0,0.0,0.0,0,,0.1518023407022107,,0,0,0,openllmperf_175,single,0,scale_reference,inference-only; no fine-tuning method or training energy,open_llm_perf_leaderboard,1,inference_only_no_finetuning_method_applied
openllmperf_176,none_inference_only,tiny,other,0.07,0.0,16,0.0,,ok,1,,0.316,2.1201171875,,,,,-1.154901959985743,1.12,0.04921802267018165,0.14,0.0,0.0,0.0,0.0,0.14,,0,0.0,0.0,0,,0.14904836480884384,,0,0,0,openllmperf_176,single,0,scale_reference,inference-only; no fine-tuning method or training energy,open_llm_perf_leaderboard,1,inference_only_no_finetuning_method_applied
openllmperf_177,none_inference_only,tiny,other,0.1,0.0,16,0.0,,ok,1,,0.315,2.2412109375,,,,,-1.0,1.6,0.2041199826559248,0.2,0.0,0.0,0.0,0.0,0.2,,0,0.0,0.0,0,,0.14054901960784313,,0,0,0,openllmperf_177,single,0,scale_reference,inference-only; no fine-tuning method or training energy,open_llm_perf_leaderboard,1,inference_only_no_finetuning_method_applied
openllmperf_178,none_inference_only,tiny,other,0.1,0.0,16,0.0,,ok,1,,0.315,2.2412109375,,,,,-1.0,1.6,0.2041199826559248,0.2,0.0,0.0,0.0,0.0,0.2,,0,0.0,0.0,0,,0.14054901960784313,,0,0,0,openllmperf_178,single,0,scale_reference,inference-only; no fine-tuning method or training energy,open_llm_perf_leaderboard,1,inference_only_no_finetuning_method_applied
openllmperf_179,none_inference_only,tiny,other,0.2,0.0,32,0.0,,ok,1,,0.315,2.4892578125,,,,,-0.6989700043360187,6.4,0.8061799739838872,0.8,0.0,0.0,0.0,0.0,0.8,,0,0.0,0.0,0,,0.12654374264417417,,0,0,0,openllmperf_179,single,0,scale_reference,inference-only; no fine-tuning method or training energy,open_llm_perf_leaderboard,1,inference_only_no_finetuning_method_applied
openllmperf_180,none_inference_only,tiny,other,0.2,0.0,16,0.0,,ok,1,,0.315,2.2216796875,,,,,-0.6989700043360187,3.2,0.505149978319906,0.4,0.0,0.0,0.0,0.0,0.4,,0,0.0,0.0,0,,0.1417846153846154,,0,0,0,openllmperf_180,single,0,scale_reference,inference-only; no fine-tuning method or training energy,open_llm_perf_leaderboard,1,inference_only_no_finetuning_method_applied
openllmperf_181,none_inference_only,tiny,other,0.8,0.0,16,0.0,,ok,1,,0.358,3.5869140625,,,,,-0.09691001300805639,12.8,1.1072099696478683,1.6,0.0,0.0,0.0,0.0,1.6,,0,0.0,0.0,0,,0.09980724203648243,,0,0,0,openllmperf_181,single,0,scale_reference,inference-only; no fine-tuning method or training energy,open_llm_perf_leaderboard,1,inference_only_no_finetuning_method_applied
openllmperf_182,none_inference_only,medium,other,4.0,0.0,16,0.0,,ok,1,,0.34299999999999997,4.7763671875,,,,,0.6020599913279624,64.0,1.806179973983887,8.0,0.0,0.0,0.0,0.0,8.0,,0,0.0,0.0,0,,0.0718118994070742,,0,0,0,openllmperf_182,single,0,scale_reference,inference-only; no fine-tuning method or training energy,open_llm_perf_leaderboard,1,inference_only_no_finetuning_method_applied
openllmperf_183,none_inference_only,medium,other,4.0,0.0,32,0.0,,ok,1,,0.34299999999999997,15.7958984375,,,,,0.6020599913279624,128.0,2.1072099696478683,16.0,0.0,0.0,0.0,0.0,16.0,,0,0.0,0.0,0,,0.021714497681607416,,0,0,0,openllmperf_183,single,0,scale_reference,inference-only; no fine-tuning method or training energy,open_llm_perf_leaderboard,1,inference_only_no_finetuning_method_applied
openllmperf_184,none_inference_only,tiny,other,0.2,0.0,16,0.0,,ok,1,,0.312,2.7177734375,,,,,-0.6989700043360187,3.2,0.505149978319906,0.4,0.0,0.0,0.0,0.0,0.4,,0,0.0,0.0,0,,0.114799856270212,,0,0,0,openllmperf_184,single,0,scale_reference,inference-only; no fine-tuning method or training energy,open_llm_perf_leaderboard,1,inference_only_no_finetuning_method_applied
openllmperf_185,none_inference_only,large,other,30.0,0.0,16,0.0,,ok,1,,0.486,18.2099609375,,,,,1.4771212547196624,480.0,2.681241237375587,60.0,0.0,0.0,0.0,0.0,60.0,,0,0.0,0.0,0,,0.026688689869684132,,0,0,0,openllmperf_185,single,0,scale_reference,inference-only; no fine-tuning method or training energy,open_llm_perf_leaderboard,1,inference_only_no_finetuning_method_applied
openllmperf_186,none_inference_only,tiny,other,0.4,0.0,32,0.0,,ok,1,,0.322,3.2373046875,,,,,-0.3979400086720376,12.8,1.1072099696478683,1.6,0.0,0.0,0.0,0.0,1.6,,0,0.0,0.0,0,,0.09946546003016592,,0,0,0,openllmperf_186,single,0,scale_reference,inference-only; no fine-tuning method or training energy,open_llm_perf_leaderboard,1,inference_only_no_finetuning_method_applied
openllmperf_187,none_inference_only,medium,other,7.0,0.0,16,0.0,,ok,1,,0.469,6.2998046875,,,,,0.8450980400142568,112.0,2.0492180226701815,14.0,0.0,0.0,0.0,0.0,14.0,,0,0.0,0.0,0,,0.07444675244148194,,0,0,0,openllmperf_187,single,0,scale_reference,inference-only; no fine-tuning method or training energy,open_llm_perf_leaderboard,1,inference_only_no_finetuning_method_applied
openllmperf_188,none_inference_only,tiny,other,0.2,0.0,32,0.0,,ok,1,,0.312,3.1669921875,,,,,-0.6989700043360187,6.4,0.8061799739838872,0.8,0.0,0.0,0.0,0.0,0.8,,0,0.0,0.0,0,,0.09851618871415356,,0,0,0,openllmperf_188,single,0,scale_reference,inference-only; no fine-tuning method or training energy,open_llm_perf_leaderboard,1,inference_only_no_finetuning_method_applied
openllmperf_189,none_inference_only,medium,other,6.0,0.0,16,0.0,,ok,1,,0.496,5.8525390625,,,,,0.7781512503836436,96.0,1.9822712330395684,12.0,0.0,0.0,0.0,0.0,12.0,,0,0.0,0.0,0,,0.08474954113131987,,0,0,0,openllmperf_189,single,0,scale_reference,inference-only; no fine-tuning method or training energy,open_llm_perf_leaderboard,1,inference_only_no_finetuning_method_applied
openllmperf_190,none_inference_only,tiny,other,0.03,0.0,16,0.0,,ok,1,,0.31,2.2236328125,,,,,-1.5228787452803376,0.48,-0.3187587626244128,0.06,0.0,0.0,0.0,0.0,0.06,,0,0.0,0.0,0,,0.1394115063680281,,0,0,0,openllmperf_190,single,0,scale_reference,inference-only; no fine-tuning method or training energy,open_llm_perf_leaderboard,1,inference_only_no_finetuning_method_applied
openllmperf_191,none_inference_only,tiny,other,0.03,0.0,32,0.0,,ok,1,,0.31,2.3232421875,,,,,-1.5228787452803376,0.96,-0.017728766960431602,0.12,0.0,0.0,0.0,0.0,0.12,,0,0.0,0.0,0,,0.13343421605716688,,0,0,0,openllmperf_191,single,0,scale_reference,inference-only; no fine-tuning method or training energy,open_llm_perf_leaderboard,1,inference_only_no_finetuning_method_applied
openllmperf_192,none_inference_only,tiny,other,0.4,0.0,32,0.0,,ok,1,,0.327,3.4072265625,,,,,-0.3979400086720376,12.8,1.1072099696478683,1.6,0.0,0.0,0.0,0.0,1.6,,0,0.0,0.0,0,,0.09597248495270852,,0,0,0,openllmperf_192,single,0,scale_reference,inference-only; no fine-tuning method or training energy,open_llm_perf_leaderboard,1,inference_only_no_finetuning_method_applied
openllmperf_193,none_inference_only,tiny,other,0.03,0.0,16,0.0,,ok,1,,0.31,2.0302734375,,,,,-1.5228787452803376,0.48,-0.3187587626244128,0.06,0.0,0.0,0.0,0.0,0.06,,0,0.0,0.0,0,,0.15268879268879268,,0,0,0,openllmperf_193,single,0,scale_reference,inference-only; no fine-tuning method or training energy,open_llm_perf_leaderboard,1,inference_only_no_finetuning_method_applied
openllmperf_194,none_inference_only,tiny,other,0.4,0.0,16,0.0,,ok,1,,0.322,2.6103515625,,,,,-0.3979400086720376,6.4,0.8061799739838872,0.8,0.0,0.0,0.0,0.0,0.8,,0,0.0,0.0,0,,0.12335503179947625,,0,0,0,openllmperf_194,single,0,scale_reference,inference-only; no fine-tuning method or training energy,open_llm_perf_leaderboard,1,inference_only_no_finetuning_method_applied
openllmperf_195,none_inference_only,tiny,other,0.03,0.0,32,0.0,,ok,1,,0.31,2.0654296875,,,,,-1.5228787452803376,0.96,-0.017728766960431602,0.12,0.0,0.0,0.0,0.0,0.12,,0,0.0,0.0,0,,0.15008983451536642,,0,0,0,openllmperf_195,single,0,scale_reference,inference-only; no fine-tuning method or training energy,open_llm_perf_leaderboard,1,inference_only_no_finetuning_method_applied
openllmperf_196,none_inference_only,tiny,other,0.03,0.0,16,0.0,,ok,1,,0.31,2.0302734375,,,,,-1.5228787452803376,0.48,-0.3187587626244128,0.06,0.0,0.0,0.0,0.0,0.06,,0,0.0,0.0,0,,0.15268879268879268,,0,0,0,openllmperf_196,single,0,scale_reference,inference-only; no fine-tuning method or training energy,open_llm_perf_leaderboard,1,inference_only_no_finetuning_method_applied
openllmperf_197,none_inference_only,tiny,other,0.8,0.0,16,0.0,,ok,1,,0.358,3.5869140625,,,,,-0.09691001300805639,12.8,1.1072099696478683,1.6,0.0,0.0,0.0,0.0,1.6,,0,0.0,0.0,0,,0.09980724203648243,,0,0,0,openllmperf_197,single,0,scale_reference,inference-only; no fine-tuning method or training energy,open_llm_perf_leaderboard,1,inference_only_no_finetuning_method_applied
openllmperf_198,none_inference_only,tiny,other,0.2,0.0,32,0.0,,ok,1,,0.312,3.1416015625,,,,,-0.6989700043360187,6.4,0.8061799739838872,0.8,0.0,0.0,0.0,0.0,0.8,,0,0.0,0.0,0,,0.09931240285980728,,0,0,0,openllmperf_198,single,0,scale_reference,inference-only; no fine-tuning method or training energy,open_llm_perf_leaderboard,1,inference_only_no_finetuning_method_applied
openllmperf_199,none_inference_only,tiny,other,0.2,0.0,32,0.0,,ok,1,,0.312,2.5283203125,,,,,-0.6989700043360187,6.4,0.8061799739838872,0.8,0.0,0.0,0.0,0.0,0.8,,0,0.0,0.0,0,,0.12340208574739281,,0,0,0,openllmperf_199,single,0,scale_reference,inference-only; no fine-tuning method or training energy,open_llm_perf_leaderboard,1,inference_only_no_finetuning_method_applied
openllmperf_200,none_inference_only,tiny,other,0.2,0.0,16,0.0,,ok,1,,0.315,2.1220703125,,,,,-0.6989700043360187,3.2,0.505149978319906,0.4,0.0,0.0,0.0,0.0,0.4,,0,0.0,0.0,0,,0.14843994477680625,,0,0,0,openllmperf_200,single,0,scale_reference,inference-only; no fine-tuning method or training energy,open_llm_perf_leaderboard,1,inference_only_no_finetuning_method_applied
openllmperf_201,none_inference_only,tiny,other,0.2,0.0,16,0.0,,ok,1,,0.308,2.6669921875,,,,,-0.6989700043360187,3.2,0.505149978319906,0.4,0.0,0.0,0.0,0.0,0.4,,0,0.0,0.0,0,,0.1154859025997803,,0,0,0,openllmperf_201,single,0,scale_reference,inference-only; no fine-tuning method or training energy,open_llm_perf_leaderboard,1,inference_only_no_finetuning_method_applied
openllmperf_202,none_inference_only,tiny,other,0.007,0.0,16,0.0,,ok,1,,0.307,2.1630859375,,,,,-2.154901959985743,0.112,-0.9507819773298184,0.014,0.0,0.0,0.0,0.0,0.014,,0,0.0,0.0,0,,0.14192686230248308,,0,0,0,openllmperf_202,single,0,scale_reference,inference-only; no fine-tuning method or training energy,open_llm_perf_leaderboard,1,inference_only_no_finetuning_method_applied
openllmperf_203,none_inference_only,tiny,other,0.007,0.0,32,0.0,,ok,1,,0.307,2.2177734375,,,,,-2.154901959985743,0.224,-0.6497519816658371,0.028,0.0,0.0,0.0,0.0,0.028,,0,0.0,0.0,0,,0.1384271246147072,,0,0,0,openllmperf_203,single,0,scale_reference,inference-only; no fine-tuning method or training energy,open_llm_perf_leaderboard,1,inference_only_no_finetuning_method_applied
openllmperf_204,none_inference_only,tiny,other,0.2,0.0,16,0.0,,ok,1,,0.312,2.2802734375,,,,,-0.6989700043360187,3.2,0.505149978319906,0.4,0.0,0.0,0.0,0.0,0.4,,0,0.0,0.0,0,,0.1368256959314775,,0,0,0,openllmperf_204,single,0,scale_reference,inference-only; no fine-tuning method or training energy,open_llm_perf_leaderboard,1,inference_only_no_finetuning_method_applied
openllmperf_205,none_inference_only,tiny,other,0.2,0.0,32,0.0,,ok,1,,0.311,2.7080078125,,,,,-0.6989700043360187,6.4,0.8061799739838872,0.8,0.0,0.0,0.0,0.0,0.8,,0,0.0,0.0,0,,0.11484457266498377,,0,0,0,openllmperf_205,single,0,scale_reference,inference-only; no fine-tuning method or training energy,open_llm_perf_leaderboard,1,inference_only_no_finetuning_method_applied
openllmperf_206,none_inference_only,tiny,other,0.2,0.0,16,0.0,,ok,1,,0.308,2.2216796875,,,,,-0.6989700043360187,3.2,0.505149978319906,0.4,0.0,0.0,0.0,0.0,0.4,,0,0.0,0.0,0,,0.13863384615384616,,0,0,0,openllmperf_206,single,0,scale_reference,inference-only; no fine-tuning method or training energy,open_llm_perf_leaderboard,1,inference_only_no_finetuning_method_applied
openllmperf_207,none_inference_only,tiny,other,0.4,0.0,16,0.0,,ok,1,,0.327,2.7548828125,,,,,-0.3979400086720376,6.4,0.8061799739838872,0.8,0.0,0.0,0.0,0.0,0.8,,0,0.0,0.0,0,,0.11869833392414038,,0,0,0,openllmperf_207,single,0,scale_reference,inference-only; no fine-tuning method or training energy,open_llm_perf_leaderboard,1,inference_only_no_finetuning_method_applied
openllmperf_208,none_inference_only,tiny,other,0.2,0.0,32,0.0,,ok,1,,0.308,3.1591796875,,,,,-0.6989700043360187,6.4,0.8061799739838872,0.8,0.0,0.0,0.0,0.0,0.8,,0,0.0,0.0,0,,0.09749366306027821,,0,0,0,openllmperf_208,single,0,scale_reference,inference-only; no fine-tuning method or training energy,open_llm_perf_leaderboard,1,inference_only_no_finetuning_method_applied
openllmperf_209,none_inference_only,tiny,other,0.2,0.0,16,0.0,,ok,1,,0.311,2.3720703125,,,,,-0.6989700043360187,3.2,0.505149978319906,0.4,0.0,0.0,0.0,0.0,0.4,,0,0.0,0.0,0,,0.131109098394401,,0,0,0,openllmperf_209,single,0,scale_reference,inference-only; no fine-tuning method or training energy,open_llm_perf_leaderboard,1,inference_only_no_finetuning_method_applied
openllmperf_210,none_inference_only,tiny,other,0.007,0.0,32,0.0,,ok,1,,0.307,2.0478515625,,,,,-2.154901959985743,0.224,-0.6497519816658371,0.028,0.0,0.0,0.0,0.0,0.028,,0,0.0,0.0,0,,0.14991320934668573,,0,0,0,openllmperf_210,single,0,scale_reference,inference-only; no fine-tuning method or training energy,open_llm_perf_leaderboard,1,inference_only_no_finetuning_method_applied
openllmperf_211,none_inference_only,tiny,other,0.007,0.0,16,0.0,,ok,1,,0.307,2.0341796875,,,,,-2.154901959985743,0.112,-0.9507819773298184,0.014,0.0,0.0,0.0,0.0,0.014,,0,0.0,0.0,0,,0.15092078732597217,,0,0,0,openllmperf_211,single,0,scale_reference,inference-only; no fine-tuning method or training energy,open_llm_perf_leaderboard,1,inference_only_no_finetuning_method_applied
openllmperf_212,none_inference_only,tiny,other,0.2,0.0,32,0.0,,ok,1,,0.308,2.4912109375,,,,,-0.6989700043360187,6.4,0.8061799739838872,0.8,0.0,0.0,0.0,0.0,0.8,,0,0.0,0.0,0,,0.12363465307722461,,0,0,0,openllmperf_212,single,0,scale_reference,inference-only; no fine-tuning method or training energy,open_llm_perf_leaderboard,1,inference_only_no_finetuning_method_applied
openllmperf_213,none_inference_only,tiny,other,0.2,0.0,16,0.0,,ok,1,,0.308,2.2216796875,,,,,-0.6989700043360187,3.2,0.505149978319906,0.4,0.0,0.0,0.0,0.0,0.4,,0,0.0,0.0,0,,0.13863384615384616,,0,0,0,openllmperf_213,single,0,scale_reference,inference-only; no fine-tuning method or training energy,open_llm_perf_leaderboard,1,inference_only_no_finetuning_method_applied
openllmperf_214,none_inference_only,tiny,other,0.03,0.0,16,0.0,,ok,1,,0.31,2.0244140625,,,,,-1.5228787452803376,0.48,-0.3187587626244128,0.06,0.0,0.0,0.0,0.0,0.06,,0,0.0,0.0,0,,0.15313072841292813,,0,0,0,openllmperf_214,single,0,scale_reference,inference-only; no fine-tuning method or training energy,open_llm_perf_leaderboard,1,inference_only_no_finetuning_method_applied
openllmperf_215,none_inference_only,tiny,other,0.03,0.0,16,0.0,,ok,1,,0.31,2.0244140625,,,,,-1.5228787452803376,0.48,-0.3187587626244128,0.06,0.0,0.0,0.0,0.0,0.06,,0,0.0,0.0,0,,0.15313072841292813,,0,0,0,openllmperf_215,single,0,scale_reference,inference-only; no fine-tuning method or training energy,open_llm_perf_leaderboard,1,inference_only_no_finetuning_method_applied
openllmperf_216,none_inference_only,tiny,other,0.2,0.0,16,0.0,,ok,1,,0.312,2.3525390625,,,,,-0.6989700043360187,3.2,0.505149978319906,0.4,0.0,0.0,0.0,0.0,0.4,,0,0.0,0.0,0,,0.13262266500622666,,0,0,0,openllmperf_216,single,0,scale_reference,inference-only; no fine-tuning method or training energy,open_llm_perf_leaderboard,1,inference_only_no_finetuning_method_applied
openllmperf_217,none_inference_only,tiny,other,0.007,0.0,16,0.0,,ok,1,,0.307,2.0322265625,,,,,-2.154901959985743,0.112,-0.9507819773298184,0.014,0.0,0.0,0.0,0.0,0.014,,0,0.0,0.0,0,,0.15106583373378182,,0,0,0,openllmperf_217,single,0,scale_reference,inference-only; no fine-tuning method or training energy,open_llm_perf_leaderboard,1,inference_only_no_finetuning_method_applied
openllmperf_218,none_inference_only,tiny,other,0.1,0.0,16,0.0,,ok,1,,0.303,2.6650390625,,,,,-1.0,1.6,0.2041199826559248,0.2,0.0,0.0,0.0,0.0,0.2,,0,0.0,0.0,0,,0.11369439355075119,,0,0,0,openllmperf_218,single,0,scale_reference,inference-only; no fine-tuning method or training energy,open_llm_perf_leaderboard,1,inference_only_no_finetuning_method_applied
openllmperf_219,none_inference_only,tiny,other,0.2,0.0,16,0.0,,ok,1,,0.312,2.1611328125,,,,,-0.6989700043360187,3.2,0.505149978319906,0.4,0.0,0.0,0.0,0.0,0.4,,0,0.0,0.0,0,,0.1443687302304564,,0,0,0,openllmperf_219,single,0,scale_reference,inference-only; no fine-tuning method or training energy,open_llm_perf_leaderboard,1,inference_only_no_finetuning_method_applied
openllmperf_220,none_inference_only,tiny,other,0.2,0.0,16,0.0,,ok,1,,0.312,2.1611328125,,,,,-0.6989700043360187,3.2,0.505149978319906,0.4,0.0,0.0,0.0,0.0,0.4,,0,0.0,0.0,0,,0.1443687302304564,,0,0,0,openllmperf_220,single,0,scale_reference,inference-only; no fine-tuning method or training energy,open_llm_perf_leaderboard,1,inference_only_no_finetuning_method_applied
openllmperf_221,none_inference_only,tiny,other,0.1,0.0,32,0.0,,ok,1,,0.303,3.1845703125,,,,,-1.0,3.2,0.505149978319906,0.4,0.0,0.0,0.0,0.0,0.4,,0,0.0,0.0,0,,0.09514627414903404,,0,0,0,openllmperf_221,single,0,scale_reference,inference-only; no fine-tuning method or training energy,open_llm_perf_leaderboard,1,inference_only_no_finetuning_method_applied
openllmperf_222,none_inference_only,tiny,other,0.007,0.0,16,0.0,,ok,1,,0.307,2.0322265625,,,,,-2.154901959985743,0.112,-0.9507819773298184,0.014,0.0,0.0,0.0,0.0,0.014,,0,0.0,0.0,0,,0.15106583373378182,,0,0,0,openllmperf_222,single,0,scale_reference,inference-only; no fine-tuning method or training energy,open_llm_perf_leaderboard,1,inference_only_no_finetuning_method_applied
openllmperf_223,none_inference_only,tiny,other,0.1,0.0,32,0.0,,ok,1,,0.303,2.2744140625,,,,,-1.0,3.2,0.505149978319906,0.4,0.0,0.0,0.0,0.0,0.4,,0,0.0,0.0,0,,0.1332211249463289,,0,0,0,openllmperf_223,single,0,scale_reference,inference-only; no fine-tuning method or training energy,open_llm_perf_leaderboard,1,inference_only_no_finetuning_method_applied
openllmperf_224,none_inference_only,tiny,other,0.1,0.0,16,0.0,,ok,1,,0.303,2.1435546875,,,,,-1.0,1.6,0.2041199826559248,0.2,0.0,0.0,0.0,0.0,0.2,,0,0.0,0.0,0,,0.14135398633257404,,0,0,0,openllmperf_224,single,0,scale_reference,inference-only; no fine-tuning method or training energy,open_llm_perf_leaderboard,1,inference_only_no_finetuning_method_applied
openllmperf_225,none_inference_only,tiny,other,0.1,0.0,16,0.0,,ok,1,,0.303,2.1103515625,,,,,-1.0,1.6,0.2041199826559248,0.2,0.0,0.0,0.0,0.0,0.2,,0,0.0,0.0,0,,0.1435779731605738,,0,0,0,openllmperf_225,single,0,scale_reference,inference-only; no fine-tuning method or training energy,open_llm_perf_leaderboard,1,inference_only_no_finetuning_method_applied
openllmperf_226,none_inference_only,tiny,other,0.1,0.0,16,0.0,,ok,1,,0.303,2.1103515625,,,,,-1.0,1.6,0.2041199826559248,0.2,0.0,0.0,0.0,0.0,0.2,,0,0.0,0.0,0,,0.1435779731605738,,0,0,0,openllmperf_226,single,0,scale_reference,inference-only; no fine-tuning method or training energy,open_llm_perf_leaderboard,1,inference_only_no_finetuning_method_applied
openllmperf_227,none_inference_only,tiny,other,0.2,0.0,16,0.0,,ok,1,,0.308,2.1220703125,,,,,-0.6989700043360187,3.2,0.505149978319906,0.4,0.0,0.0,0.0,0.0,0.4,,0,0.0,0.0,0,,0.14514127933732168,,0,0,0,openllmperf_227,single,0,scale_reference,inference-only; no fine-tuning method or training energy,open_llm_perf_leaderboard,1,inference_only_no_finetuning_method_applied
openllmperf_228,none_inference_only,small,other,2.0,0.0,32,0.0,,ok,1,,0.38,7.9697265625,,,,,0.3010299956639812,64.0,1.806179973983887,8.0,0.0,0.0,0.0,0.0,8.0,,0,0.0,0.0,0,,0.04768043131969121,,0,0,0,openllmperf_228,single,0,scale_reference,inference-only; no fine-tuning method or training energy,open_llm_perf_leaderboard,1,inference_only_no_finetuning_method_applied
openllmperf_229,none_inference_only,medium,other,10.0,0.0,16,0.0,,ok,1,,0.45399999999999996,9.0810546875,,,,,1.0,160.0,2.2041199826559246,20.0,0.0,0.0,0.0,0.0,20.0,,0,0.0,0.0,0,,0.04999419292397032,,0,0,0,openllmperf_229,single,0,scale_reference,inference-only; no fine-tuning method or training energy,open_llm_perf_leaderboard,1,inference_only_no_finetuning_method_applied
openllmperf_230,none_inference_only,large,llama,30.0,0.0,16,0.0,,ok,1,,0.67,19.8935546875,,,,,1.4771212547196624,480.0,2.681241237375587,60.0,0.0,0.0,0.0,0.0,60.0,,0,0.0,0.0,0,,0.033679249914093566,,0,0,0,openllmperf_230,single,0,scale_reference,inference-only; no fine-tuning method or training energy,open_llm_perf_leaderboard,1,inference_only_no_finetuning_method_applied
openllmperf_231,none_inference_only,tiny,other,0.2,0.0,32,0.0,,ok,1,,0.312,2.6748046875,,,,,-0.6989700043360187,6.4,0.8061799739838872,0.8,0.0,0.0,0.0,0.0,0.8,,0,0.0,0.0,0,,0.11664403066812705,,0,0,0,openllmperf_231,single,0,scale_reference,inference-only; no fine-tuning method or training energy,open_llm_perf_leaderboard,1,inference_only_no_finetuning_method_applied
openllmperf_232,none_inference_only,tiny,other,0.07,0.0,16,0.0,,ok,1,,0.316,2.1376953125,,,,,-1.154901959985743,1.12,0.04921802267018165,0.14,0.0,0.0,0.0,0.0,0.14,,0,0.0,0.0,0,,0.1478227501142074,,0,0,0,openllmperf_232,single,0,scale_reference,inference-only; no fine-tuning method or training energy,open_llm_perf_leaderboard,1,inference_only_no_finetuning_method_applied
openllmperf_233,none_inference_only,tiny,other,0.2,0.0,16,0.0,,ok,1,,0.312,2.3525390625,,,,,-0.6989700043360187,3.2,0.505149978319906,0.4,0.0,0.0,0.0,0.0,0.4,,0,0.0,0.0,0,,0.13262266500622666,,0,0,0,openllmperf_233,single,0,scale_reference,inference-only; no fine-tuning method or training energy,open_llm_perf_leaderboard,1,inference_only_no_finetuning_method_applied
openllmperf_234,none_inference_only,tiny,other,0.2,0.0,16,0.0,,ok,1,,0.308,2.1220703125,,,,,-0.6989700043360187,3.2,0.505149978319906,0.4,0.0,0.0,0.0,0.0,0.4,,0,0.0,0.0,0,,0.14514127933732168,,0,0,0,openllmperf_234,single,0,scale_reference,inference-only; no fine-tuning method or training energy,open_llm_perf_leaderboard,1,inference_only_no_finetuning_method_applied
openllmperf_235,none_inference_only,medium,other,10.0,0.0,16,0.0,,ok,1,,0.45399999999999996,24.1923828125,,,,,1.0,160.0,2.2041199826559246,20.0,0.0,0.0,0.0,0.0,20.0,,0,0.0,0.0,0,,0.018766237435918137,,0,0,0,openllmperf_235,single,0,scale_reference,inference-only; no fine-tuning method or training energy,open_llm_perf_leaderboard,1,inference_only_no_finetuning_method_applied
openllmperf_236,none_inference_only,small,other,2.0,0.0,16,0.0,,ok,1,,0.38,5.0048828125,,,,,0.3010299956639812,32.0,1.505149978319906,4.0,0.0,0.0,0.0,0.0,4.0,,0,0.0,0.0,0,,0.07592585365853659,,0,0,0,openllmperf_236,single,0,scale_reference,inference-only; no fine-tuning method or training energy,open_llm_perf_leaderboard,1,inference_only_no_finetuning_method_applied
openllmperf_237,none_inference_only,small,other,2.0,0.0,16,0.0,,ok,1,,0.38,5.0048828125,,,,,0.3010299956639812,32.0,1.505149978319906,4.0,0.0,0.0,0.0,0.0,4.0,,0,0.0,0.0,0,,0.07592585365853659,,0,0,0,openllmperf_237,single,0,scale_reference,inference-only; no fine-tuning method or training energy,open_llm_perf_leaderboard,1,inference_only_no_finetuning_method_applied
openllmperf_238,none_inference_only,tiny,other,0.2,0.0,16,0.0,,ok,1,,0.311,2.1943359375,,,,,-0.6989700043360187,3.2,0.505149978319906,0.4,0.0,0.0,0.0,0.0,0.4,,0,0.0,0.0,0,,0.1417285269247886,,0,0,0,openllmperf_238,single,0,scale_reference,inference-only; no fine-tuning method or training energy,open_llm_perf_leaderboard,1,inference_only_no_finetuning_method_applied
openllmperf_239,none_inference_only,tiny,other,0.2,0.0,16,0.0,,ok,1,,0.312,2.2333984375,,,,,-0.6989700043360187,3.2,0.505149978319906,0.4,0.0,0.0,0.0,0.0,0.4,,0,0.0,0.0,0,,0.13969742020113687,,0,0,0,openllmperf_239,single,0,scale_reference,inference-only; no fine-tuning method or training energy,open_llm_perf_leaderboard,1,inference_only_no_finetuning_method_applied
openllmperf_240,none_inference_only,small,other,2.0,0.0,16,0.0,,ok,1,,0.38,5.0048828125,,,,,0.3010299956639812,32.0,1.505149978319906,4.0,0.0,0.0,0.0,0.0,4.0,,0,0.0,0.0,0,,0.07592585365853659,,0,0,0,openllmperf_240,single,0,scale_reference,inference-only; no fine-tuning method or training energy,open_llm_perf_leaderboard,1,inference_only_no_finetuning_method_applied
openllmperf_241,none_inference_only,tiny,other,0.01,0.0,16,0.0,,ok,1,,0.3,2.2177734375,,,,,-2.0,0.16,-0.7958800173440752,0.02,0.0,0.0,0.0,0.0,0.02,,0,0.0,0.0,0,,0.13527080581241743,,0,0,0,openllmperf_241,single,0,scale_reference,inference-only; no fine-tuning method or training energy,open_llm_perf_leaderboard,1,inference_only_no_finetuning_method_applied
openllmperf_242,none_inference_only,tiny,other,0.8,0.0,32,0.0,,ok,1,,0.312,4.1181640625,,,,,-0.09691001300805639,25.6,1.4082399653118496,3.2,0.0,0.0,0.0,0.0,3.2,,0,0.0,0.0,0,,0.07576191605406687,,0,0,0,openllmperf_242,single,0,scale_reference,inference-only; no fine-tuning method or training energy,open_llm_perf_leaderboard,1,inference_only_no_finetuning_method_applied
openllmperf_243,none_inference_only,tiny,other,0.01,0.0,32,0.0,,ok,1,,0.3,2.2880859375,,,,,-2.0,0.32,-0.494850021680094,0.04,0.0,0.0,0.0,0.0,0.04,,0,0.0,0.0,0,,0.13111395646606913,,0,0,0,openllmperf_243,single,0,scale_reference,inference-only; no fine-tuning method or training energy,open_llm_perf_leaderboard,1,inference_only_no_finetuning_method_applied
openllmperf_244,none_inference_only,tiny,other,0.08,0.0,16,0.0,,ok,1,,0.3,2.4169921875,,,,,-1.0969100130080565,1.28,0.10720996964786837,0.16,0.0,0.0,0.0,0.0,0.16,,0,0.0,0.0,0,,0.12412121212121212,,0,0,0,openllmperf_244,single,0,scale_reference,inference-only; no fine-tuning method or training energy,open_llm_perf_leaderboard,1,inference_only_no_finetuning_method_applied
openllmperf_245,none_inference_only,tiny,other,0.08,0.0,32,0.0,,ok,1,,0.3,2.6533203125,,,,,-1.0969100130080565,2.56,0.4082399653118496,0.32,0.0,0.0,0.0,0.0,0.32,,0,0.0,0.0,0,,0.11306588148693411,,0,0,0,openllmperf_245,single,0,scale_reference,inference-only; no fine-tuning method or training energy,open_llm_perf_leaderboard,1,inference_only_no_finetuning_method_applied
openllmperf_246,none_inference_only,tiny,other,0.4,0.0,16,0.0,,ok,1,,0.332,2.8544921875,,,,,-0.3979400086720376,6.4,0.8061799739838872,0.8,0.0,0.0,0.0,0.0,0.8,,0,0.0,0.0,0,,0.11630790283954842,,0,0,0,openllmperf_246,single,0,scale_reference,inference-only; no fine-tuning method or training energy,open_llm_perf_leaderboard,1,inference_only_no_finetuning_method_applied
openllmperf_247,none_inference_only,medium,other,6.0,0.0,16,0.0,,ok,1,,0.496,5.8525390625,,,,,0.7781512503836436,96.0,1.9822712330395684,12.0,0.0,0.0,0.0,0.0,12.0,,0,0.0,0.0,0,,0.08474954113131987,,0,0,0,openllmperf_247,single,0,scale_reference,inference-only; no fine-tuning method or training energy,open_llm_perf_leaderboard,1,inference_only_no_finetuning_method_applied
openllmperf_248,none_inference_only,small,other,1.0,0.0,32,0.0,,ok,1,,0.306,6.1845703125,,,,,0.0,32.0,1.505149978319906,4.0,0.0,0.0,0.0,0.0,4.0,,0,0.0,0.0,0,,0.049477972524869726,,0,0,0,openllmperf_248,single,0,scale_reference,inference-only; no fine-tuning method or training energy,open_llm_perf_leaderboard,1,inference_only_no_finetuning_method_applied
openllmperf_249,none_inference_only,tiny,other,0.03,0.0,16,0.0,,ok,1,,0.299,2.2958984375,,,,,-1.5228787452803376,0.48,-0.3187587626244128,0.06,0.0,0.0,0.0,0.0,0.06,,0,0.0,0.0,0,,0.13023224159931943,,0,0,0,openllmperf_249,single,0,scale_reference,inference-only; no fine-tuning method or training energy,open_llm_perf_leaderboard,1,inference_only_no_finetuning_method_applied
openllmperf_250,none_inference_only,tiny,other,0.4,0.0,16,0.0,,ok,1,,0.322,2.2041015625,,,,,-0.3979400086720376,6.4,0.8061799739838872,0.8,0.0,0.0,0.0,0.0,0.8,,0,0.0,0.0,0,,0.14609127159946833,,0,0,0,openllmperf_250,single,0,scale_reference,inference-only; no fine-tuning method or training energy,open_llm_perf_leaderboard,1,inference_only_no_finetuning_method_applied
openllmperf_251,none_inference_only,tiny,other,0.08,0.0,16,0.0,,ok,1,,0.31,2.1689453125,,,,,-1.0969100130080565,1.28,0.10720996964786837,0.16,0.0,0.0,0.0,0.0,0.16,,0,0.0,0.0,0,,0.1429266096352994,,0,0,0,openllmperf_251,single,0,scale_reference,inference-only; no fine-tuning method or training energy,open_llm_perf_leaderboard,1,inference_only_no_finetuning_method_applied
openllmperf_252,none_inference_only,tiny,other,0.08,0.0,32,0.0,,ok,1,,0.31,2.3212890625,,,,,-1.0969100130080565,2.56,0.4082399653118496,0.32,0.0,0.0,0.0,0.0,0.32,,0,0.0,0.0,0,,0.13354648716870005,,0,0,0,openllmperf_252,single,0,scale_reference,inference-only; no fine-tuning method or training energy,open_llm_perf_leaderboard,1,inference_only_no_finetuning_method_applied
openllmperf_253,none_inference_only,tiny,other,0.03,0.0,32,0.0,,ok,1,,0.299,2.4189453125,,,,,-1.5228787452803376,0.96,-0.017728766960431602,0.12,0.0,0.0,0.0,0.0,0.12,,0,0.0,0.0,0,,0.12360758982640291,,0,0,0,openllmperf_253,single,0,scale_reference,inference-only; no fine-tuning method or training energy,open_llm_perf_leaderboard,1,inference_only_no_finetuning_method_applied
openllmperf_254,none_inference_only,tiny,other,0.08,0.0,32,0.0,,ok,1,,0.3,2.2197265625,,,,,-1.0969100130080565,2.56,0.4082399653118496,0.32,0.0,0.0,0.0,0.0,0.32,,0,0.0,0.0,0,,0.13515178178618564,,0,0,0,openllmperf_254,single,0,scale_reference,inference-only; no fine-tuning method or training energy,open_llm_perf_leaderboard,1,inference_only_no_finetuning_method_applied
openllmperf_255,none_inference_only,tiny,other,0.01,0.0,32,0.0,,ok,1,,0.3,2.0654296875,,,,,-2.0,0.32,-0.494850021680094,0.04,0.0,0.0,0.0,0.0,0.04,,0,0.0,0.0,0,,0.1452482269503546,,0,0,0,openllmperf_255,single,0,scale_reference,inference-only; no fine-tuning method or training energy,open_llm_perf_leaderboard,1,inference_only_no_finetuning_method_applied
openllmperf_256,none_inference_only,tiny,other,0.8,0.0,16,0.0,,ok,1,,0.312,3.0498046875,,,,,-0.09691001300805639,12.8,1.1072099696478683,1.6,0.0,0.0,0.0,0.0,1.6,,0,0.0,0.0,0,,0.1023016330451489,,0,0,0,openllmperf_256,single,0,scale_reference,inference-only; no fine-tuning method or training energy,open_llm_perf_leaderboard,1,inference_only_no_finetuning_method_applied
openllmperf_257,none_inference_only,tiny,other,0.7,0.0,16,0.0,,ok,1,,0.302,4.1435546875,,,,,-0.1549019599857432,11.2,1.0492180226701815,1.4,0.0,0.0,0.0,0.0,1.4,,0,0.0,0.0,0,,0.0728842799905727,,0,0,0,openllmperf_257,single,0,scale_reference,inference-only; no fine-tuning method or training energy,open_llm_perf_leaderboard,1,inference_only_no_finetuning_method_applied
openllmperf_258,none_inference_only,tiny,other,0.01,0.0,16,0.0,,ok,1,,0.3,2.0498046875,,,,,-2.0,0.16,-0.7958800173440752,0.02,0.0,0.0,0.0,0.0,0.02,,0,0.0,0.0,0,,0.14635540733682706,,0,0,0,openllmperf_258,single,0,scale_reference,inference-only; no fine-tuning method or training energy,open_llm_perf_leaderboard,1,inference_only_no_finetuning_method_applied
openllmperf_259,none_inference_only,tiny,other,0.08,0.0,16,0.0,,ok,1,,0.3,2.1162109375,,,,,-1.0969100130080565,1.28,0.10720996964786837,0.16,0.0,0.0,0.0,0.0,0.16,,0,0.0,0.0,0,,0.14176280572219657,,0,0,0,openllmperf_259,single,0,scale_reference,inference-only; no fine-tuning method or training energy,open_llm_perf_leaderboard,1,inference_only_no_finetuning_method_applied
openllmperf_260,none_inference_only,tiny,other,0.08,0.0,16,0.0,,ok,1,,0.31,2.1689453125,,,,,-1.0969100130080565,1.28,0.10720996964786837,0.16,0.0,0.0,0.0,0.0,0.16,,0,0.0,0.0,0,,0.1429266096352994,,0,0,0,openllmperf_260,single,0,scale_reference,inference-only; no fine-tuning method or training energy,open_llm_perf_leaderboard,1,inference_only_no_finetuning_method_applied
openllmperf_261,none_inference_only,small,other,1.0,0.0,16,0.0,,ok,1,,0.306,4.1728515625,,,,,0.0,16.0,1.2041199826559248,2.0,0.0,0.0,0.0,0.0,2.0,,0,0.0,0.0,0,,0.07333114907559092,,0,0,0,openllmperf_261,single,0,scale_reference,inference-only; no fine-tuning method or training energy,open_llm_perf_leaderboard,1,inference_only_no_finetuning_method_applied
openllmperf_262,none_inference_only,tiny,other,0.03,0.0,32,0.0,,ok,1,,0.299,2.1044921875,,,,,-1.5228787452803376,0.96,-0.017728766960431602,0.12,0.0,0.0,0.0,0.0,0.12,,0,0.0,0.0,0,,0.142077030162413,,0,0,0,openllmperf_262,single,0,scale_reference,inference-only; no fine-tuning method or training energy,open_llm_perf_leaderboard,1,inference_only_no_finetuning_method_applied
openllmperf_263,none_inference_only,tiny,other,0.2,0.0,16,0.0,,ok,1,,0.312,2.2353515625,,,,,-0.6989700043360187,3.2,0.505149978319906,0.4,0.0,0.0,0.0,0.0,0.4,,0,0.0,0.0,0,,0.1395753604193971,,0,0,0,openllmperf_263,single,0,scale_reference,inference-only; no fine-tuning method or training energy,open_llm_perf_leaderboard,1,inference_only_no_finetuning_method_applied
openllmperf_264,none_inference_only,tiny,other,0.03,0.0,16,0.0,,ok,1,,0.299,2.0712890625,,,,,-1.5228787452803376,0.48,-0.3187587626244128,0.06,0.0,0.0,0.0,0.0,0.06,,0,0.0,0.0,0,,0.14435454974068834,,0,0,0,openllmperf_264,single,0,scale_reference,inference-only; no fine-tuning method or training energy,open_llm_perf_leaderboard,1,inference_only_no_finetuning_method_applied
openllmperf_265,none_inference_only,tiny,other,0.7,0.0,16,0.0,,ok,1,,0.302,3.1982421875,,,,,-0.1549019599857432,11.2,1.0492180226701815,1.4,0.0,0.0,0.0,0.0,1.4,,0,0.0,0.0,0,,0.09442687022900763,,0,0,0,openllmperf_265,single,0,scale_reference,inference-only; no fine-tuning method or training energy,open_llm_perf_leaderboard,1,inference_only_no_finetuning_method_applied
openllmperf_266,none_inference_only,tiny,other,0.7,0.0,16,0.0,,ok,1,,0.302,3.1982421875,,,,,-0.1549019599857432,11.2,1.0492180226701815,1.4,0.0,0.0,0.0,0.0,1.4,,0,0.0,0.0,0,,0.09442687022900763,,0,0,0,openllmperf_266,single,0,scale_reference,inference-only; no fine-tuning method or training energy,open_llm_perf_leaderboard,1,inference_only_no_finetuning_method_applied
openllmperf_267,none_inference_only,medium,other,10.0,0.0,32,0.0,,ok,1,,0.426,49.8779296875,,,,,1.0,320.0,2.505149978319906,40.0,0.0,0.0,0.0,0.0,40.0,,0,0.0,0.0,0,,0.008540851688693098,,0,0,0,openllmperf_267,single,0,scale_reference,inference-only; no fine-tuning method or training energy,open_llm_perf_leaderboard,1,inference_only_no_finetuning_method_applied
openllmperf_268,none_inference_only,tiny,other,0.08,0.0,16,0.0,,ok,1,,0.31,2.1474609375,,,,,-1.0969100130080565,1.28,0.10720996964786837,0.16,0.0,0.0,0.0,0.0,0.16,,0,0.0,0.0,0,,0.14435652569349705,,0,0,0,openllmperf_268,single,0,scale_reference,inference-only; no fine-tuning method or training energy,open_llm_perf_leaderboard,1,inference_only_no_finetuning_method_applied
openllmperf_269,none_inference_only,tiny,other,0.01,0.0,16,0.0,,ok,1,,0.3,2.0458984375,,,,,-2.0,0.16,-0.7958800173440752,0.02,0.0,0.0,0.0,0.0,0.02,,0,0.0,0.0,0,,0.14663484486873507,,0,0,0,openllmperf_269,single,0,scale_reference,inference-only; no fine-tuning method or training energy,open_llm_perf_leaderboard,1,inference_only_no_finetuning_method_applied
openllmperf_270,none_inference_only,tiny,other,0.01,0.0,16,0.0,,ok,1,,0.3,2.0458984375,,,,,-2.0,0.16,-0.7958800173440752,0.02,0.0,0.0,0.0,0.0,0.02,,0,0.0,0.0,0,,0.14663484486873507,,0,0,0,openllmperf_270,single,0,scale_reference,inference-only; no fine-tuning method or training energy,open_llm_perf_leaderboard,1,inference_only_no_finetuning_method_applied
openllmperf_271,none_inference_only,tiny,other,0.08,0.0,16,0.0,,ok,1,,0.3,2.0927734375,,,,,-1.0969100130080565,1.28,0.10720996964786837,0.16,0.0,0.0,0.0,0.0,0.16,,0,0.0,0.0,0,,0.14335044330377975,,0,0,0,openllmperf_271,single,0,scale_reference,inference-only; no fine-tuning method or training energy,open_llm_perf_leaderboard,1,inference_only_no_finetuning_method_applied
openllmperf_272,none_inference_only,tiny,other,0.2,0.0,32,0.0,,ok,1,,0.321,2.5009765625,,,,,-0.6989700043360187,6.4,0.8061799739838872,0.8,0.0,0.0,0.0,0.0,0.8,,0,0.0,0.0,0,,0.1283498633346349,,0,0,0,openllmperf_272,single,0,scale_reference,inference-only; no fine-tuning method or training energy,open_llm_perf_leaderboard,1,inference_only_no_finetuning_method_applied
openllmperf_273,none_inference_only,tiny,other,0.08,0.0,16,0.0,,ok,1,,0.3,2.0927734375,,,,,-1.0969100130080565,1.28,0.10720996964786837,0.16,0.0,0.0,0.0,0.0,0.16,,0,0.0,0.0,0,,0.14335044330377975,,0,0,0,openllmperf_273,single,0,scale_reference,inference-only; no fine-tuning method or training energy,open_llm_perf_leaderboard,1,inference_only_no_finetuning_method_applied
openllmperf_274,none_inference_only,tiny,other,0.1,0.0,16,0.0,,ok,1,,0.303,2.1240234375,,,,,-1.0,1.6,0.2041199826559248,0.2,0.0,0.0,0.0,0.0,0.2,,0,0.0,0.0,0,,0.14265379310344828,,0,0,0,openllmperf_274,single,0,scale_reference,inference-only; no fine-tuning method or training energy,open_llm_perf_leaderboard,1,inference_only_no_finetuning_method_applied
openllmperf_275,none_inference_only,tiny,other,0.03,0.0,16,0.0,,ok,1,,0.299,2.0615234375,,,,,-1.5228787452803376,0.48,-0.3187587626244128,0.06,0.0,0.0,0.0,0.0,0.06,,0,0.0,0.0,0,,0.14503837044054949,,0,0,0,openllmperf_275,single,0,scale_reference,inference-only; no fine-tuning method or training energy,open_llm_perf_leaderboard,1,inference_only_no_finetuning_method_applied
openllmperf_276,none_inference_only,tiny,other,0.03,0.0,16,0.0,,ok,1,,0.299,2.0615234375,,,,,-1.5228787452803376,0.48,-0.3187587626244128,0.06,0.0,0.0,0.0,0.0,0.06,,0,0.0,0.0,0,,0.14503837044054949,,0,0,0,openllmperf_276,single,0,scale_reference,inference-only; no fine-tuning method or training energy,open_llm_perf_leaderboard,1,inference_only_no_finetuning_method_applied
openllmperf_277,none_inference_only,tiny,other,0.08,0.0,16,0.0,,ok,1,,0.31,2.1474609375,,,,,-1.0969100130080565,1.28,0.10720996964786837,0.16,0.0,0.0,0.0,0.0,0.16,,0,0.0,0.0,0,,0.14435652569349705,,0,0,0,openllmperf_277,single,0,scale_reference,inference-only; no fine-tuning method or training energy,open_llm_perf_leaderboard,1,inference_only_no_finetuning_method_applied
openllmperf_278,none_inference_only,tiny,other,0.7,0.0,32,0.0,,ok,1,,0.302,4.3076171875,,,,,-0.1549019599857432,22.4,1.3502480183341627,2.8,0.0,0.0,0.0,0.0,2.8,,0,0.0,0.0,0,,0.07010836545001134,,0,0,0,openllmperf_278,single,0,scale_reference,inference-only; no fine-tuning method or training energy,open_llm_perf_leaderboard,1,inference_only_no_finetuning_method_applied
openllmperf_279,none_inference_only,tiny,other,0.7,0.0,16,0.0,,ok,1,,0.302,3.1982421875,,,,,-0.1549019599857432,11.2,1.0492180226701815,1.4,0.0,0.0,0.0,0.0,1.4,,0,0.0,0.0,0,,0.09442687022900763,,0,0,0,openllmperf_279,single,0,scale_reference,inference-only; no fine-tuning method or training energy,open_llm_perf_leaderboard,1,inference_only_no_finetuning_method_applied
openllmperf_280,none_inference_only,tiny,other,0.4,0.0,16,0.0,,ok,1,,0.322,2.2041015625,,,,,-0.3979400086720376,6.4,0.8061799739838872,0.8,0.0,0.0,0.0,0.0,0.8,,0,0.0,0.0,0,,0.14609127159946833,,0,0,0,openllmperf_280,single,0,scale_reference,inference-only; no fine-tuning method or training energy,open_llm_perf_leaderboard,1,inference_only_no_finetuning_method_applied
openllmperf_281,none_inference_only,tiny,other,0.7,0.0,16,0.0,,ok,1,,0.302,3.1982421875,,,,,-0.1549019599857432,11.2,1.0492180226701815,1.4,0.0,0.0,0.0,0.0,1.4,,0,0.0,0.0,0,,0.09442687022900763,,0,0,0,openllmperf_281,single,0,scale_reference,inference-only; no fine-tuning method or training energy,open_llm_perf_leaderboard,1,inference_only_no_finetuning_method_applied
openllmperf_282,none_inference_only,tiny,other,0.7,0.0,16,0.0,,ok,1,,0.302,3.1982421875,,,,,-0.1549019599857432,11.2,1.0492180226701815,1.4,0.0,0.0,0.0,0.0,1.4,,0,0.0,0.0,0,,0.09442687022900763,,0,0,0,openllmperf_282,single,0,scale_reference,inference-only; no fine-tuning method or training energy,open_llm_perf_leaderboard,1,inference_only_no_finetuning_method_applied
openllmperf_283,none_inference_only,small,other,1.0,0.0,16,0.0,,ok,1,,0.306,2.7626953125,,,,,0.0,16.0,1.2041199826559248,2.0,0.0,0.0,0.0,0.0,2.0,,0,0.0,0.0,0,,0.11076139978791091,,0,0,0,openllmperf_283,single,0,scale_reference,inference-only; no fine-tuning method or training energy,open_llm_perf_leaderboard,1,inference_only_no_finetuning_method_applied
openllmperf_284,none_inference_only,tiny,other,0.4,0.0,32,0.0,,ok,1,,0.332,3.5927734375,,,,,-0.3979400086720376,12.8,1.1072099696478683,1.6,0.0,0.0,0.0,0.0,1.6,,0,0.0,0.0,0,,0.09240771948899158,,0,0,0,openllmperf_284,single,0,scale_reference,inference-only; no fine-tuning method or training energy,open_llm_perf_leaderboard,1,inference_only_no_finetuning_method_applied
openllmperf_285,none_inference_only,small,other,3.0,0.0,16,0.0,,ok,1,,0.428,3.9521484375,,,,,0.47712125471966244,48.0,1.6812412373755872,6.0,0.0,0.0,0.0,0.0,6.0,,0,0.0,0.0,0,,0.10829552755127254,,0,0,0,openllmperf_285,single,0,scale_reference,inference-only; no fine-tuning method or training energy,open_llm_perf_leaderboard,1,inference_only_no_finetuning_method_applied
openllmperf_286,none_inference_only,tiny,other,0.4,0.0,16,0.0,,ok,1,,0.327,2.3505859375,,,,,-0.3979400086720376,6.4,0.8061799739838872,0.8,0.0,0.0,0.0,0.0,0.8,,0,0.0,0.0,0,,0.13911425010386375,,0,0,0,openllmperf_286,single,0,scale_reference,inference-only; no fine-tuning method or training energy,open_llm_perf_leaderboard,1,inference_only_no_finetuning_method_applied
openllmperf_287,none_inference_only,tiny,other,0.4,0.0,16,0.0,,ok,1,,0.332,2.8544921875,,,,,-0.3979400086720376,6.4,0.8061799739838872,0.8,0.0,0.0,0.0,0.0,0.8,,0,0.0,0.0,0,,0.11630790283954842,,0,0,0,openllmperf_287,single,0,scale_reference,inference-only; no fine-tuning method or training energy,open_llm_perf_leaderboard,1,inference_only_no_finetuning_method_applied
openllmperf_288,none_inference_only,tiny,other,0.4,0.0,16,0.0,,ok,1,,0.332,2.4521484375,,,,,-0.3979400086720376,6.4,0.8061799739838872,0.8,0.0,0.0,0.0,0.0,0.8,,0,0.0,0.0,0,,0.13539147749900438,,0,0,0,openllmperf_288,single,0,scale_reference,inference-only; no fine-tuning method or training energy,open_llm_perf_leaderboard,1,inference_only_no_finetuning_method_applied
openllmperf_289,none_inference_only,tiny,other,0.4,0.0,16,0.0,,ok,1,,0.327,2.3505859375,,,,,-0.3979400086720376,6.4,0.8061799739838872,0.8,0.0,0.0,0.0,0.0,0.8,,0,0.0,0.0,0,,0.13911425010386375,,0,0,0,openllmperf_289,single,0,scale_reference,inference-only; no fine-tuning method or training energy,open_llm_perf_leaderboard,1,inference_only_no_finetuning_method_applied
openllmperf_290,none_inference_only,tiny,other,0.03,0.0,16,0.0,,ok,1,,0.31,2.0341796875,,,,,-1.5228787452803376,0.48,-0.3187587626244128,0.06,0.0,0.0,0.0,0.0,0.06,,0,0.0,0.0,0,,0.15239558329332692,,0,0,0,openllmperf_290,single,0,scale_reference,inference-only; no fine-tuning method or training energy,open_llm_perf_leaderboard,1,inference_only_no_finetuning_method_applied
openllmperf_291,none_inference_only,large,other,30.0,0.0,16,0.0,,ok,1,,0.486,57.8251953125,,,,,1.4771212547196624,480.0,2.681241237375587,60.0,0.0,0.0,0.0,0.0,60.0,,0,0.0,0.0,0,,0.008404640872781314,,0,0,0,openllmperf_291,single,0,scale_reference,inference-only; no fine-tuning method or training energy,open_llm_perf_leaderboard,1,inference_only_no_finetuning_method_applied
openllmperf_292,none_inference_only,tiny,other,0.8,0.0,16,0.0,,ok,1,,0.312,2.6455078125,,,,,-0.09691001300805639,12.8,1.1072099696478683,1.6,0.0,0.0,0.0,0.0,1.6,,0,0.0,0.0,0,,0.11793576965669988,,0,0,0,openllmperf_292,single,0,scale_reference,inference-only; no fine-tuning method or training energy,open_llm_perf_leaderboard,1,inference_only_no_finetuning_method_applied
openllmperf_293,none_inference_only,tiny,other,0.007,0.0,16,0.0,,ok,1,,0.307,2.0400390625,,,,,-2.154901959985743,0.112,-0.9507819773298184,0.014,0.0,0.0,0.0,0.0,0.014,,0,0.0,0.0,0,,0.15048731450454764,,0,0,0,openllmperf_293,single,0,scale_reference,inference-only; no fine-tuning method or training energy,open_llm_perf_leaderboard,1,inference_only_no_finetuning_method_applied
openllmperf_294,none_inference_only,medium,other,8.0,0.0,16,0.0,,ok,1,,0.384,10.5947265625,,,,,0.9030899869919435,128.0,2.1072099696478683,16.0,0.0,0.0,0.0,0.0,16.0,,0,0.0,0.0,0,,0.03624444649276431,,0,0,0,openllmperf_294,single,0,scale_reference,inference-only; no fine-tuning method or training energy,open_llm_perf_leaderboard,1,inference_only_no_finetuning_method_applied
openllmperf_295,none_inference_only,tiny,other,0.4,0.0,16,0.0,,ok,1,,0.332,2.4521484375,,,,,-0.3979400086720376,6.4,0.8061799739838872,0.8,0.0,0.0,0.0,0.0,0.8,,0,0.0,0.0,0,,0.13539147749900438,,0,0,0,openllmperf_295,single,0,scale_reference,inference-only; no fine-tuning method or training energy,open_llm_perf_leaderboard,1,inference_only_no_finetuning_method_applied
openllmperf_296,none_inference_only,tiny,other,0.08,0.0,16,0.0,,ok,1,,0.3,2.1142578125,,,,,-1.0969100130080565,1.28,0.10720996964786837,0.16,0.0,0.0,0.0,0.0,0.16,,0,0.0,0.0,0,,0.14189376443418014,,0,0,0,openllmperf_296,single,0,scale_reference,inference-only; no fine-tuning method or training energy,open_llm_perf_leaderboard,1,inference_only_no_finetuning_method_applied
openllmperf_297,none_inference_only,tiny,other,0.01,0.0,16,0.0,,ok,1,,0.3,2.0556640625,,,,,-2.0,0.16,-0.7958800173440752,0.02,0.0,0.0,0.0,0.0,0.02,,0,0.0,0.0,0,,0.14593824228028504,,0,0,0,openllmperf_297,single,0,scale_reference,inference-only; no fine-tuning method or training energy,open_llm_perf_leaderboard,1,inference_only_no_finetuning_method_applied
openllmperf_298,none_inference_only,tiny,other,0.03,0.0,16,0.0,,ok,1,,0.299,2.0732421875,,,,,-1.5228787452803376,0.48,-0.3187587626244128,0.06,0.0,0.0,0.0,0.0,0.06,,0,0.0,0.0,0,,0.1442185586434291,,0,0,0,openllmperf_298,single,0,scale_reference,inference-only; no fine-tuning method or training energy,open_llm_perf_leaderboard,1,inference_only_no_finetuning_method_applied
openllmperf_299,none_inference_only,medium,other,6.0,0.0,16,0.0,,ok,1,,0.319,13.0771484375,,,,,0.7781512503836436,96.0,1.9822712330395684,12.0,0.0,0.0,0.0,0.0,12.0,,0,0.0,0.0,0,,0.024393697259353298,,0,0,0,openllmperf_299,single,0,scale_reference,inference-only; no fine-tuning method or training energy,open_llm_perf_leaderboard,1,inference_only_no_finetuning_method_applied
openllmperf_300,none_inference_only,large,llama,30.0,0.0,16,0.0,,ok,1,,0.67,19.8935546875,,,,,1.4771212547196624,480.0,2.681241237375587,60.0,0.0,0.0,0.0,0.0,60.0,,0,0.0,0.0,0,,0.033679249914093566,,0,0,0,openllmperf_300,single,0,scale_reference,inference-only; no fine-tuning method or training energy,open_llm_perf_leaderboard,1,inference_only_no_finetuning_method_applied
openllmperf_301,none_inference_only,tiny,other,0.08,0.0,16,0.0,,ok,1,,0.31,2.4208984375,,,,,-1.0969100130080565,1.28,0.10720996964786837,0.16,0.0,0.0,0.0,0.0,0.16,,0,0.0,0.0,0,,0.12805163372327552,,0,0,0,openllmperf_301,single,0,scale_reference,inference-only; no fine-tuning method or training energy,open_llm_perf_leaderboard,1,inference_only_no_finetuning_method_applied
openllmperf_302,none_inference_only,tiny,other,0.2,0.0,16,0.0,,ok,1,,0.312,2.2900390625,,,,,-0.6989700043360187,3.2,0.505149978319906,0.4,0.0,0.0,0.0,0.0,0.4,,0,0.0,0.0,0,,0.13624221748400853,,0,0,0,openllmperf_302,single,0,scale_reference,inference-only; no fine-tuning method or training energy,open_llm_perf_leaderboard,1,inference_only_no_finetuning_method_applied
openllmperf_303,none_inference_only,medium,other,5.0,0.0,16,0.0,,ok,1,,0.377,5.0888671875,,,,,0.6989700043360189,80.0,1.9030899869919435,10.0,0.0,0.0,0.0,0.0,10.0,,0,0.0,0.0,0,,0.07408328535789675,,0,0,0,openllmperf_303,single,0,scale_reference,inference-only; no fine-tuning method or training energy,open_llm_perf_leaderboard,1,inference_only_no_finetuning_method_applied
openllmperf_304,none_inference_only,tiny,other,0.08,0.0,32,0.0,,ok,1,,0.31,2.6767578125,,,,,-1.0969100130080565,2.56,0.4082399653118496,0.32,0.0,0.0,0.0,0.0,0.32,,0,0.0,0.0,0,,0.11581174753739511,,0,0,0,openllmperf_304,single,0,scale_reference,inference-only; no fine-tuning method or training energy,open_llm_perf_leaderboard,1,inference_only_no_finetuning_method_applied
openllmperf_305,none_inference_only,tiny,other,0.08,0.0,16,0.0,,ok,1,,0.31,2.1650390625,,,,,-1.0969100130080565,1.28,0.10720996964786837,0.16,0.0,0.0,0.0,0.0,0.16,,0,0.0,0.0,0,,0.14318448353631033,,0,0,0,openllmperf_305,single,0,scale_reference,inference-only; no fine-tuning method or training energy,open_llm_perf_leaderboard,1,inference_only_no_finetuning_method_applied
openllmperf_306,none_inference_only,tiny,other,0.2,0.0,16,0.0,,ok,1,,0.315,2.1630859375,,,,,-0.6989700043360187,3.2,0.505149978319906,0.4,0.0,0.0,0.0,0.0,0.4,,0,0.0,0.0,0,,0.1456252821670429,,0,0,0,openllmperf_306,single,0,scale_reference,inference-only; no fine-tuning method or training energy,open_llm_perf_leaderboard,1,inference_only_no_finetuning_method_applied
openllmperf_307,none_inference_only,medium,other,10.0,0.0,32,0.0,,ok,1,,0.408,50.0341796875,,,,,1.0,320.0,2.505149978319906,40.0,0.0,0.0,0.0,0.0,40.0,,0,0.0,0.0,0,,0.008154425685566506,,0,0,0,openllmperf_307,single,0,scale_reference,inference-only; no fine-tuning method or training energy,open_llm_perf_leaderboard,1,inference_only_no_finetuning_method_applied
openllmperf_308,none_inference_only,tiny,other,0.2,0.0,16,0.0,,ok,1,,0.308,2.1630859375,,,,,-0.6989700043360187,3.2,0.505149978319906,0.4,0.0,0.0,0.0,0.0,0.4,,0,0.0,0.0,0,,0.14238916478555305,,0,0,0,openllmperf_308,single,0,scale_reference,inference-only; no fine-tuning method or training energy,open_llm_perf_leaderboard,1,inference_only_no_finetuning_method_applied
openllmperf_309,none_inference_only,medium,other,6.0,0.0,16,0.0,,ok,1,,0.319,5.5478515625,,,,,0.7781512503836436,96.0,1.9822712330395684,12.0,0.0,0.0,0.0,0.0,12.0,,0,0.0,0.0,0,,0.05749973596197853,,0,0,0,openllmperf_309,single,0,scale_reference,inference-only; no fine-tuning method or training energy,open_llm_perf_leaderboard,1,inference_only_no_finetuning_method_applied
openllmperf_310,none_inference_only,large,other,20.0,0.0,16,0.0,,ok,1,,0.467,13.8994140625,,,,,1.3010299956639813,320.0,2.505149978319906,40.0,0.0,0.0,0.0,0.0,40.0,,0,0.0,0.0,0,,0.03359853860746154,,0,0,0,openllmperf_310,single,0,scale_reference,inference-only; no fine-tuning method or training energy,open_llm_perf_leaderboard,1,inference_only_no_finetuning_method_applied
openllmperf_311,none_inference_only,medium,other,7.0,0.0,16,0.0,,ok,1,,0.428,15.3056640625,,,,,0.8450980400142568,112.0,2.0492180226701815,14.0,0.0,0.0,0.0,0.0,14.0,,0,0.0,0.0,0,,0.02796350411535762,,0,0,0,openllmperf_311,single,0,scale_reference,inference-only; no fine-tuning method or training energy,open_llm_perf_leaderboard,1,inference_only_no_finetuning_method_applied
openllmperf_312,none_inference_only,medium,other,6.0,0.0,16,0.0,,ok,1,,0.319,13.0771484375,,,,,0.7781512503836436,96.0,1.9822712330395684,12.0,0.0,0.0,0.0,0.0,12.0,,0,0.0,0.0,0,,0.024393697259353298,,0,0,0,openllmperf_312,single,0,scale_reference,inference-only; no fine-tuning method or training energy,open_llm_perf_leaderboard,1,inference_only_no_finetuning_method_applied
openllmperf_313,none_inference_only,tiny,other,0.2,0.0,16,0.0,,ok,1,,0.312,2.2216796875,,,,,-0.6989700043360187,3.2,0.505149978319906,0.4,0.0,0.0,0.0,0.0,0.4,,0,0.0,0.0,0,,0.1404342857142857,,0,0,0,openllmperf_313,single,0,scale_reference,inference-only; no fine-tuning method or training energy,open_llm_perf_leaderboard,1,inference_only_no_finetuning_method_applied
openllmperf_314,none_inference_only,medium,other,4.0,0.0,16,0.0,,ok,1,,0.34299999999999997,6.1513671875,,,,,0.6020599913279624,64.0,1.806179973983887,8.0,0.0,0.0,0.0,0.0,8.0,,0,0.0,0.0,0,,0.05575996189871408,,0,0,0,openllmperf_314,single,0,scale_reference,inference-only; no fine-tuning method or training energy,open_llm_perf_leaderboard,1,inference_only_no_finetuning_method_applied
openllmperf_315,none_inference_only,large,other,20.0,0.0,16,0.0,,ok,1,,0.462,32.0107421875,,,,,1.3010299956639813,320.0,2.505149978319906,40.0,0.0,0.0,0.0,0.0,40.0,,0,0.0,0.0,0,,0.014432655053540378,,0,0,0,openllmperf_315,single,0,scale_reference,inference-only; no fine-tuning method or training energy,open_llm_perf_leaderboard,1,inference_only_no_finetuning_method_applied
openllmperf_316,none_inference_only,large,other,20.0,0.0,16,0.0,,ok,1,,0.467,40.4599609375,,,,,1.3010299956639813,320.0,2.505149978319906,40.0,0.0,0.0,0.0,0.0,40.0,,0,0.0,0.0,0,,0.01154227510801091,,0,0,0,openllmperf_316,single,0,scale_reference,inference-only; no fine-tuning method or training energy,open_llm_perf_leaderboard,1,inference_only_no_finetuning_method_applied
openllmperf_317,none_inference_only,large,other,20.0,0.0,16,0.0,,ok,1,,0.462,11.3955078125,,,,,1.3010299956639813,320.0,2.505149978319906,40.0,0.0,0.0,0.0,0.0,40.0,,0,0.0,0.0,0,,0.040542291541691665,,0,0,0,openllmperf_317,single,0,scale_reference,inference-only; no fine-tuning method or training energy,open_llm_perf_leaderboard,1,inference_only_no_finetuning_method_applied
openllmperf_318,none_inference_only,tiny,other,0.2,0.0,16,0.0,,ok,1,,0.311,2.2685546875,,,,,-0.6989700043360187,3.2,0.505149978319906,0.4,0.0,0.0,0.0,0.0,0.4,,0,0.0,0.0,0,,0.13709169177787345,,0,0,0,openllmperf_318,single,0,scale_reference,inference-only; no fine-tuning method or training energy,open_llm_perf_leaderboard,1,inference_only_no_finetuning_method_applied
openllmperf_319,none_inference_only,medium,other,10.0,0.0,32,0.0,,ok,1,,0.45399999999999996,46.2509765625,,,,,1.0,320.0,2.505149978319906,40.0,0.0,0.0,0.0,0.0,40.0,,0,0.0,0.0,0,,0.009816008952513671,,0,0,0,openllmperf_319,single,0,scale_reference,inference-only; no fine-tuning method or training energy,open_llm_perf_leaderboard,1,inference_only_no_finetuning_method_applied
openllmperf_320,none_inference_only,medium,other,6.0,0.0,32,0.0,,ok,1,,0.319,24.0361328125,,,,,0.7781512503836436,192.0,2.2833012287035497,24.0,0.0,0.0,0.0,0.0,24.0,,0,0.0,0.0,0,,0.01327168569455166,,0,0,0,openllmperf_320,single,0,scale_reference,inference-only; no fine-tuning method or training energy,open_llm_perf_leaderboard,1,inference_only_no_finetuning_method_applied
openllmperf_321,none_inference_only,medium,other,7.0,0.0,16,0.0,,ok,1,,0.5,8.5263671875,,,,,0.8450980400142568,112.0,2.0492180226701815,14.0,0.0,0.0,0.0,0.0,14.0,,0,0.0,0.0,0,,0.05864162180735311,,0,0,0,openllmperf_321,single,0,scale_reference,inference-only; no fine-tuning method or training energy,open_llm_perf_leaderboard,1,inference_only_no_finetuning_method_applied
openllmperf_322,none_inference_only,medium,other,7.0,0.0,32,0.0,,ok,1,,0.428,28.4638671875,,,,,0.8450980400142568,224.0,2.3502480183341627,28.0,0.0,0.0,0.0,0.0,28.0,,0,0.0,0.0,0,,0.015036607541084846,,0,0,0,openllmperf_322,single,0,scale_reference,inference-only; no fine-tuning method or training energy,open_llm_perf_leaderboard,1,inference_only_no_finetuning_method_applied
openllmperf_323,none_inference_only,medium,other,6.0,0.0,16,0.0,,ok,1,,0.319,0.1875,,,,,0.7781512503836436,96.0,1.9822712330395684,12.0,0.0,0.0,0.0,0.0,12.0,,0,0.0,0.0,0,,1.7013333333333334,,0,0,0,openllmperf_323,single,0,scale_reference,inference-only; no fine-tuning method or training energy,open_llm_perf_leaderboard,1,inference_only_no_finetuning_method_applied
openllmperf_324,none_inference_only,medium,other,7.0,0.0,16,0.0,,ok,1,,0.428,15.3056640625,,,,,0.8450980400142568,112.0,2.0492180226701815,14.0,0.0,0.0,0.0,0.0,14.0,,0,0.0,0.0,0,,0.02796350411535762,,0,0,0,openllmperf_324,single,0,scale_reference,inference-only; no fine-tuning method or training energy,open_llm_perf_leaderboard,1,inference_only_no_finetuning_method_applied
openllmperf_325,none_inference_only,medium,other,7.0,0.0,16,0.0,,ok,1,,0.428,6.4619140625,,,,,0.8450980400142568,112.0,2.0492180226701815,14.0,0.0,0.0,0.0,0.0,14.0,,0,0.0,0.0,0,,0.06623424512619011,,0,0,0,openllmperf_325,single,0,scale_reference,inference-only; no fine-tuning method or training energy,open_llm_perf_leaderboard,1,inference_only_no_finetuning_method_applied
openllmperf_326,none_inference_only,large,other,20.0,0.0,16,0.0,,ok,1,,0.467,13.8994140625,,,,,1.3010299956639813,320.0,2.505149978319906,40.0,0.0,0.0,0.0,0.0,40.0,,0,0.0,0.0,0,,0.03359853860746154,,0,0,0,openllmperf_326,single,0,scale_reference,inference-only; no fine-tuning method or training energy,open_llm_perf_leaderboard,1,inference_only_no_finetuning_method_applied
openllmperf_327,none_inference_only,large,other,20.0,0.0,16,0.0,,ok,1,,0.462,32.0107421875,,,,,1.3010299956639813,320.0,2.505149978319906,40.0,0.0,0.0,0.0,0.0,40.0,,0,0.0,0.0,0,,0.014432655053540378,,0,0,0,openllmperf_327,single,0,scale_reference,inference-only; no fine-tuning method or training energy,open_llm_perf_leaderboard,1,inference_only_no_finetuning_method_applied
openllmperf_328,none_inference_only,large,other,20.0,0.0,16,0.0,,ok,1,,0.462,11.3955078125,,,,,1.3010299956639813,320.0,2.505149978319906,40.0,0.0,0.0,0.0,0.0,40.0,,0,0.0,0.0,0,,0.040542291541691665,,0,0,0,openllmperf_328,single,0,scale_reference,inference-only; no fine-tuning method or training energy,open_llm_perf_leaderboard,1,inference_only_no_finetuning_method_applied
openllmperf_329,none_inference_only,medium,other,7.0,0.0,16,0.0,,ok,1,,0.428,6.4619140625,,,,,0.8450980400142568,112.0,2.0492180226701815,14.0,0.0,0.0,0.0,0.0,14.0,,0,0.0,0.0,0,,0.06623424512619011,,0,0,0,openllmperf_329,single,0,scale_reference,inference-only; no fine-tuning method or training energy,open_llm_perf_leaderboard,1,inference_only_no_finetuning_method_applied
openllmperf_330,none_inference_only,large,other,20.0,0.0,16,0.0,,ok,1,,0.467,40.4599609375,,,,,1.3010299956639813,320.0,2.505149978319906,40.0,0.0,0.0,0.0,0.0,40.0,,0,0.0,0.0,0,,0.01154227510801091,,0,0,0,openllmperf_330,single,0,scale_reference,inference-only; no fine-tuning method or training energy,open_llm_perf_leaderboard,1,inference_only_no_finetuning_method_applied
openllmperf_331,none_inference_only,small,other,1.0,0.0,16,0.0,,ok,1,,0.306,3.2314453125,,,,,0.0,16.0,1.2041199826559248,2.0,0.0,0.0,0.0,0.0,2.0,,0,0.0,0.0,0,,0.0946944696282865,,0,0,0,openllmperf_331,single,0,scale_reference,inference-only; no fine-tuning method or training energy,open_llm_perf_leaderboard,1,inference_only_no_finetuning_method_applied
openllmperf_332,none_inference_only,large,other,20.0,0.0,16,0.0,,ok,1,,0.5579999999999999,18.0224609375,,,,,1.3010299956639813,320.0,2.505149978319906,40.0,0.0,0.0,0.0,0.0,40.0,,0,0.0,0.0,0,,0.030961365483608776,,0,0,0,openllmperf_332,single,0,scale_reference,inference-only; no fine-tuning method or training energy,open_llm_perf_leaderboard,1,inference_only_no_finetuning_method_applied
openllmperf_333,none_inference_only,small,other,1.0,0.0,16,0.0,,ok,1,,0.38299999999999995,3.6416015625,,,,,0.0,16.0,1.2041199826559248,2.0,0.0,0.0,0.0,0.0,2.0,,0,0.0,0.0,0,,0.10517350496111556,,0,0,0,openllmperf_333,single,0,scale_reference,inference-only; no fine-tuning method or training energy,open_llm_perf_leaderboard,1,inference_only_no_finetuning_method_applied
openllmperf_334,none_inference_only,small,other,1.0,0.0,16,0.0,,ok,1,,0.384,3.3603515625,,,,,0.0,16.0,1.2041199826559248,2.0,0.0,0.0,0.0,0.0,2.0,,0,0.0,0.0,0,,0.11427375762859635,,0,0,0,openllmperf_334,single,0,scale_reference,inference-only; no fine-tuning method or training energy,open_llm_perf_leaderboard,1,inference_only_no_finetuning_method_applied
openllmperf_335,none_inference_only,huge,other,70.0,0.0,16,0.0,,ok,1,,0.462,37.1064453125,,,,,1.845098040014257,1120.0,3.0492180226701815,140.0,0.0,0.0,0.0,0.0,140.0,,0,0.0,0.0,0,,0.012450667157933522,,0,0,0,openllmperf_335,single,0,scale_reference,inference-only; no fine-tuning method or training energy,open_llm_perf_leaderboard,1,inference_only_no_finetuning_method_applied
openllmperf_336,none_inference_only,tiny,other,0.4,0.0,16,0.0,,ok,1,,0.342,2.4091796875,,,,,-0.3979400086720376,6.4,0.8061799739838872,0.8,0.0,0.0,0.0,0.0,0.8,,0,0.0,0.0,0,,0.14195703283340091,,0,0,0,openllmperf_336,single,0,scale_reference,inference-only; no fine-tuning method or training energy,open_llm_perf_leaderboard,1,inference_only_no_finetuning_method_applied
openllmperf_337,none_inference_only,tiny,other,0.4,0.0,16,0.0,,ok,1,,0.332,2.6123046875,,,,,-0.3979400086720376,6.4,0.8061799739838872,0.8,0.0,0.0,0.0,0.0,0.8,,0,0.0,0.0,0,,0.12709084112149532,,0,0,0,openllmperf_337,single,0,scale_reference,inference-only; no fine-tuning method or training energy,open_llm_perf_leaderboard,1,inference_only_no_finetuning_method_applied
openllmperf_338,none_inference_only,small,other,1.0,0.0,16,0.0,,ok,1,,0.38,3.4541015625,,,,,0.0,16.0,1.2041199826559248,2.0,0.0,0.0,0.0,0.0,2.0,,0,0.0,0.0,0,,0.11001413627367826,,0,0,0,openllmperf_338,single,0,scale_reference,inference-only; no fine-tuning method or training energy,open_llm_perf_leaderboard,1,inference_only_no_finetuning_method_applied
openllmperf_339,none_inference_only,large,other,20.0,0.0,32,0.0,,ok,1,,0.462,0.1875,,,,,1.3010299956639813,640.0,2.806179973983887,80.0,0.0,0.0,0.0,0.0,80.0,,0,0.0,0.0,0,,2.464,,0,0,0,openllmperf_339,single,0,scale_reference,inference-only; no fine-tuning method or training energy,open_llm_perf_leaderboard,1,inference_only_no_finetuning_method_applied
openllmperf_340,none_inference_only,tiny,other,0.8,0.0,16,0.0,,ok,1,,0.312,2.8017578125,,,,,-0.09691001300805639,12.8,1.1072099696478683,1.6,0.0,0.0,0.0,0.0,1.6,,0,0.0,0.0,0,,0.11135866155454863,,0,0,0,openllmperf_340,single,0,scale_reference,inference-only; no fine-tuning method or training energy,open_llm_perf_leaderboard,1,inference_only_no_finetuning_method_applied
openllmperf_341,none_inference_only,tiny,other,0.4,0.0,16,0.0,,ok,1,,0.322,2.3603515625,,,,,-0.3979400086720376,6.4,0.8061799739838872,0.8,0.0,0.0,0.0,0.0,0.8,,0,0.0,0.0,0,,0.1364203558129913,,0,0,0,openllmperf_341,single,0,scale_reference,inference-only; no fine-tuning method or training energy,open_llm_perf_leaderboard,1,inference_only_no_finetuning_method_applied
openllmperf_342,none_inference_only,large,other,30.0,0.0,16,0.0,,ok,1,,0.612,30.7119140625,,,,,1.4771212547196624,480.0,2.681241237375587,60.0,0.0,0.0,0.0,0.0,60.0,,0,0.0,0.0,0,,0.019927120099208242,,0,0,0,openllmperf_342,single,0,scale_reference,inference-only; no fine-tuning method or training energy,open_llm_perf_leaderboard,1,inference_only_no_finetuning_method_applied
openllmperf_343,none_inference_only,tiny,other,0.4,0.0,16,0.0,,ok,1,,0.327,2.4873046875,,,,,-0.3979400086720376,6.4,0.8061799739838872,0.8,0.0,0.0,0.0,0.0,0.8,,0,0.0,0.0,0,,0.1314676089517079,,0,0,0,openllmperf_343,single,0,scale_reference,inference-only; no fine-tuning method or training energy,open_llm_perf_leaderboard,1,inference_only_no_finetuning_method_applied
openllmperf_344,none_inference_only,medium,other,6.0,0.0,16,0.0,,ok,1,,0.319,7.9658203125,,,,,0.7781512503836436,96.0,1.9822712330395684,12.0,0.0,0.0,0.0,0.0,12.0,,0,0.0,0.0,0,,0.04004609537820277,,0,0,0,openllmperf_344,single,0,scale_reference,inference-only; no fine-tuning method or training energy,open_llm_perf_leaderboard,1,inference_only_no_finetuning_method_applied
openllmperf_345,none_inference_only,small,other,3.0,0.0,16,0.0,,ok,1,,0.428,5.2099609375,,,,,0.47712125471966244,48.0,1.6812412373755872,6.0,0.0,0.0,0.0,0.0,6.0,,0,0.0,0.0,0,,0.08215032802249297,,0,0,0,openllmperf_345,single,0,scale_reference,inference-only; no fine-tuning method or training energy,open_llm_perf_leaderboard,1,inference_only_no_finetuning_method_applied
openllmperf_346,none_inference_only,medium,other,7.0,0.0,16,0.0,,ok,1,,0.469,9.0439453125,,,,,0.8450980400142568,112.0,2.0492180226701815,14.0,0.0,0.0,0.0,0.0,14.0,,0,0.0,0.0,0,,0.05185789871504157,,0,0,0,openllmperf_346,single,0,scale_reference,inference-only; no fine-tuning method or training energy,open_llm_perf_leaderboard,1,inference_only_no_finetuning_method_applied
openllmperf_347,none_inference_only,medium,other,7.0,0.0,16,0.0,,ok,1,,0.419,8.5009765625,,,,,0.8450980400142568,112.0,2.0492180226701815,14.0,0.0,0.0,0.0,0.0,14.0,,0,0.0,0.0,0,,0.049288454910970704,,0,0,0,openllmperf_347,single,0,scale_reference,inference-only; no fine-tuning method or training energy,open_llm_perf_leaderboard,1,inference_only_no_finetuning_method_applied
openllmperf_348,none_inference_only,huge,other,70.0,0.0,16,0.0,,ok,1,,0.462,37.1064453125,,,,,1.845098040014257,1120.0,3.0492180226701815,140.0,0.0,0.0,0.0,0.0,140.0,,0,0.0,0.0,0,,0.012450667157933522,,0,0,0,openllmperf_348,single,0,scale_reference,inference-only; no fine-tuning method or training energy,open_llm_perf_leaderboard,1,inference_only_no_finetuning_method_applied
openllmperf_349,none_inference_only,medium,other,7.0,0.0,16,0.0,,ok,1,,0.426,8.4853515625,,,,,0.8450980400142568,112.0,2.0492180226701815,14.0,0.0,0.0,0.0,0.0,14.0,,0,0.0,0.0,0,,0.05020416618713316,,0,0,0,openllmperf_349,single,0,scale_reference,inference-only; no fine-tuning method or training energy,open_llm_perf_leaderboard,1,inference_only_no_finetuning_method_applied
openllmperf_350,none_inference_only,medium,other,7.0,0.0,16,0.0,,ok,1,,0.474,9.6630859375,,,,,0.8450980400142568,112.0,2.0492180226701815,14.0,0.0,0.0,0.0,0.0,14.0,,0,0.0,0.0,0,,0.04905265285497726,,0,0,0,openllmperf_350,single,0,scale_reference,inference-only; no fine-tuning method or training energy,open_llm_perf_leaderboard,1,inference_only_no_finetuning_method_applied
openllmperf_351,none_inference_only,small,other,3.0,0.0,16,0.0,,ok,1,,0.406,4.7275390625,,,,,0.47712125471966244,48.0,1.6812412373755872,6.0,0.0,0.0,0.0,0.0,6.0,,0,0.0,0.0,0,,0.08587977690559802,,0,0,0,openllmperf_351,single,0,scale_reference,inference-only; no fine-tuning method or training energy,open_llm_perf_leaderboard,1,inference_only_no_finetuning_method_applied
openllmperf_352,none_inference_only,small,other,3.0,0.0,16,0.0,,ok,1,,0.401,4.7275390625,,,,,0.47712125471966244,48.0,1.6812412373755872,6.0,0.0,0.0,0.0,0.0,6.0,,0,0.0,0.0,0,,0.08482214418508573,,0,0,0,openllmperf_352,single,0,scale_reference,inference-only; no fine-tuning method or training energy,open_llm_perf_leaderboard,1,inference_only_no_finetuning_method_applied
openllmperf_353,none_inference_only,medium,other,9.0,0.0,16,0.0,,ok,1,,0.39799999999999996,10.0712890625,,,,,0.9542425094393249,144.0,2.1583624920952498,18.0,0.0,0.0,0.0,0.0,18.0,,0,0.0,0.0,0,,0.039518277901677494,,0,0,0,openllmperf_353,single,0,scale_reference,inference-only; no fine-tuning method or training energy,open_llm_perf_leaderboard,1,inference_only_no_finetuning_method_applied
openllmperf_354,none_inference_only,huge,llama,70.0,0.0,16,0.0,,ok,1,,0.7140000000000001,39.1904296875,,,,,1.845098040014257,1120.0,3.0492180226701815,140.0,0.0,0.0,0.0,0.0,140.0,,0,0.0,0.0,0,,0.01821873364730508,,0,0,0,openllmperf_354,single,0,scale_reference,inference-only; no fine-tuning method or training energy,open_llm_perf_leaderboard,1,inference_only_no_finetuning_method_applied
openllmperf_355,none_inference_only,medium,other,10.0,0.0,16,0.0,,ok,1,,0.45399999999999996,13.9091796875,,,,,1.0,160.0,2.2041199826559246,20.0,0.0,0.0,0.0,0.0,20.0,,0,0.0,0.0,0,,0.03264031454047602,,0,0,0,openllmperf_355,single,0,scale_reference,inference-only; no fine-tuning method or training energy,open_llm_perf_leaderboard,1,inference_only_no_finetuning_method_applied
openllmperf_356,none_inference_only,small,llama,3.0,0.0,16,0.0,,ok,1,,0.434,5.7216796875,,,,,0.47712125471966244,48.0,1.6812412373755872,6.0,0.0,0.0,0.0,0.0,6.0,,0,0.0,0.0,0,,0.07585185185185185,,0,0,0,openllmperf_356,single,0,scale_reference,inference-only; no fine-tuning method or training energy,open_llm_perf_leaderboard,1,inference_only_no_finetuning_method_applied
openllmperf_357,none_inference_only,small,other,3.0,0.0,16,0.0,,ok,1,,0.39,4.9130859375,,,,,0.47712125471966244,48.0,1.6812412373755872,6.0,0.0,0.0,0.0,0.0,6.0,,0,0.0,0.0,0,,0.07937984496124031,,0,0,0,openllmperf_357,single,0,scale_reference,inference-only; no fine-tuning method or training energy,open_llm_perf_leaderboard,1,inference_only_no_finetuning_method_applied
openllmperf_358,none_inference_only,medium,llama,7.0,0.0,16,0.0,,ok,1,,0.5820000000000001,8.9736328125,,,,,0.8450980400142568,112.0,2.0492180226701815,14.0,0.0,0.0,0.0,0.0,14.0,,0,0.0,0.0,0,,0.06485667646098597,,0,0,0,openllmperf_358,single,0,scale_reference,inference-only; no fine-tuning method or training energy,open_llm_perf_leaderboard,1,inference_only_no_finetuning_method_applied
openllmperf_359,none_inference_only,medium,other,6.0,0.0,16,0.0,,ok,1,,0.496,8.2548828125,,,,,0.7781512503836436,96.0,1.9822712330395684,12.0,0.0,0.0,0.0,0.0,12.0,,0,0.0,0.0,0,,0.06008565006506566,,0,0,0,openllmperf_359,single,0,scale_reference,inference-only; no fine-tuning method or training energy,open_llm_perf_leaderboard,1,inference_only_no_finetuning_method_applied
openllmperf_360,none_inference_only,large,other,20.0,0.0,16,0.0,,ok,1,,0.462,18.0166015625,,,,,1.3010299956639813,320.0,2.505149978319906,40.0,0.0,0.0,0.0,0.0,40.0,,0,0.0,0.0,0,,0.025643015881619602,,0,0,0,openllmperf_360,single,0,scale_reference,inference-only; no fine-tuning method or training energy,open_llm_perf_leaderboard,1,inference_only_no_finetuning_method_applied
openllmperf_361,none_inference_only,medium,other,7.0,0.0,16,0.0,,ok,1,,0.428,9.2548828125,,,,,0.8450980400142568,112.0,2.0492180226701815,14.0,0.0,0.0,0.0,0.0,14.0,,0,0.0,0.0,0,,0.04624585839400654,,0,0,0,openllmperf_361,single,0,scale_reference,inference-only; no fine-tuning method or training energy,open_llm_perf_leaderboard,1,inference_only_no_finetuning_method_applied
openllmperf_362,none_inference_only,medium,other,10.0,0.0,16,0.0,,ok,1,,0.426,14.3896484375,,,,,1.0,160.0,2.2041199826559246,20.0,0.0,0.0,0.0,0.0,20.0,,0,0.0,0.0,0,,0.029604614862572105,,0,0,0,openllmperf_362,single,0,scale_reference,inference-only; no fine-tuning method or training energy,open_llm_perf_leaderboard,1,inference_only_no_finetuning_method_applied
openllmperf_363,none_inference_only,large,other,20.0,0.0,16,0.0,,ok,1,,0.467,22.2451171875,,,,,1.3010299956639813,320.0,2.505149978319906,40.0,0.0,0.0,0.0,0.0,40.0,,0,0.0,0.0,0,,0.020993371087405066,,0,0,0,openllmperf_363,single,0,scale_reference,inference-only; no fine-tuning method or training energy,open_llm_perf_leaderboard,1,inference_only_no_finetuning_method_applied
openllmperf_364,none_inference_only,large,other,30.0,0.0,16,0.0,,ok,1,,0.486,30.5556640625,,,,,1.4771212547196624,480.0,2.681241237375587,60.0,0.0,0.0,0.0,0.0,60.0,,0,0.0,0.0,0,,0.015905398063217106,,0,0,0,openllmperf_364,single,0,scale_reference,inference-only; no fine-tuning method or training energy,open_llm_perf_leaderboard,1,inference_only_no_finetuning_method_applied
openllmperf_365,none_inference_only,medium,llama,10.0,0.0,16,0.0,,ok,1,,0.626,15.1591796875,,,,,1.0,160.0,2.2041199826559246,20.0,0.0,0.0,0.0,0.0,20.0,,0,0.0,0.0,0,,0.04129511048122141,,0,0,0,openllmperf_365,single,0,scale_reference,inference-only; no fine-tuning method or training energy,open_llm_perf_leaderboard,1,inference_only_no_finetuning_method_applied
openllmperf_366,none_inference_only,medium,other,5.0,0.0,16,0.0,,ok,1,,0.377,6.7880859375,,,,,0.6989700043360189,80.0,1.9030899869919435,10.0,0.0,0.0,0.0,0.0,10.0,,0,0.0,0.0,0,,0.05553848367141419,,0,0,0,openllmperf_366,single,0,scale_reference,inference-only; no fine-tuning method or training energy,open_llm_perf_leaderboard,1,inference_only_no_finetuning_method_applied
openllmperf_367,none_inference_only,huge,other,70.0,0.0,16,0.0,,ok,1,,0.462,64.2255859375,,,,,1.845098040014257,1120.0,3.0492180226701815,140.0,0.0,0.0,0.0,0.0,140.0,,0,0.0,0.0,0,,0.007193394863685435,,0,0,0,openllmperf_367,single,0,scale_reference,inference-only; no fine-tuning method or training energy,open_llm_perf_leaderboard,1,inference_only_no_finetuning_method_applied
openllmperf_368,none_inference_only,large,llama,30.0,0.0,16,0.0,,ok,1,,0.67,34.1962890625,,,,,1.4771212547196624,480.0,2.681241237375587,60.0,0.0,0.0,0.0,0.0,60.0,,0,0.0,0.0,0,,0.01959276922637576,,0,0,0,openllmperf_368,single,0,scale_reference,inference-only; no fine-tuning method or training energy,open_llm_perf_leaderboard,1,inference_only_no_finetuning_method_applied
openllmperf_369,none_inference_only,huge,llama,70.0,0.0,16,0.0,,ok,1,,0.7140000000000001,67.6416015625,,,,,1.845098040014257,1120.0,3.0492180226701815,140.0,0.0,0.0,0.0,0.0,140.0,,0,0.0,0.0,0,,0.010555634158665995,,0,0,0,openllmperf_369,single,0,scale_reference,inference-only; no fine-tuning method or training energy,open_llm_perf_leaderboard,1,inference_only_no_finetuning_method_applied
llmenergy_0_gpt-3,pretrain_full_scratch,huge,other,175.0,0.0,16,0.0,,ok,1,1.0,,,1287000.0,552000.0,1278720.0,836550.0,2.2430380486862944,2800.0,3.4471580313422194,350.0,0.01,1.75,14.0,7.0,371.0,,0,0.0,0.0,0,,,7.820320320320321e-07,1,0,0,llmenergy_0_gpt-3,single,1,context_only,pretraining-from-scratch; energy scale 9+ orders larger,llmenergy_frontier_pretraining,1,PRETRAINING_FROM_SCRATCH_NOT_FINETUNING -- energy/time are 9+ orders of magnitude larger than single-GPU PEFT runs.
llmenergy_1_gpt-4,pretrain_full_scratch,huge,other,1800.0,0.0,16,0.0,,ok,1,1.0,,,16099378.0,5184000.0,7776000.0,10464595.700000001,3.255272505103306,28800.0,4.459392487759231,3600.0,0.01,18.0,144.0,72.0,3816.0,,0,0.0,0.0,0,,,1.286008230452675e-07,1,0,0,llmenergy_1_gpt-4,single,1,context_only,pretraining-from-scratch; energy scale 9+ orders larger,llmenergy_frontier_pretraining,1,PRETRAINING_FROM_SCRATCH_NOT_FINETUNING -- energy/time are 9+ orders of magnitude larger than single-GPU PEFT runs.
llmenergy_2_palm,pretrain_full_scratch,huge,other,540.0,0.0,16,0.0,,ok,1,1.0,,,3436000.0,271400.0,4320000.0,2233400.0,2.7323937598229686,8640.0,3.936513742478893,1080.0,0.01,5.4,43.2,21.6,1144.8,,0,0.0,0.0,0,,,2.3148148148148148e-07,1,0,0,llmenergy_2_palm,single,1,context_only,pretraining-from-scratch; energy scale 9+ orders larger,llmenergy_frontier_pretraining,1,PRETRAINING_FROM_SCRATCH_NOT_FINETUNING -- energy/time are 9+ orders of magnitude larger than single-GPU PEFT runs.
llmenergy_3_bloom,pretrain_full_scratch,huge,other,176.0,0.0,16,0.0,,ok,1,1.0,,,433196.0,24700.0,10152000.0,281577.4,2.24551266781415,2816.0,3.4496326504700745,352.0,0.01,1.76,14.08,7.04,373.12,,0,0.0,0.0,0,,,9.850275807722617e-08,1,0,0,llmenergy_3_bloom,single,1,context_only,pretraining-from-scratch; energy scale 9+ orders larger,llmenergy_frontier_pretraining,1,PRETRAINING_FROM_SCRATCH_NOT_FINETUNING -- energy/time are 9+ orders of magnitude larger than single-GPU PEFT runs.
llmenergy_4_deepseek-v3,pretrain_full_scratch,huge,other,671.0,0.0,16,0.0,,ok,1,1.0,,,1123598.0,629215.0,4899600.0,730338.7000000001,2.826722520168992,10736.0,4.030842502824917,1342.0,0.01,6.71,53.68,26.84,1422.52,,0,0.0,0.0,0,,,2.0409829373826434e-07,1,0,0,llmenergy_4_deepseek-v3,single,1,context_only,pretraining-from-scratch; energy scale 9+ orders larger,llmenergy_frontier_pretraining,1,PRETRAINING_FROM_SCRATCH_NOT_FINETUNING -- energy/time are 9+ orders of magnitude larger than single-GPU PEFT runs.
llmenergy_5_llama_3.1,pretrain_full_scratch,huge,llama,405.0,0.0,16,0.0,,ok,1,1.0,,,24841800.0,8930000.0,6940800.0,16147170.0,2.6074550232146687,6480.0,3.8115750058705933,810.0,0.01,4.05,32.4,16.2,858.6,,0,0.0,0.0,0,,,1.4407561088059013e-07,1,0,0,llmenergy_5_llama_3.1,single,1,context_only,pretraining-from-scratch; energy scale 9+ orders larger,llmenergy_frontier_pretraining,1,PRETRAINING_FROM_SCRATCH_NOT_FINETUNING -- energy/time are 9+ orders of magnitude larger than single-GPU PEFT runs.
llmenergy_6_claude_3_opus,pretrain_full_scratch,huge,other,2000.0,0.0,16,0.0,,ok,1,1.0,,,,,,,3.3010299956639813,32000.0,4.505149978319906,4000.0,0.01,20.0,160.0,80.0,4240.0,,0,0.0,0.0,0,,,,1,0,0,llmenergy_6_claude_3_opus,single,0,context_only,pretraining-from-scratch; energy scale 9+ orders larger,llmenergy_frontier_pretraining,0,PRETRAINING_FROM_SCRATCH_NOT_FINETUNING -- energy/time are 9+ orders of magnitude larger than single-GPU PEFT runs.
llmenergy_7_claude_3_sonnet,pretrain_full_scratch,huge,other,70.0,0.0,16,0.0,,ok,1,1.0,,,,,,,1.845098040014257,1120.0,3.0492180226701815,140.0,0.01,0.7000000000000001,5.6000000000000005,2.8000000000000003,148.4,,0,0.0,0.0,0,,,,1,0,0,llmenergy_7_claude_3_sonnet,single,0,context_only,pretraining-from-scratch; energy scale 9+ orders larger,llmenergy_frontier_pretraining,0,PRETRAINING_FROM_SCRATCH_NOT_FINETUNING -- energy/time are 9+ orders of magnitude larger than single-GPU PEFT runs.
llmenergy_8_claude_3_haiku,pretrain_full_scratch,large,other,20.0,0.0,16,0.0,,ok,1,1.0,,,,,,,1.3010299956639813,320.0,2.505149978319906,40.0,0.01,0.2,1.6,0.8,42.4,,0,0.0,0.0,0,,,,1,0,0,llmenergy_8_claude_3_haiku,single,0,context_only,pretraining-from-scratch; energy scale 9+ orders larger,llmenergy_frontier_pretraining,0,PRETRAINING_FROM_SCRATCH_NOT_FINETUNING -- energy/time are 9+ orders of magnitude larger than single-GPU PEFT runs.
llmenergy_9_gemini_1.0_ultra,pretrain_full_scratch,huge,other,550.0,0.0,16,0.0,,ok,1,1.0,,,,,,,2.7403626894942437,8800.0,3.9444826721501687,1100.0,0.01,5.5,44.0,22.0,1166.0,,0,0.0,0.0,0,,,,1,0,0,llmenergy_9_gemini_1.0_ultra,single,0,context_only,pretraining-from-scratch; energy scale 9+ orders larger,llmenergy_frontier_pretraining,0,PRETRAINING_FROM_SCRATCH_NOT_FINETUNING -- energy/time are 9+ orders of magnitude larger than single-GPU PEFT runs.
llmenergy_11_t5,pretrain_full_scratch,medium,other,11.0,0.0,16,0.0,,ok,1,1.0,,,123900.0,46700.0,1728000.0,80535.0,1.0413926851582251,176.0,2.24551266781415,22.0,0.01,0.11,0.88,0.44,23.32,,0,0.0,0.0,0,,,5.787037037037037e-07,1,0,0,llmenergy_11_t5,single,1,context_only,pretraining-from-scratch; energy scale 9+ orders larger,llmenergy_frontier_pretraining,1,PRETRAINING_FROM_SCRATCH_NOT_FINETUNING -- energy/time are 9+ orders of magnitude larger than single-GPU PEFT runs.
llmenergy_12_gshard,pretrain_full_scratch,huge,other,619.0,0.0,16,0.0,,ok,1,1.0,,,36403.0,4300.0,267840.0,23661.95,2.791690649020118,9904.0,3.9958106316760427,1238.0,0.01,6.19,49.52,24.76,1312.28,,0,0.0,0.0,0,,,3.7335722819593786e-06,1,0,0,llmenergy_12_gshard,single,1,context_only,pretraining-from-scratch; energy scale 9+ orders larger,llmenergy_frontier_pretraining,1,PRETRAINING_FROM_SCRATCH_NOT_FINETUNING -- energy/time are 9+ orders of magnitude larger than single-GPU PEFT runs.
llmenergy_13_switch,pretrain_full_scratch,huge,other,1500.0,0.0,16,0.0,,ok,1,1.0,,,320760.0,59100.0,2332800.0,208494.0,3.1760912590556813,24000.0,4.380211241711606,3000.0,0.01,15.0,120.0,60.0,3180.0,,0,0.0,0.0,0,,,4.2866941015089163e-07,1,0,0,llmenergy_13_switch,single,1,context_only,pretraining-from-scratch; energy scale 9+ orders larger,llmenergy_frontier_pretraining,1,PRETRAINING_FROM_SCRATCH_NOT_FINETUNING -- energy/time are 9+ orders of magnitude larger than single-GPU PEFT runs.
llmenergy_14_xlm,pretrain_full_scratch,tiny,other,0.55,0.0,16,0.0,,ok,1,1.0,,,82637.0,39000.0,1762560.0,53714.05,-0.2596373105057561,8.8,0.9444826721501687,1.1,0.01,0.0055000000000000005,0.044000000000000004,0.022000000000000002,1.1660000000000001,,0,0.0,0.0,0,,,5.673565722585331e-07,1,0,0,llmenergy_14_xlm,single,1,context_only,pretraining-from-scratch; energy scale 9+ orders larger,llmenergy_frontier_pretraining,1,PRETRAINING_FROM_SCRATCH_NOT_FINETUNING -- energy/time are 9+ orders of magnitude larger than single-GPU PEFT runs.
llmenergy_15_chinchilla,pretrain_full_scratch,huge,other,70.0,0.0,16,0.0,,ok,1,1.0,,,,,,,1.845098040014257,1120.0,3.0492180226701815,140.0,0.01,0.7000000000000001,5.6000000000000005,2.8000000000000003,148.4,,0,0.0,0.0,0,,,,1,0,0,llmenergy_15_chinchilla,single,0,context_only,pretraining-from-scratch; energy scale 9+ orders larger,llmenergy_frontier_pretraining,0,PRETRAINING_FROM_SCRATCH_NOT_FINETUNING -- energy/time are 9+ orders of magnitude larger than single-GPU PEFT runs.
llmenergy_16_glam,pretrain_full_scratch,huge,other,1200.0,0.0,16,0.0,,ok,1,1.0,,,429000.0,,,278850.0,3.0791812460476247,19200.0,4.283301228703549,2400.0,0.01,12.0,96.0,48.0,2544.0,,0,0.0,0.0,0,,,,1,0,0,llmenergy_16_glam,single,1,context_only,pretraining-from-scratch; energy scale 9+ orders larger,llmenergy_frontier_pretraining,1,PRETRAINING_FROM_SCRATCH_NOT_FINETUNING -- energy/time are 9+ orders of magnitude larger than single-GPU PEFT runs.
llmenergy_17_falcon_180b,pretrain_full_scratch,huge,falcon,180.0,0.0,16,0.0,,ok,1,1.0,,,3222000.0,1870000.0,6152400.0,2094300.0,2.255272505103306,2880.0,3.459392487759231,360.0,0.01,1.8,14.4,7.2,381.59999999999997,,0,0.0,0.0,0,,,1.625381964761719e-07,1,0,0,llmenergy_17_falcon_180b,single,1,context_only,pretraining-from-scratch; energy scale 9+ orders larger,llmenergy_frontier_pretraining,1,PRETRAINING_FROM_SCRATCH_NOT_FINETUNING -- energy/time are 9+ orders of magnitude larger than single-GPU PEFT runs.
llmenergy_18_mistral_7b,pretrain_full_scratch,medium,mistral,7.3,0.0,16,0.0,,ok,1,1.0,,,,,,,0.8633228601204559,116.8,2.0674428427763805,14.6,0.01,0.073,0.584,0.292,15.475999999999999,,0,0.0,0.0,0,,,,1,0,0,llmenergy_18_mistral_7b,single,0,context_only,pretraining-from-scratch; energy scale 9+ orders larger,llmenergy_frontier_pretraining,0,PRETRAINING_FROM_SCRATCH_NOT_FINETUNING -- energy/time are 9+ orders of magnitude larger than single-GPU PEFT runs.
llmenergy_19_mixtral_8x7b,pretrain_full_scratch,xlarge,mistral,47.0,0.0,16,0.0,,ok,1,1.0,,,,,,,1.6720978579357175,752.0,2.876217840591642,94.0,0.01,0.47000000000000003,3.76,1.88,99.64,,0,0.0,0.0,0,,,,1,0,0,llmenergy_19_mixtral_8x7b,single,0,context_only,pretraining-from-scratch; energy scale 9+ orders larger,llmenergy_frontier_pretraining,0,PRETRAINING_FROM_SCRATCH_NOT_FINETUNING -- energy/time are 9+ orders of magnitude larger than single-GPU PEFT runs.
llmenergy_20_qwen_72b,pretrain_full_scratch,huge,qwen,72.0,0.0,16,0.0,,ok,1,1.0,,,,,,,1.8573324964312685,1152.0,3.061452479087193,144.0,0.01,0.72,5.76,2.88,152.64,,0,0.0,0.0,0,,,,1,0,0,llmenergy_20_qwen_72b,single,0,context_only,pretraining-from-scratch; energy scale 9+ orders larger,llmenergy_frontier_pretraining,0,PRETRAINING_FROM_SCRATCH_NOT_FINETUNING -- energy/time are 9+ orders of magnitude larger than single-GPU PEFT runs.
llmenergy_21_yi-34b,pretrain_full_scratch,large,other,34.0,0.0,16,0.0,,ok,1,1.0,,,15360.0,9216.0,864000.0,9984.0,1.5314789170422551,544.0,2.73559889969818,68.0,0.01,0.34,2.72,1.36,72.08,,0,0.0,0.0,0,,,1.1574074074074074e-06,1,0,0,llmenergy_21_yi-34b,single,1,context_only,pretraining-from-scratch; energy scale 9+ orders larger,llmenergy_frontier_pretraining,1,PRETRAINING_FROM_SCRATCH_NOT_FINETUNING -- energy/time are 9+ orders of magnitude larger than single-GPU PEFT runs.
llmenergy_22_grok_3,pretrain_full_scratch,huge,other,2700.0,0.0,16,0.0,,ok,1,1.0,,,154000000.0,49588000.0,3600000.0,100100000.0,3.4313637641589874,43200.0,4.635483746814912,5400.0,0.01,27.0,216.0,108.0,5724.0,,0,0.0,0.0,0,,,2.7777777777777776e-07,1,0,0,llmenergy_22_grok_3,single,1,context_only,pretraining-from-scratch; energy scale 9+ orders larger,llmenergy_frontier_pretraining,1,PRETRAINING_FROM_SCRATCH_NOT_FINETUNING -- energy/time are 9+ orders of magnitude larger than single-GPU PEFT runs.
llmenergy_23_gopher,pretrain_full_scratch,huge,other,280.0,0.0,16,0.0,,ok,1,1.0,,,1066000.0,352000.0,,692900.0,2.4471580313422194,4480.0,3.651278013998144,560.0,0.01,2.8000000000000003,22.400000000000002,11.200000000000001,593.6,,0,0.0,0.0,0,,,,1,0,0,llmenergy_23_gopher,single,1,context_only,pretraining-from-scratch; energy scale 9+ orders larger,llmenergy_frontier_pretraining,1,PRETRAINING_FROM_SCRATCH_NOT_FINETUNING -- energy/time are 9+ orders of magnitude larger than single-GPU PEFT runs.
llmenergy_24_opt-175b,pretrain_full_scratch,huge,other,175.0,0.0,16,0.0,,ok,1,1.0,,,324000.0,,,210600.0,2.2430380486862944,2800.0,3.4471580313422194,350.0,0.01,1.75,14.0,7.0,371.0,,0,0.0,0.0,0,,,,1,0,0,llmenergy_24_opt-175b,single,1,context_only,pretraining-from-scratch; energy scale 9+ orders larger,llmenergy_frontier_pretraining,1,PRETRAINING_FROM_SCRATCH_NOT_FINETUNING -- energy/time are 9+ orders of magnitude larger than single-GPU PEFT runs.
llmenergy_25_gemma_7b,pretrain_full_scratch,medium,gemma,7.0,0.0,16,0.0,,ok,1,1.0,,,,,,,0.8450980400142568,112.0,2.0492180226701815,14.0,0.01,0.07,0.56,0.28,14.84,,0,0.0,0.0,0,,,,1,0,0,llmenergy_25_gemma_7b,single,0,context_only,pretraining-from-scratch; energy scale 9+ orders larger,llmenergy_frontier_pretraining,0,PRETRAINING_FROM_SCRATCH_NOT_FINETUNING -- energy/time are 9+ orders of magnitude larger than single-GPU PEFT runs.
llmenergy_26_vicuna_7b,pretrain_full_scratch,medium,other,7.0,0.0,16,0.0,,ok,1,1.0,,,,,,,0.8450980400142568,112.0,2.0492180226701815,14.0,0.01,0.07,0.56,0.28,14.84,,0,0.0,0.0,0,,,,1,0,0,llmenergy_26_vicuna_7b,single,0,context_only,pretraining-from-scratch; energy scale 9+ orders larger,llmenergy_frontier_pretraining,0,PRETRAINING_FROM_SCRATCH_NOT_FINETUNING -- energy/time are 9+ orders of magnitude larger than single-GPU PEFT runs.
