8.2s 1 0.00s - Debugger warning: It seems that frozen modules are being used, which may
8.2s 2 0.00s - make the debugger miss breakpoints. Please pass -Xfrozen_modules=off
8.2s 3 0.00s - to python to disable frozen modules.
8.2s 4 0.00s - Note: Debugging will proceed. Set PYDEVD_DISABLE_FILE_VALIDATION=1 to disable this validation.
8.9s 5 0.00s - Debugger warning: It seems that frozen modules are being used, which may
8.9s 6 0.00s - make the debugger miss breakpoints. Please pass -Xfrozen_modules=off
8.9s 7 0.00s - to python to disable frozen modules.
8.9s 8 0.00s - Note: Debugging will proceed. Set PYDEVD_DISABLE_FILE_VALIDATION=1 to disable this validation.
41.8s 9 torch       : 2.10.0+cu128
41.8s 10 transformers: 5.0.0
41.8s 11 peft        : 0.19.1
41.8s 12 GPU         : Tesla T4 | 15.6 GB | compute 7.5
41.9s 13 QLoRA 4-bit supported: True | bf16 supported: True
41.9s 14 
41.9s 15 Platform: kaggle
41.9s 16 Project root: /kaggle/working/peft_bench
41.9s 17 Folders ready.
41.9s 18 REAL MODE: full grid. Expect several hours. Runs are resumable.
41.9s 19 Planned runs: 5 methods x 4 tiers x 1 tasks x 3 seeds = 60
41.9s 20 Wrote configs to /kaggle/working/peft_bench/configs
41.9s 21 - configs/backbones.yaml
41.9s 22 - configs/methods/full_ft.yaml
41.9s 23 - configs/methods/lisa.yaml
41.9s 24 - configs/methods/lora.yaml
41.9s 25 - configs/methods/lora_fa.yaml
41.9s 26 - configs/methods/qlora.yaml
41.9s 27 - configs/tasks.yaml
43.8s 28 [classification] downloading stanfordnlp/sst2 ...
44.0s 29 Warning: You are sending unauthenticated requests to the HF Hub. Please set a HF_TOKEN to enable higher rate limits and faster downloads.
44.0s 30 
44.0s 31 Warning: You are sending unauthenticated requests to the HF Hub. Please set a HF_TOKEN to enable higher rate limits and faster downloads.
46.6s 32 [classification] train=1000  eval=300  saved to /kaggle/working/peft_bench/data/classification_1000_300
46.6s 33 
46.6s 34 Sample row from classification :
46.6s 35 {'idx': 32326, 'sentence': 'klein , charming in comedies like american pie and dead-on in election , ', 'label': 1}
47.1s 36 Meter self-test OK: {'wall_clock_seconds': 0.47, 'energy_kwh': 9e-06, 'avg_power_watts': 70.0, 'peak_gpu_memory_gb': 0.117, 'torch_peak_gb': 0.117, 'nvml_peak_gb': 0.0, 'n_power_samples': 1}
47.2s 37 Model builders ready. Compute dtype: torch.bfloat16
47.2s 38 Task pipelines ready for: ['classification', 'summarization', 'instruction_following']
47.4s 39 run_one() ready.
47.4s 40 RUN_MODE is not synthetic -- nothing written. Good.
47.5s 41 Sweep plan: 60 runs
47.5s 42 ============================================================
47.5s 43 [1/60] full_ft | tiny | classification | seed 13
47.6s 44 `torch_dtype` is deprecated! Use `dtype` instead!
47.6s 45 
47.6s 46 `torch_dtype` is deprecated! Use `dtype` instead!
54.2s 47 Qwen2ForSequenceClassification LOAD REPORT from: Qwen/Qwen2.5-0.5B
54.2s 48 Key          | Status  |
54.2s 49 -------------+---------+-
54.2s 50 score.weight | MISSING |
54.2s 51 
54.2s 52 Notes:
54.2s 53 - MISSING	:those params were newly initialized because missing from the checkpoint. Consider training on your downstream task.
54.2s 54 
54.2s 55 Qwen2ForSequenceClassification LOAD REPORT from: Qwen/Qwen2.5-0.5B
54.2s 56 Key          | Status  |
54.2s 57 -------------+---------+-
54.2s 58 score.weight | MISSING |
54.2s 59 
54.2s 60 Notes:
54.2s 61 - MISSING	:those params were newly initialized because missing from the checkpoint. Consider training on your downstream task.
61.1s 62 /usr/local/lib/python3.12/dist-packages/torch/autograd/function.py:583: UserWarning: Was asked to gather along dimension 0, but all input tensors were scalars; will instead unsqueeze and return a vector.
61.1s 63 return super().apply(*args, **kwargs)  # type: ignore[misc]
61.1s 64 
61.1s 65 /usr/local/lib/python3.12/dist-packages/torch/autograd/function.py:583: UserWarning: Was asked to gather along dimension 0, but all input tensors were scalars; will instead unsqueeze and return a vector.
61.1s 66 return super().apply(*args, **kwargs)  # type: ignore[misc]
283.8s 67 /tmp/ipykernel_23/1695028940.py:66: DeprecationWarning: `trapz` is deprecated. Use `trapezoid` instead, or one of the numerical integration functions in `scipy.integrate`.
283.8s 68 joules = float(np.trapz(ws, ts))        # watts x seconds = joules
283.8s 69 
283.8s 70 /tmp/ipykernel_23/1695028940.py:66: DeprecationWarning: `trapz` is deprecated. Use `trapezoid` instead, or one of the numerical integration functions in `scipy.integrate`.
283.8s 71 joules = float(np.trapz(ws, ts))        # watts x seconds = joules
287.2s 72 [ok] full_ft_tiny_classification_seed13  score=0.9133  225.01s  13.475GB  0.00383kWh
287.6s 73 [2/60] full_ft | tiny | classification | seed 42
288.9s 74 Qwen2ForSequenceClassification LOAD REPORT from: Qwen/Qwen2.5-0.5B
288.9s 75 Key          | Status  |
288.9s 76 -------------+---------+-
288.9s 77 score.weight | MISSING |
288.9s 78 
288.9s 79 Notes:
288.9s 80 - MISSING	:those params were newly initialized because missing from the checkpoint. Consider training on your downstream task.
288.9s 81 
288.9s 82 Qwen2ForSequenceClassification LOAD REPORT from: Qwen/Qwen2.5-0.5B
288.9s 83 Key          | Status  |
288.9s 84 -------------+---------+-
288.9s 85 score.weight | MISSING |
288.9s 86 
288.9s 87 Notes:
288.9s 88 - MISSING	:those params were newly initialized because missing from the checkpoint. Consider training on your downstream task.
293.0s 89 /usr/local/lib/python3.12/dist-packages/torch/autograd/function.py:583: UserWarning: Was asked to gather along dimension 0, but all input tensors were scalars; will instead unsqueeze and return a vector.
293.0s 90 return super().apply(*args, **kwargs)  # type: ignore[misc]
293.0s 91 
293.0s 92 /usr/local/lib/python3.12/dist-packages/torch/autograd/function.py:583: UserWarning: Was asked to gather along dimension 0, but all input tensors were scalars; will instead unsqueeze and return a vector.
293.0s 93 return super().apply(*args, **kwargs)  # type: ignore[misc]
519.0s 94 /tmp/ipykernel_23/1695028940.py:66: DeprecationWarning: `trapz` is deprecated. Use `trapezoid` instead, or one of the numerical integration functions in `scipy.integrate`.
519.0s 95 joules = float(np.trapz(ws, ts))        # watts x seconds = joules
519.0s 96 
519.0s 97 /tmp/ipykernel_23/1695028940.py:66: DeprecationWarning: `trapz` is deprecated. Use `trapezoid` instead, or one of the numerical integration functions in `scipy.integrate`.
519.0s 98 joules = float(np.trapz(ws, ts))        # watts x seconds = joules
522.5s 99 [ok] full_ft_tiny_classification_seed42  score=0.9  226.77s  13.48GB  0.00398kWh
523.0s 100 [3/60] full_ft | tiny | classification | seed 2024
524.1s 101 Qwen2ForSequenceClassification LOAD REPORT from: Qwen/Qwen2.5-0.5B
524.1s 102 Key          | Status  |
524.1s 103 -------------+---------+-
524.1s 104 score.weight | MISSING |
524.1s 105 
524.1s 106 Notes:
524.1s 107 - MISSING	:those params were newly initialized because missing from the checkpoint. Consider training on your downstream task.
524.1s 108 
524.1s 109 Qwen2ForSequenceClassification LOAD REPORT from: Qwen/Qwen2.5-0.5B
524.1s 110 Key          | Status  |
524.1s 111 -------------+---------+-
524.1s 112 score.weight | MISSING |
524.1s 113 
524.1s 114 Notes:
524.1s 115 - MISSING	:those params were newly initialized because missing from the checkpoint. Consider training on your downstream task.
528.3s 116 /usr/local/lib/python3.12/dist-packages/torch/autograd/function.py:583: UserWarning: Was asked to gather along dimension 0, but all input tensors were scalars; will instead unsqueeze and return a vector.
528.3s 117 return super().apply(*args, **kwargs)  # type: ignore[misc]
528.3s 118 
528.3s 119 /usr/local/lib/python3.12/dist-packages/torch/autograd/function.py:583: UserWarning: Was asked to gather along dimension 0, but all input tensors were scalars; will instead unsqueeze and return a vector.
528.3s 120 return super().apply(*args, **kwargs)  # type: ignore[misc]
754.8s 121 /tmp/ipykernel_23/1695028940.py:66: DeprecationWarning: `trapz` is deprecated. Use `trapezoid` instead, or one of the numerical integration functions in `scipy.integrate`.
754.8s 122 joules = float(np.trapz(ws, ts))        # watts x seconds = joules
754.8s 123 
754.8s 124 /tmp/ipykernel_23/1695028940.py:66: DeprecationWarning: `trapz` is deprecated. Use `trapezoid` instead, or one of the numerical integration functions in `scipy.integrate`.
754.8s 125 joules = float(np.trapz(ws, ts))        # watts x seconds = joules
758.3s 126 [ok] full_ft_tiny_classification_seed2024  score=0.9233  227.32s  13.48GB  0.00377kWh
758.7s 127 [4/60] full_ft | small | classification | seed 13
769.5s 128 LlamaForSequenceClassification LOAD REPORT from: TinyLlama/TinyLlama-1.1B-Chat-v1.0
769.5s 129 Key            | Status     |
769.5s 130 ---------------+------------+-
769.5s 131 lm_head.weight | UNEXPECTED |
769.5s 132 score.weight   | MISSING    |
769.5s 133 
769.5s 134 Notes:
769.5s 135 - UNEXPECTED	:can be ignored when loading from different task/architecture; not ok if you expect identical arch.
769.5s 136 - MISSING	:those params were newly initialized because missing from the checkpoint. Consider training on your downstream task.
769.5s 137 
769.5s 138 LlamaForSequenceClassification LOAD REPORT from: TinyLlama/TinyLlama-1.1B-Chat-v1.0
769.5s 139 Key            | Status     |
769.5s 140 ---------------+------------+-
769.5s 141 lm_head.weight | UNEXPECTED |
769.5s 142 score.weight   | MISSING    |
769.5s 143 
769.5s 144 Notes:
769.5s 145 - UNEXPECTED	:can be ignored when loading from different task/architecture; not ok if you expect identical arch.
769.5s 146 - MISSING	:those params were newly initialized because missing from the checkpoint. Consider training on your downstream task.
773.7s 147 /usr/local/lib/python3.12/dist-packages/torch/autograd/function.py:583: UserWarning: Was asked to gather along dimension 0, but all input tensors were scalars; will instead unsqueeze and return a vector.
773.7s 148 return super().apply(*args, **kwargs)  # type: ignore[misc]
773.7s 149 
773.7s 150 /usr/local/lib/python3.12/dist-packages/torch/autograd/function.py:583: UserWarning: Was asked to gather along dimension 0, but all input tensors were scalars; will instead unsqueeze and return a vector.
773.7s 151 return super().apply(*args, **kwargs)  # type: ignore[misc]
777.8s 152 [OOM] full_ft_small_classification_seed13 -- out of memory (this is a valid result, recorded)
778.4s 153 [5/60] full_ft | small | classification | seed 42
780.0s 154 LlamaForSequenceClassification LOAD REPORT from: TinyLlama/TinyLlama-1.1B-Chat-v1.0
780.0s 155 Key            | Status     |
780.0s 156 ---------------+------------+-
780.0s 157 lm_head.weight | UNEXPECTED |
780.0s 158 score.weight   | MISSING    |
780.0s 159 
780.0s 160 Notes:
780.0s 161 - UNEXPECTED	:can be ignored when loading from different task/architecture; not ok if you expect identical arch.
780.0s 162 - MISSING	:those params were newly initialized because missing from the checkpoint. Consider training on your downstream task.
780.0s 163 
780.0s 164 LlamaForSequenceClassification LOAD REPORT from: TinyLlama/TinyLlama-1.1B-Chat-v1.0
780.0s 165 Key            | Status     |
780.0s 166 ---------------+------------+-
780.0s 167 lm_head.weight | UNEXPECTED |
780.0s 168 score.weight   | MISSING    |
780.0s 169 
780.0s 170 Notes:
780.0s 171 - UNEXPECTED	:can be ignored when loading from different task/architecture; not ok if you expect identical arch.
780.0s 172 - MISSING	:those params were newly initialized because missing from the checkpoint. Consider training on your downstream task.
783.1s 173 /usr/local/lib/python3.12/dist-packages/torch/autograd/function.py:583: UserWarning: Was asked to gather along dimension 0, but all input tensors were scalars; will instead unsqueeze and return a vector.
783.1s 174 return super().apply(*args, **kwargs)  # type: ignore[misc]
783.1s 175 
783.1s 176 /usr/local/lib/python3.12/dist-packages/torch/autograd/function.py:583: UserWarning: Was asked to gather along dimension 0, but all input tensors were scalars; will instead unsqueeze and return a vector.
783.1s 177 return super().apply(*args, **kwargs)  # type: ignore[misc]
787.2s 178 [OOM] full_ft_small_classification_seed42 -- out of memory (this is a valid result, recorded)
787.8s 179 [6/60] full_ft | small | classification | seed 2024
789.1s 180 LlamaForSequenceClassification LOAD REPORT from: TinyLlama/TinyLlama-1.1B-Chat-v1.0
789.1s 181 Key            | Status     |
789.1s 182 ---------------+------------+-
789.1s 183 lm_head.weight | UNEXPECTED |
789.1s 184 score.weight   | MISSING    |
789.1s 185 
789.1s 186 Notes:
789.1s 187 - UNEXPECTED	:can be ignored when loading from different task/architecture; not ok if you expect identical arch.
789.1s 188 - MISSING	:those params were newly initialized because missing from the checkpoint. Consider training on your downstream task.
789.1s 189 
789.1s 190 LlamaForSequenceClassification LOAD REPORT from: TinyLlama/TinyLlama-1.1B-Chat-v1.0
789.1s 191 Key            | Status     |
789.1s 192 ---------------+------------+-
789.1s 193 lm_head.weight | UNEXPECTED |
789.1s 194 score.weight   | MISSING    |
789.1s 195 
789.1s 196 Notes:
789.1s 197 - UNEXPECTED	:can be ignored when loading from different task/architecture; not ok if you expect identical arch.
789.1s 198 - MISSING	:those params were newly initialized because missing from the checkpoint. Consider training on your downstream task.
792.3s 199 /usr/local/lib/python3.12/dist-packages/torch/autograd/function.py:583: UserWarning: Was asked to gather along dimension 0, but all input tensors were scalars; will instead unsqueeze and return a vector.
792.3s 200 return super().apply(*args, **kwargs)  # type: ignore[misc]
792.3s 201 
792.3s 202 /usr/local/lib/python3.12/dist-packages/torch/autograd/function.py:583: UserWarning: Was asked to gather along dimension 0, but all input tensors were scalars; will instead unsqueeze and return a vector.
792.3s 203 return super().apply(*args, **kwargs)  # type: ignore[misc]
796.4s 204 [OOM] full_ft_small_classification_seed2024 -- out of memory (this is a valid result, recorded)
796.9s 205 [7/60] full_ft | medium | classification | seed 13
813.4s 206 Qwen2ForSequenceClassification LOAD REPORT from: Qwen/Qwen2.5-1.5B
813.4s 207 Key          | Status  |
813.4s 208 -------------+---------+-
813.4s 209 score.weight | MISSING |
813.4s 210 
813.4s 211 Notes:
813.4s 212 - MISSING	:those params were newly initialized because missing from the checkpoint. Consider training on your downstream task.
813.4s 213 
813.4s 214 Qwen2ForSequenceClassification LOAD REPORT from: Qwen/Qwen2.5-1.5B
813.4s 215 Key          | Status  |
813.4s 216 -------------+---------+-
813.4s 217 score.weight | MISSING |
813.4s 218 
813.4s 219 Notes:
813.4s 220 - MISSING	:those params were newly initialized because missing from the checkpoint. Consider training on your downstream task.
821.1s 221 /usr/local/lib/python3.12/dist-packages/torch/autograd/function.py:583: UserWarning: Was asked to gather along dimension 0, but all input tensors were scalars; will instead unsqueeze and return a vector.
821.1s 222 return super().apply(*args, **kwargs)  # type: ignore[misc]
821.1s 223 
821.1s 224 /usr/local/lib/python3.12/dist-packages/torch/autograd/function.py:583: UserWarning: Was asked to gather along dimension 0, but all input tensors were scalars; will instead unsqueeze and return a vector.
821.1s 225 return super().apply(*args, **kwargs)  # type: ignore[misc]
823.3s 226 [OOM] full_ft_medium_classification_seed13 -- out of memory (this is a valid result, recorded)
824.1s 227 [8/60] full_ft | medium | classification | seed 42
826.5s 228 Qwen2ForSequenceClassification LOAD REPORT from: Qwen/Qwen2.5-1.5B
826.5s 229 Key          | Status  |
826.5s 230 -------------+---------+-
826.5s 231 score.weight | MISSING |
826.5s 232 
826.5s 233 Notes:
826.5s 234 - MISSING	:those params were newly initialized because missing from the checkpoint. Consider training on your downstream task.
826.5s 235 
826.5s 236 Qwen2ForSequenceClassification LOAD REPORT from: Qwen/Qwen2.5-1.5B
826.5s 237 Key          | Status  |
826.5s 238 -------------+---------+-
826.5s 239 score.weight | MISSING |
826.5s 240 
826.5s 241 Notes:
826.5s 242 - MISSING	:those params were newly initialized because missing from the checkpoint. Consider training on your downstream task.
832.7s 243 /usr/local/lib/python3.12/dist-packages/torch/autograd/function.py:583: UserWarning: Was asked to gather along dimension 0, but all input tensors were scalars; will instead unsqueeze and return a vector.
832.7s 244 return super().apply(*args, **kwargs)  # type: ignore[misc]
832.7s 245 
832.7s 246 /usr/local/lib/python3.12/dist-packages/torch/autograd/function.py:583: UserWarning: Was asked to gather along dimension 0, but all input tensors were scalars; will instead unsqueeze and return a vector.
832.7s 247 return super().apply(*args, **kwargs)  # type: ignore[misc]
834.9s 248 [OOM] full_ft_medium_classification_seed42 -- out of memory (this is a valid result, recorded)
835.7s 249 [9/60] full_ft | medium | classification | seed 2024
837.9s 250 Qwen2ForSequenceClassification LOAD REPORT from: Qwen/Qwen2.5-1.5B
837.9s 251 Key          | Status  |
837.9s 252 -------------+---------+-
837.9s 253 score.weight | MISSING |
837.9s 254 
837.9s 255 Notes:
837.9s 256 - MISSING	:those params were newly initialized because missing from the checkpoint. Consider training on your downstream task.
837.9s 257 
837.9s 258 Qwen2ForSequenceClassification LOAD REPORT from: Qwen/Qwen2.5-1.5B
837.9s 259 Key          | Status  |
837.9s 260 -------------+---------+-
837.9s 261 score.weight | MISSING |
837.9s 262 
837.9s 263 Notes:
837.9s 264 - MISSING	:those params were newly initialized because missing from the checkpoint. Consider training on your downstream task.
844.2s 265 /usr/local/lib/python3.12/dist-packages/torch/autograd/function.py:583: UserWarning: Was asked to gather along dimension 0, but all input tensors were scalars; will instead unsqueeze and return a vector.
844.2s 266 return super().apply(*args, **kwargs)  # type: ignore[misc]
844.2s 267 
844.2s 268 /usr/local/lib/python3.12/dist-packages/torch/autograd/function.py:583: UserWarning: Was asked to gather along dimension 0, but all input tensors were scalars; will instead unsqueeze and return a vector.
844.2s 269 return super().apply(*args, **kwargs)  # type: ignore[misc]
846.4s 270 [OOM] full_ft_medium_classification_seed2024 -- out of memory (this is a valid result, recorded)
847.2s 271 [10/60] full_ft | large | classification | seed 13
915.9s 272 Qwen2ForSequenceClassification LOAD REPORT from: Qwen/Qwen2.5-3B
915.9s 273 Key          | Status  |
915.9s 274 -------------+---------+-
915.9s 275 score.weight | MISSING |
915.9s 276 
915.9s 277 Notes:
915.9s 278 - MISSING	:those params were newly initialized because missing from the checkpoint. Consider training on your downstream task.
915.9s 279 
915.9s 280 Qwen2ForSequenceClassification LOAD REPORT from: Qwen/Qwen2.5-3B
915.9s 281 Key          | Status  |
915.9s 282 -------------+---------+-
915.9s 283 score.weight | MISSING |
915.9s 284 
915.9s 285 Notes:
915.9s 286 - MISSING	:those params were newly initialized because missing from the checkpoint. Consider training on your downstream task.
926.6s 287 [OOM] full_ft_large_classification_seed13 -- out of memory (this is a valid result, recorded)
937.1s 288 [11/60] full_ft | large | classification | seed 42
944.9s 289 Qwen2ForSequenceClassification LOAD REPORT from: Qwen/Qwen2.5-3B
944.9s 290 Key          | Status  |
944.9s 291 -------------+---------+-
944.9s 292 score.weight | MISSING |
944.9s 293 
944.9s 294 Notes:
944.9s 295 - MISSING	:those params were newly initialized because missing from the checkpoint. Consider training on your downstream task.
944.9s 296 
944.9s 297 Qwen2ForSequenceClassification LOAD REPORT from: Qwen/Qwen2.5-3B
944.9s 298 Key          | Status  |
944.9s 299 -------------+---------+-
944.9s 300 score.weight | MISSING |
944.9s 301 
944.9s 302 Notes:
944.9s 303 - MISSING	:those params were newly initialized because missing from the checkpoint. Consider training on your downstream task.
954.8s 304 [OOM] full_ft_large_classification_seed42 -- out of memory (this is a valid result, recorded)
965.3s 305 [12/60] full_ft | large | classification | seed 2024
969.6s 306 Qwen2ForSequenceClassification LOAD REPORT from: Qwen/Qwen2.5-3B
969.6s 307 Key          | Status  |
969.6s 308 -------------+---------+-
969.6s 309 score.weight | MISSING |
969.6s 310 
969.6s 311 Notes:
969.6s 312 - MISSING	:those params were newly initialized because missing from the checkpoint. Consider training on your downstream task.
969.6s 313 
969.6s 314 Qwen2ForSequenceClassification LOAD REPORT from: Qwen/Qwen2.5-3B
969.6s 315 Key          | Status  |
969.6s 316 -------------+---------+-
969.6s 317 score.weight | MISSING |
969.6s 318 
969.6s 319 Notes:
969.6s 320 - MISSING	:those params were newly initialized because missing from the checkpoint. Consider training on your downstream task.
979.3s 321 [OOM] full_ft_large_classification_seed2024 -- out of memory (this is a valid result, recorded)
989.8s 322 [13/60] lora | tiny | classification | seed 13
990.7s 323 Qwen2ForSequenceClassification LOAD REPORT from: Qwen/Qwen2.5-0.5B
990.7s 324 Key          | Status  |
990.7s 325 -------------+---------+-
990.7s 326 score.weight | MISSING |
990.7s 327 
990.7s 328 Notes:
990.7s 329 - MISSING	:those params were newly initialized because missing from the checkpoint. Consider training on your downstream task.
990.7s 330 
990.7s 331 Qwen2ForSequenceClassification LOAD REPORT from: Qwen/Qwen2.5-0.5B
990.7s 332 Key          | Status  |
990.7s 333 -------------+---------+-
990.7s 334 score.weight | MISSING |
990.7s 335 
990.7s 336 Notes:
990.7s 337 - MISSING	:those params were newly initialized because missing from the checkpoint. Consider training on your downstream task.
994.8s 338 [ERR] lora_tiny_classification_seed13: ImportError: Found an incompatible version of torchao. Found version 0.10.0, but only versions above 0.16.0 are supported
994.8s 339 Traceback (most recent call last):
994.8s 340 File "/tmp/ipykernel_23/2169724555.py", line 29, in run_one
994.8s 341 model, tok = build_model(method, model_id, task_cfg, seed)
994.8s 342 ^^^^^^^^^^^^^^^^^^^^^^^^^^^^^^^^^^^^^^^^^^^^^
994.8s 343 File "/tmp/ipykernel_23/1467546848.py", line 90, in build_model
994.8s 344 model = get_peft_model(model, lcfg)
994.8s 345 ^^^^^^^^^^^^^^^^^^^^^^^^^^^
994.8s 346 ImportError: Found an incompatible version of torchao. Found version 0.10.0, but only versions above 0.16.0 are supported
994.8s 347 
994.8s 348 Traceback (most recent call last):
994.8s 349 File "/tmp/ipykernel_23/2169724555.py", line 29, in run_one
994.8s 350 model, tok = build_model(method, model_id, task_cfg, seed)
994.8s 351 ^^^^^^^^^^^^^^^^^^^^^^^^^^^^^^^^^^^^^^^^^^^^^
994.8s 352 File "/tmp/ipykernel_23/1467546848.py", line 90, in build_model
994.8s 353 model = get_peft_model(model, lcfg)
994.8s 354 ^^^^^^^^^^^^^^^^^^^^^^^^^^^
994.8s 355 ImportError: Found an incompatible version of torchao. Found version 0.10.0, but only versions above 0.16.0 are supported
995.2s 356 [14/60] lora | tiny | classification | seed 42
995.8s 357 Qwen2ForSequenceClassification LOAD REPORT from: Qwen/Qwen2.5-0.5B
995.8s 358 Key          | Status  |
995.8s 359 -------------+---------+-
995.8s 360 score.weight | MISSING |
995.8s 361 
995.8s 362 Notes:
995.8s 363 - MISSING	:those params were newly initialized because missing from the checkpoint. Consider training on your downstream task.
995.8s 364 
995.8s 365 Qwen2ForSequenceClassification LOAD REPORT from: Qwen/Qwen2.5-0.5B
995.8s 366 Key          | Status  |
995.8s 367 -------------+---------+-
995.8s 368 score.weight | MISSING |
995.8s 369 
995.8s 370 Notes:
995.8s 371 - MISSING	:those params were newly initialized because missing from the checkpoint. Consider training on your downstream task.
997.5s 372 [ERR] lora_tiny_classification_seed42: ImportError: Found an incompatible version of torchao. Found version 0.10.0, but only versions above 0.16.0 are supported
997.5s 373 Traceback (most recent call last):
997.5s 374 File "/tmp/ipykernel_23/2169724555.py", line 29, in run_one
997.5s 375 model, tok = build_model(method, model_id, task_cfg, seed)
997.5s 376 ^^^^^^^^^^^^^^^^^^^^^^^^^^^^^^^^^^^^^^^^^^^^^
997.5s 377 File "/tmp/ipykernel_23/1467546848.py", line 90, in build_model
997.5s 378 model = get_peft_model(model, lcfg)
997.5s 379 ^^^^^^^^^^^^^^^^^^^^^^^^^^^
997.5s 380 ImportError: Found an incompatible version of torchao. Found version 0.10.0, but only versions above 0.16.0 are supported
997.5s 381 
997.5s 382 Traceback (most recent call last):
997.5s 383 File "/tmp/ipykernel_23/2169724555.py", line 29, in run_one
997.5s 384 model, tok = build_model(method, model_id, task_cfg, seed)
997.5s 385 ^^^^^^^^^^^^^^^^^^^^^^^^^^^^^^^^^^^^^^^^^^^^^
997.5s 386 File "/tmp/ipykernel_23/1467546848.py", line 90, in build_model
997.5s 387 model = get_peft_model(model, lcfg)
997.5s 388 ^^^^^^^^^^^^^^^^^^^^^^^^^^^
997.5s 389 ImportError: Found an incompatible version of torchao. Found version 0.10.0, but only versions above 0.16.0 are supported
997.7s 390 [15/60] lora | tiny | classification | seed 2024
998.4s 391 Qwen2ForSequenceClassification LOAD REPORT from: Qwen/Qwen2.5-0.5B
998.4s 392 Key          | Status  |
998.4s 393 -------------+---------+-
998.4s 394 score.weight | MISSING |
998.4s 395 
998.4s 396 Notes:
998.4s 397 - MISSING	:those params were newly initialized because missing from the checkpoint. Consider training on your downstream task.
998.4s 398 
998.4s 399 Qwen2ForSequenceClassification LOAD REPORT from: Qwen/Qwen2.5-0.5B
998.4s 400 Key          | Status  |
998.4s 401 -------------+---------+-
998.4s 402 score.weight | MISSING |
998.4s 403 
998.4s 404 Notes:
998.4s 405 - MISSING	:those params were newly initialized because missing from the checkpoint. Consider training on your downstream task.
1000.0s 406 [ERR] lora_tiny_classification_seed2024: ImportError: Found an incompatible version of torchao. Found version 0.10.0, but only versions above 0.16.0 are supported
1000.0s 407 Traceback (most recent call last):
1000.0s 408 File "/tmp/ipykernel_23/2169724555.py", line 29, in run_one
1000.0s 409 model, tok = build_model(method, model_id, task_cfg, seed)
1000.0s 410 ^^^^^^^^^^^^^^^^^^^^^^^^^^^^^^^^^^^^^^^^^^^^^
1000.0s 411 File "/tmp/ipykernel_23/1467546848.py", line 90, in build_model
1000.0s 412 model = get_peft_model(model, lcfg)
1000.0s 413 ^^^^^^^^^^^^^^^^^^^^^^^^^^^
1000.0s 414 ImportError: Found an incompatible version of torchao. Found version 0.10.0, but only versions above 0.16.0 are supported
1000.0s 415 
1000.0s 416 Traceback (most recent call last):
1000.0s 417 File "/tmp/ipykernel_23/2169724555.py", line 29, in run_one
1000.0s 418 model, tok = build_model(method, model_id, task_cfg, seed)
1000.0s 419 ^^^^^^^^^^^^^^^^^^^^^^^^^^^^^^^^^^^^^^^^^^^^^
1000.0s 420 File "/tmp/ipykernel_23/1467546848.py", line 90, in build_model
1000.0s 421 model = get_peft_model(model, lcfg)
1000.0s 422 ^^^^^^^^^^^^^^^^^^^^^^^^^^^
1000.0s 423 ImportError: Found an incompatible version of torchao. Found version 0.10.0, but only versions above 0.16.0 are supported
1000.3s 424 [16/60] lora | small | classification | seed 13
1000.7s 425 LlamaForSequenceClassification LOAD REPORT from: TinyLlama/TinyLlama-1.1B-Chat-v1.0
1000.7s 426 Key            | Status     |
1000.7s 427 ---------------+------------+-
1000.7s 428 lm_head.weight | UNEXPECTED |
1000.7s 429 score.weight   | MISSING    |
1000.7s 430 
1000.7s 431 Notes:
1000.7s 432 - UNEXPECTED	:can be ignored when loading from different task/architecture; not ok if you expect identical arch.
1000.7s 433 - MISSING	:those params were newly initialized because missing from the checkpoint. Consider training on your downstream task.
1000.7s 434 
1000.7s 435 LlamaForSequenceClassification LOAD REPORT from: TinyLlama/TinyLlama-1.1B-Chat-v1.0
1000.7s 436 Key            | Status     |
1000.7s 437 ---------------+------------+-
1000.7s 438 lm_head.weight | UNEXPECTED |
1000.7s 439 score.weight   | MISSING    |
1000.7s 440 
1000.7s 441 Notes:
1000.7s 442 - UNEXPECTED	:can be ignored when loading from different task/architecture; not ok if you expect identical arch.
1000.7s 443 - MISSING	:those params were newly initialized because missing from the checkpoint. Consider training on your downstream task.
1002.2s 444 [ERR] lora_small_classification_seed13: ImportError: Found an incompatible version of torchao. Found version 0.10.0, but only versions above 0.16.0 are supported
1002.2s 445 Traceback (most recent call last):
1002.2s 446 File "/tmp/ipykernel_23/2169724555.py", line 29, in run_one
1002.2s 447 model, tok = build_model(method, model_id, task_cfg, seed)
1002.2s 448 ^^^^^^^^^^^^^^^^^^^^^^^^^^^^^^^^^^^^^^^^^^^^^
1002.2s 449 File "/tmp/ipykernel_23/1467546848.py", line 90, in build_model
1002.2s 450 model = get_peft_model(model, lcfg)
1002.2s 451 ^^^^^^^^^^^^^^^^^^^^^^^^^^^
1002.2s 452 ImportError: Found an incompatible version of torchao. Found version 0.10.0, but only versions above 0.16.0 are supported
1002.2s 453 
1002.2s 454 Traceback (most recent call last):
1002.2s 455 File "/tmp/ipykernel_23/2169724555.py", line 29, in run_one
1002.2s 456 model, tok = build_model(method, model_id, task_cfg, seed)
1002.2s 457 ^^^^^^^^^^^^^^^^^^^^^^^^^^^^^^^^^^^^^^^^^^^^^
1002.2s 458 File "/tmp/ipykernel_23/1467546848.py", line 90, in build_model
1002.2s 459 model = get_peft_model(model, lcfg)
1002.2s 460 ^^^^^^^^^^^^^^^^^^^^^^^^^^^
1002.2s 461 ImportError: Found an incompatible version of torchao. Found version 0.10.0, but only versions above 0.16.0 are supported
1002.4s 462 [17/60] lora | small | classification | seed 42
1002.9s 463 LlamaForSequenceClassification LOAD REPORT from: TinyLlama/TinyLlama-1.1B-Chat-v1.0
1002.9s 464 Key            | Status     |
1002.9s 465 ---------------+------------+-
1002.9s 466 lm_head.weight | UNEXPECTED |
1002.9s 467 score.weight   | MISSING    |
1002.9s 468 
1002.9s 469 Notes:
1002.9s 470 - UNEXPECTED	:can be ignored when loading from different task/architecture; not ok if you expect identical arch.
1002.9s 471 - MISSING	:those params were newly initialized because missing from the checkpoint. Consider training on your downstream task.
1002.9s 472 
1002.9s 473 LlamaForSequenceClassification LOAD REPORT from: TinyLlama/TinyLlama-1.1B-Chat-v1.0
1002.9s 474 Key            | Status     |
1002.9s 475 ---------------+------------+-
1002.9s 476 lm_head.weight | UNEXPECTED |
1002.9s 477 score.weight   | MISSING    |
1002.9s 478 
1002.9s 479 Notes:
1002.9s 480 - UNEXPECTED	:can be ignored when loading from different task/architecture; not ok if you expect identical arch.
1002.9s 481 - MISSING	:those params were newly initialized because missing from the checkpoint. Consider training on your downstream task.
1004.3s 482 [ERR] lora_small_classification_seed42: ImportError: Found an incompatible version of torchao. Found version 0.10.0, but only versions above 0.16.0 are supported
1004.3s 483 Traceback (most recent call last):
1004.3s 484 File "/tmp/ipykernel_23/2169724555.py", line 29, in run_one
1004.3s 485 model, tok = build_model(method, model_id, task_cfg, seed)
1004.3s 486 ^^^^^^^^^^^^^^^^^^^^^^^^^^^^^^^^^^^^^^^^^^^^^
1004.3s 487 File "/tmp/ipykernel_23/1467546848.py", line 90, in build_model
1004.3s 488 model = get_peft_model(model, lcfg)
1004.3s 489 ^^^^^^^^^^^^^^^^^^^^^^^^^^^
1004.3s 490 ImportError: Found an incompatible version of torchao. Found version 0.10.0, but only versions above 0.16.0 are supported
1004.3s 491 
1004.3s 492 Traceback (most recent call last):
1004.3s 493 File "/tmp/ipykernel_23/2169724555.py", line 29, in run_one
1004.3s 494 model, tok = build_model(method, model_id, task_cfg, seed)
1004.3s 495 ^^^^^^^^^^^^^^^^^^^^^^^^^^^^^^^^^^^^^^^^^^^^^
1004.3s 496 File "/tmp/ipykernel_23/1467546848.py", line 90, in build_model
1004.3s 497 model = get_peft_model(model, lcfg)
1004.3s 498 ^^^^^^^^^^^^^^^^^^^^^^^^^^^
1004.3s 499 ImportError: Found an incompatible version of torchao. Found version 0.10.0, but only versions above 0.16.0 are supported
1004.6s 500 [18/60] lora | small | classification | seed 2024
1005.1s 501 LlamaForSequenceClassification LOAD REPORT from: TinyLlama/TinyLlama-1.1B-Chat-v1.0
1005.1s 502 Key            | Status     |
1005.1s 503 ---------------+------------+-
1005.1s 504 lm_head.weight | UNEXPECTED |
1005.1s 505 score.weight   | MISSING    |
1005.1s 506 
1005.1s 507 Notes:
1005.1s 508 - UNEXPECTED	:can be ignored when loading from different task/architecture; not ok if you expect identical arch.
1005.1s 509 - MISSING	:those params were newly initialized because missing from the checkpoint. Consider training on your downstream task.
1005.1s 510 
1005.1s 511 LlamaForSequenceClassification LOAD REPORT from: TinyLlama/TinyLlama-1.1B-Chat-v1.0
1005.1s 512 Key            | Status     |
1005.1s 513 ---------------+------------+-
1005.1s 514 lm_head.weight | UNEXPECTED |
1005.1s 515 score.weight   | MISSING    |
1005.1s 516 
1005.1s 517 Notes:
1005.1s 518 - UNEXPECTED	:can be ignored when loading from different task/architecture; not ok if you expect identical arch.
1005.1s 519 - MISSING	:those params were newly initialized because missing from the checkpoint. Consider training on your downstream task.
1006.4s 520 [ERR] lora_small_classification_seed2024: ImportError: Found an incompatible version of torchao. Found version 0.10.0, but only versions above 0.16.0 are supported
1006.4s 521 Traceback (most recent call last):
1006.4s 522 File "/tmp/ipykernel_23/2169724555.py", line 29, in run_one
1006.4s 523 model, tok = build_model(method, model_id, task_cfg, seed)
1006.4s 524 ^^^^^^^^^^^^^^^^^^^^^^^^^^^^^^^^^^^^^^^^^^^^^
1006.4s 525 File "/tmp/ipykernel_23/1467546848.py", line 90, in build_model
1006.4s 526 model = get_peft_model(model, lcfg)
1006.4s 527 ^^^^^^^^^^^^^^^^^^^^^^^^^^^
1006.4s 528 ImportError: Found an incompatible version of torchao. Found version 0.10.0, but only versions above 0.16.0 are supported
1006.4s 529 
1006.4s 530 Traceback (most recent call last):
1006.4s 531 File "/tmp/ipykernel_23/2169724555.py", line 29, in run_one
1006.4s 532 model, tok = build_model(method, model_id, task_cfg, seed)
1006.4s 533 ^^^^^^^^^^^^^^^^^^^^^^^^^^^^^^^^^^^^^^^^^^^^^
1006.4s 534 File "/tmp/ipykernel_23/1467546848.py", line 90, in build_model
1006.4s 535 model = get_peft_model(model, lcfg)
1006.4s 536 ^^^^^^^^^^^^^^^^^^^^^^^^^^^
1006.4s 537 ImportError: Found an incompatible version of torchao. Found version 0.10.0, but only versions above 0.16.0 are supported
1006.7s 538 [19/60] lora | medium | classification | seed 13
1007.5s 539 Qwen2ForSequenceClassification LOAD REPORT from: Qwen/Qwen2.5-1.5B
1007.5s 540 Key          | Status  |
1007.5s 541 -------------+---------+-
1007.5s 542 score.weight | MISSING |
1007.5s 543 
1007.5s 544 Notes:
1007.5s 545 - MISSING	:those params were newly initialized because missing from the checkpoint. Consider training on your downstream task.
1007.5s 546 
1007.5s 547 Qwen2ForSequenceClassification LOAD REPORT from: Qwen/Qwen2.5-1.5B
1007.5s 548 Key          | Status  |
1007.5s 549 -------------+---------+-
1007.5s 550 score.weight | MISSING |
1007.5s 551 
1007.5s 552 Notes:
1007.5s 553 - MISSING	:those params were newly initialized because missing from the checkpoint. Consider training on your downstream task.
1009.8s 554 [ERR] lora_medium_classification_seed13: ImportError: Found an incompatible version of torchao. Found version 0.10.0, but only versions above 0.16.0 are supported
1009.8s 555 Traceback (most recent call last):
1009.8s 556 File "/tmp/ipykernel_23/2169724555.py", line 29, in run_one
1009.8s 557 model, tok = build_model(method, model_id, task_cfg, seed)
1009.8s 558 ^^^^^^^^^^^^^^^^^^^^^^^^^^^^^^^^^^^^^^^^^^^^^
1009.8s 559 File "/tmp/ipykernel_23/1467546848.py", line 90, in build_model
1009.8s 560 model = get_peft_model(model, lcfg)
1009.8s 561 ^^^^^^^^^^^^^^^^^^^^^^^^^^^
1009.8s 562 ImportError: Found an incompatible version of torchao. Found version 0.10.0, but only versions above 0.16.0 are supported
1009.8s 563 
1009.8s 564 Traceback (most recent call last):
1009.8s 565 File "/tmp/ipykernel_23/2169724555.py", line 29, in run_one
1009.8s 566 model, tok = build_model(method, model_id, task_cfg, seed)
1009.8s 567 ^^^^^^^^^^^^^^^^^^^^^^^^^^^^^^^^^^^^^^^^^^^^^
1009.8s 568 File "/tmp/ipykernel_23/1467546848.py", line 90, in build_model
1009.8s 569 model = get_peft_model(model, lcfg)
1009.8s 570 ^^^^^^^^^^^^^^^^^^^^^^^^^^^
1009.8s 571 ImportError: Found an incompatible version of torchao. Found version 0.10.0, but only versions above 0.16.0 are supported
1010.1s 572 [20/60] lora | medium | classification | seed 42
1010.9s 573 Qwen2ForSequenceClassification LOAD REPORT from: Qwen/Qwen2.5-1.5B
1010.9s 574 Key          | Status  |
1010.9s 575 -------------+---------+-
1010.9s 576 score.weight | MISSING |
1010.9s 577 
1010.9s 578 Notes:
1010.9s 579 - MISSING	:those params were newly initialized because missing from the checkpoint. Consider training on your downstream task.
1010.9s 580 
1010.9s 581 Qwen2ForSequenceClassification LOAD REPORT from: Qwen/Qwen2.5-1.5B
1010.9s 582 Key          | Status  |
1010.9s 583 -------------+---------+-
1010.9s 584 score.weight | MISSING |
1010.9s 585 
1010.9s 586 Notes:
1010.9s 587 - MISSING	:those params were newly initialized because missing from the checkpoint. Consider training on your downstream task.
1013.2s 588 [ERR] lora_medium_classification_seed42: ImportError: Found an incompatible version of torchao. Found version 0.10.0, but only versions above 0.16.0 are supported
1013.2s 589 Traceback (most recent call last):
1013.2s 590 File "/tmp/ipykernel_23/2169724555.py", line 29, in run_one
1013.2s 591 model, tok = build_model(method, model_id, task_cfg, seed)
1013.2s 592 ^^^^^^^^^^^^^^^^^^^^^^^^^^^^^^^^^^^^^^^^^^^^^
1013.2s 593 File "/tmp/ipykernel_23/1467546848.py", line 90, in build_model
1013.2s 594 model = get_peft_model(model, lcfg)
1013.2s 595 ^^^^^^^^^^^^^^^^^^^^^^^^^^^
1013.2s 596 ImportError: Found an incompatible version of torchao. Found version 0.10.0, but only versions above 0.16.0 are supported
1013.2s 597 
1013.2s 598 Traceback (most recent call last):
1013.2s 599 File "/tmp/ipykernel_23/2169724555.py", line 29, in run_one
1013.2s 600 model, tok = build_model(method, model_id, task_cfg, seed)
1013.2s 601 ^^^^^^^^^^^^^^^^^^^^^^^^^^^^^^^^^^^^^^^^^^^^^
1013.2s 602 File "/tmp/ipykernel_23/1467546848.py", line 90, in build_model
1013.2s 603 model = get_peft_model(model, lcfg)
1013.2s 604 ^^^^^^^^^^^^^^^^^^^^^^^^^^^
1013.2s 605 ImportError: Found an incompatible version of torchao. Found version 0.10.0, but only versions above 0.16.0 are supported
1013.6s 606 [21/60] lora | medium | classification | seed 2024
1014.3s 607 Qwen2ForSequenceClassification LOAD REPORT from: Qwen/Qwen2.5-1.5B
1014.3s 608 Key          | Status  |
1014.3s 609 -------------+---------+-
1014.3s 610 score.weight | MISSING |
1014.3s 611 
1014.3s 612 Notes:
1014.3s 613 - MISSING	:those params were newly initialized because missing from the checkpoint. Consider training on your downstream task.
1014.3s 614 
1014.3s 615 Qwen2ForSequenceClassification LOAD REPORT from: Qwen/Qwen2.5-1.5B
1014.3s 616 Key          | Status  |
1014.3s 617 -------------+---------+-
1014.3s 618 score.weight | MISSING |
1014.3s 619 
1014.3s 620 Notes:
1014.3s 621 - MISSING	:those params were newly initialized because missing from the checkpoint. Consider training on your downstream task.
1016.7s 622 [ERR] lora_medium_classification_seed2024: ImportError: Found an incompatible version of torchao. Found version 0.10.0, but only versions above 0.16.0 are supported
1016.7s 623 Traceback (most recent call last):
1016.7s 624 File "/tmp/ipykernel_23/2169724555.py", line 29, in run_one
1016.7s 625 model, tok = build_model(method, model_id, task_cfg, seed)
1016.7s 626 ^^^^^^^^^^^^^^^^^^^^^^^^^^^^^^^^^^^^^^^^^^^^^
1016.7s 627 File "/tmp/ipykernel_23/1467546848.py", line 90, in build_model
1016.7s 628 model = get_peft_model(model, lcfg)
1016.7s 629 ^^^^^^^^^^^^^^^^^^^^^^^^^^^
1016.7s 630 ImportError: Found an incompatible version of torchao. Found version 0.10.0, but only versions above 0.16.0 are supported
1016.7s 631 
1016.7s 632 Traceback (most recent call last):
1016.7s 633 File "/tmp/ipykernel_23/2169724555.py", line 29, in run_one
1016.7s 634 model, tok = build_model(method, model_id, task_cfg, seed)
1016.7s 635 ^^^^^^^^^^^^^^^^^^^^^^^^^^^^^^^^^^^^^^^^^^^^^
1016.7s 636 File "/tmp/ipykernel_23/1467546848.py", line 90, in build_model
1016.7s 637 model = get_peft_model(model, lcfg)
1016.7s 638 ^^^^^^^^^^^^^^^^^^^^^^^^^^^
1016.7s 639 ImportError: Found an incompatible version of torchao. Found version 0.10.0, but only versions above 0.16.0 are supported
1017.0s 640 [22/60] lora | large | classification | seed 13
1018.0s 641 Qwen2ForSequenceClassification LOAD REPORT from: Qwen/Qwen2.5-3B
1018.0s 642 Key          | Status  |
1018.0s 643 -------------+---------+-
1018.0s 644 score.weight | MISSING |
1018.0s 645 
1018.0s 646 Notes:
1018.0s 647 - MISSING	:those params were newly initialized because missing from the checkpoint. Consider training on your downstream task.
1018.0s 648 
1018.0s 649 Qwen2ForSequenceClassification LOAD REPORT from: Qwen/Qwen2.5-3B
1018.0s 650 Key          | Status  |
1018.0s 651 -------------+---------+-
1018.0s 652 score.weight | MISSING |
1018.0s 653 
1018.0s 654 Notes:
1018.0s 655 - MISSING	:those params were newly initialized because missing from the checkpoint. Consider training on your downstream task.
1021.3s 656 [ERR] lora_large_classification_seed13: ImportError: Found an incompatible version of torchao. Found version 0.10.0, but only versions above 0.16.0 are supported
1021.3s 657 Traceback (most recent call last):
1021.3s 658 File "/tmp/ipykernel_23/2169724555.py", line 29, in run_one
1021.3s 659 model, tok = build_model(method, model_id, task_cfg, seed)
1021.3s 660 ^^^^^^^^^^^^^^^^^^^^^^^^^^^^^^^^^^^^^^^^^^^^^
1021.3s 661 File "/tmp/ipykernel_23/1467546848.py", line 90, in build_model
1021.3s 662 model = get_peft_model(model, lcfg)
1021.3s 663 ^^^^^^^^^^^^^^^^^^^^^^^^^^^
1021.3s 664 ImportError: Found an incompatible version of torchao. Found version 0.10.0, but only versions above 0.16.0 are supported
1021.3s 665 
1021.3s 666 Traceback (most recent call last):
1021.3s 667 File "/tmp/ipykernel_23/2169724555.py", line 29, in run_one
1021.3s 668 model, tok = build_model(method, model_id, task_cfg, seed)
1021.3s 669 ^^^^^^^^^^^^^^^^^^^^^^^^^^^^^^^^^^^^^^^^^^^^^
1021.3s 670 File "/tmp/ipykernel_23/1467546848.py", line 90, in build_model
1021.3s 671 model = get_peft_model(model, lcfg)
1021.3s 672 ^^^^^^^^^^^^^^^^^^^^^^^^^^^
1021.3s 673 ImportError: Found an incompatible version of torchao. Found version 0.10.0, but only versions above 0.16.0 are supported
1021.7s 674 [23/60] lora | large | classification | seed 42
1022.7s 675 Qwen2ForSequenceClassification LOAD REPORT from: Qwen/Qwen2.5-3B
1022.7s 676 Key          | Status  |
1022.7s 677 -------------+---------+-
1022.7s 678 score.weight | MISSING |
1022.7s 679 
1022.7s 680 Notes:
1022.7s 681 - MISSING	:those params were newly initialized because missing from the checkpoint. Consider training on your downstream task.
1022.7s 682 
1022.7s 683 Qwen2ForSequenceClassification LOAD REPORT from: Qwen/Qwen2.5-3B
1022.7s 684 Key          | Status  |
1022.7s 685 -------------+---------+-
1022.7s 686 score.weight | MISSING |
1022.7s 687 
1022.7s 688 Notes:
1022.7s 689 - MISSING	:those params were newly initialized because missing from the checkpoint. Consider training on your downstream task.
1026.0s 690 [ERR] lora_large_classification_seed42: ImportError: Found an incompatible version of torchao. Found version 0.10.0, but only versions above 0.16.0 are supported
1026.0s 691 Traceback (most recent call last):
1026.0s 692 File "/tmp/ipykernel_23/2169724555.py", line 29, in run_one
1026.0s 693 model, tok = build_model(method, model_id, task_cfg, seed)
1026.0s 694 ^^^^^^^^^^^^^^^^^^^^^^^^^^^^^^^^^^^^^^^^^^^^^
1026.0s 695 File "/tmp/ipykernel_23/1467546848.py", line 90, in build_model
1026.0s 696 model = get_peft_model(model, lcfg)
1026.0s 697 ^^^^^^^^^^^^^^^^^^^^^^^^^^^
1026.0s 698 ImportError: Found an incompatible version of torchao. Found version 0.10.0, but only versions above 0.16.0 are supported
1026.0s 699 
1026.0s 700 Traceback (most recent call last):
1026.0s 701 File "/tmp/ipykernel_23/2169724555.py", line 29, in run_one
1026.0s 702 model, tok = build_model(method, model_id, task_cfg, seed)
1026.0s 703 ^^^^^^^^^^^^^^^^^^^^^^^^^^^^^^^^^^^^^^^^^^^^^
1026.0s 704 File "/tmp/ipykernel_23/1467546848.py", line 90, in build_model
1026.0s 705 model = get_peft_model(model, lcfg)
1026.0s 706 ^^^^^^^^^^^^^^^^^^^^^^^^^^^
1026.0s 707 ImportError: Found an incompatible version of torchao. Found version 0.10.0, but only versions above 0.16.0 are supported
1026.4s 708 [24/60] lora | large | classification | seed 2024
1027.4s 709 Qwen2ForSequenceClassification LOAD REPORT from: Qwen/Qwen2.5-3B
1027.4s 710 Key          | Status  |
1027.4s 711 -------------+---------+-
1027.4s 712 score.weight | MISSING |
1027.4s 713 
1027.4s 714 Notes:
1027.4s 715 - MISSING	:those params were newly initialized because missing from the checkpoint. Consider training on your downstream task.
1027.4s 716 
1027.4s 717 Qwen2ForSequenceClassification LOAD REPORT from: Qwen/Qwen2.5-3B
1027.4s 718 Key          | Status  |
1027.4s 719 -------------+---------+-
1027.4s 720 score.weight | MISSING |
1027.4s 721 
1027.4s 722 Notes:
1027.4s 723 - MISSING	:those params were newly initialized because missing from the checkpoint. Consider training on your downstream task.
1030.6s 724 [ERR] lora_large_classification_seed2024: ImportError: Found an incompatible version of torchao. Found version 0.10.0, but only versions above 0.16.0 are supported
1030.6s 725 Traceback (most recent call last):
1030.6s 726 File "/tmp/ipykernel_23/2169724555.py", line 29, in run_one
1030.6s 727 model, tok = build_model(method, model_id, task_cfg, seed)
1030.6s 728 ^^^^^^^^^^^^^^^^^^^^^^^^^^^^^^^^^^^^^^^^^^^^^
1030.6s 729 File "/tmp/ipykernel_23/1467546848.py", line 90, in build_model
1030.6s 730 model = get_peft_model(model, lcfg)
1030.6s 731 ^^^^^^^^^^^^^^^^^^^^^^^^^^^
1030.6s 732 ImportError: Found an incompatible version of torchao. Found version 0.10.0, but only versions above 0.16.0 are supported
1030.6s 733 
1030.6s 734 Traceback (most recent call last):
1030.6s 735 File "/tmp/ipykernel_23/2169724555.py", line 29, in run_one
1030.6s 736 model, tok = build_model(method, model_id, task_cfg, seed)
1030.6s 737 ^^^^^^^^^^^^^^^^^^^^^^^^^^^^^^^^^^^^^^^^^^^^^
1030.6s 738 File "/tmp/ipykernel_23/1467546848.py", line 90, in build_model
1030.6s 739 model = get_peft_model(model, lcfg)
1030.6s 740 ^^^^^^^^^^^^^^^^^^^^^^^^^^^
1030.6s 741 ImportError: Found an incompatible version of torchao. Found version 0.10.0, but only versions above 0.16.0 are supported
1031.2s 742 [25/60] qlora | tiny | classification | seed 13
1031.2s 743 [ERR] qlora_tiny_classification_seed13: ImportError: Using `bitsandbytes` 4-bit quantization requires bitsandbytes: `pip install -U bitsandbytes>=0.46.1`
1031.6s 744 Traceback (most recent call last):
1031.6s 745 File "/tmp/ipykernel_23/2169724555.py", line 29, in run_one
1031.6s 746 model, tok = build_model(method, model_id, task_cfg, seed)
1031.6s 747 ^^^^^^^^^^^^^^^^^^^^^^^^^^^^^^^^^^^^^^^^^^^^^
1031.6s 748 [26/60] qlora | tiny | classification | seed 42
1031.6s 749 File "/tmp/ipykernel_23/1467546848.py", line 67, in build_model
1031.6s 750 [ERR] qlora_tiny_classification_seed42: ImportError: Using `bitsandbytes` 4-bit quantization requires bitsandbytes: `pip install -U bitsandbytes>=0.46.1`
1031.6s 751 model = AutoCls.from_pretrained(model_id, **kwargs)
1031.6s 752 ^^^^^^^^^^^^^^^^^^^^^^^^^^^^^^^^^^^^^^^^^^^
1031.6s 753 ImportError: Using `bitsandbytes` 4-bit quantization requires bitsandbytes: `pip install -U bitsandbytes>=0.46.1`
1031.6s 754 Traceback (most recent call last):
1031.6s 755 File "/tmp/ipykernel_23/2169724555.py", line 29, in run_one
1031.6s 756 model, tok = build_model(method, model_id, task_cfg, seed)
1031.6s 757 ^^^^^^^^^^^^^^^^^^^^^^^^^^^^^^^^^^^^^^^^^^^^^
1031.6s 758 File "/tmp/ipykernel_23/1467546848.py", line 67, in build_model
1031.6s 759 model = AutoCls.from_pretrained(model_id, **kwargs)
1031.6s 760 ^^^^^^^^^^^^^^^^^^^^^^^^^^^^^^^^^^^^^^^^^^^
1031.6s 761 ImportError: Using `bitsandbytes` 4-bit quantization requires bitsandbytes: `pip install -U bitsandbytes>=0.46.1`
1031.6s 762 
1031.6s 763 Traceback (most recent call last):
1031.6s 764 File "/tmp/ipykernel_23/2169724555.py", line 29, in run_one
1031.6s 765 model, tok = build_model(method, model_id, task_cfg, seed)
1031.6s 766 ^^^^^^^^^^^^^^^^^^^^^^^^^^^^^^^^^^^^^^^^^^^^^
1031.6s 767 File "/tmp/ipykernel_23/1467546848.py", line 67, in build_model
1031.6s 768 model = AutoCls.from_pretrained(model_id, **kwargs)
1031.6s 769 ^^^^^^^^^^^^^^^^^^^^^^^^^^^^^^^^^^^^^^^^^^^
1031.6s 770 ImportError: Using `bitsandbytes` 4-bit quantization requires bitsandbytes: `pip install -U bitsandbytes>=0.46.1`
1031.6s 771 Traceback (most recent call last):
1031.6s 772 File "/tmp/ipykernel_23/2169724555.py", line 29, in run_one
1031.6s 773 model, tok = build_model(method, model_id, task_cfg, seed)
1031.6s 774 ^^^^^^^^^^^^^^^^^^^^^^^^^^^^^^^^^^^^^^^^^^^^^
1031.6s 775 File "/tmp/ipykernel_23/1467546848.py", line 67, in build_model
1031.6s 776 model = AutoCls.from_pretrained(model_id, **kwargs)
1031.6s 777 ^^^^^^^^^^^^^^^^^^^^^^^^^^^^^^^^^^^^^^^^^^^
1031.6s 778 ImportError: Using `bitsandbytes` 4-bit quantization requires bitsandbytes: `pip install -U bitsandbytes>=0.46.1`
1031.8s 779 [27/60] qlora | tiny | classification | seed 2024
1032.1s 780 [ERR] qlora_tiny_classification_seed2024: ImportError: Using `bitsandbytes` 4-bit quantization requires bitsandbytes: `pip install -U bitsandbytes>=0.46.1`
1032.5s 781 Traceback (most recent call last):
1032.5s 782 File "/tmp/ipykernel_23/2169724555.py", line 29, in run_one
1032.5s 783 model, tok = build_model(method, model_id, task_cfg, seed)
1032.5s 784 ^^^^^^^^^^^^^^^^^^^^^^^^^^^^^^^^^^^^^^^^^^^^^
1032.5s 785 File "/tmp/ipykernel_23/1467546848.py", line 67, in build_model
1032.5s 786 model = AutoCls.from_pretrained(model_id, **kwargs)
1032.5s 787 ^^^^^^^^^^^^^^^^^^^^^^^^^^^^^^^^^^^^^^^^^^^
1032.5s 788 ImportError: Using `bitsandbytes` 4-bit quantization requires bitsandbytes: `pip install -U bitsandbytes>=0.46.1`
1032.5s 789 Traceback (most recent call last):
1032.5s 790 File "/tmp/ipykernel_23/2169724555.py", line 29, in run_one
1032.5s 791 model, tok = build_model(method, model_id, task_cfg, seed)
1032.5s 792 ^^^^^^^^^^^^^^^^^^^^^^^^^^^^^^^^^^^^^^^^^^^^^
1032.5s 793 File "/tmp/ipykernel_23/1467546848.py", line 67, in build_model
1032.5s 794 model = AutoCls.from_pretrained(model_id, **kwargs)
1032.5s 795 ^^^^^^^^^^^^^^^^^^^^^^^^^^^^^^^^^^^^^^^^^^^
1032.5s 796 ImportError: Using `bitsandbytes` 4-bit quantization requires bitsandbytes: `pip install -U bitsandbytes>=0.46.1`
1032.5s 797 
1032.5s 798 Traceback (most recent call last):
1032.5s 799 File "/tmp/ipykernel_23/2169724555.py", line 29, in run_one
1032.5s 800 model, tok = build_model(method, model_id, task_cfg, seed)
1032.5s 801 ^^^^^^^^^^^^^^^^^^^^^^^^^^^^^^^^^^^^^^^^^^^^^
1032.5s 802 File "/tmp/ipykernel_23/1467546848.py", line 67, in build_model
1032.5s 803 model = AutoCls.from_pretrained(model_id, **kwargs)
1032.5s 804 ^^^^^^^^^^^^^^^^^^^^^^^^^^^^^^^^^^^^^^^^^^^
1032.5s 805 ImportError: Using `bitsandbytes` 4-bit quantization requires bitsandbytes: `pip install -U bitsandbytes>=0.46.1`
1032.5s 806 Traceback (most recent call last):
1032.5s 807 File "/tmp/ipykernel_23/2169724555.py", line 29, in run_one
1032.5s 808 model, tok = build_model(method, model_id, task_cfg, seed)
1032.5s 809 ^^^^^^^^^^^^^^^^^^^^^^^^^^^^^^^^^^^^^^^^^^^^^
1032.5s 810 File "/tmp/ipykernel_23/1467546848.py", line 67, in build_model
1032.5s 811 model = AutoCls.from_pretrained(model_id, **kwargs)
1032.5s 812 ^^^^^^^^^^^^^^^^^^^^^^^^^^^^^^^^^^^^^^^^^^^
1032.5s 813 ImportError: Using `bitsandbytes` 4-bit quantization requires bitsandbytes: `pip install -U bitsandbytes>=0.46.1`
1032.5s 814 [28/60] qlora | small | classification | seed 13
1032.5s 815 [ERR] qlora_small_classification_seed13: ImportError: Using `bitsandbytes` 4-bit quantization requires bitsandbytes: `pip install -U bitsandbytes>=0.46.1`
1033.0s 816 [29/60] qlora | small | classification | seed 42
1033.0s 817 [ERR] qlora_small_classification_seed42: ImportError: Using `bitsandbytes` 4-bit quantization requires bitsandbytes: `pip install -U bitsandbytes>=0.46.1`
1033.4s 818 Traceback (most recent call last):
1033.4s 819 File "/tmp/ipykernel_23/2169724555.py", line 29, in run_one
1033.4s 820 model, tok = build_model(method, model_id, task_cfg, seed)
1033.4s 821 ^^^^^^^^^^^^^^^^^^^^^^^^^^^^^^^^^^^^^^^^^^^^^
1033.4s 822 File "/tmp/ipykernel_23/1467546848.py", line 67, in build_model
1033.4s 823 model = AutoCls.from_pretrained(model_id, **kwargs)
1033.4s 824 ^^^^^^^^^^^^^^^^^^^^^^^^^^^^^^^^^^^^^^^^^^^
1033.4s 825 ImportError: Using `bitsandbytes` 4-bit quantization requires bitsandbytes: `pip install -U bitsandbytes>=0.46.1`
1033.4s 826 Traceback (most recent call last):
1033.4s 827 File "/tmp/ipykernel_23/2169724555.py", line 29, in run_one
1033.4s 828 model, tok = build_model(method, model_id, task_cfg, seed)
1033.4s 829 ^^^^^^^^^^^^^^^^^^^^^^^^^^^^^^^^^^^^^^^^^^^^^
1033.4s 830 File "/tmp/ipykernel_23/1467546848.py", line 67, in build_model
1033.4s 831 model = AutoCls.from_pretrained(model_id, **kwargs)
1033.4s 832 ^^^^^^^^^^^^^^^^^^^^^^^^^^^^^^^^^^^^^^^^^^^
1033.4s 833 ImportError: Using `bitsandbytes` 4-bit quantization requires bitsandbytes: `pip install -U bitsandbytes>=0.46.1`
1033.4s 834 
1033.4s 835 Traceback (most recent call last):
1033.4s 836 File "/tmp/ipykernel_23/2169724555.py", line 29, in run_one
1033.4s 837 model, tok = build_model(method, model_id, task_cfg, seed)
1033.4s 838 ^^^^^^^^^^^^^^^^^^^^^^^^^^^^^^^^^^^^^^^^^^^^^
1033.4s 839 File "/tmp/ipykernel_23/1467546848.py", line 67, in build_model
1033.4s 840 model = AutoCls.from_pretrained(model_id, **kwargs)
1033.4s 841 ^^^^^^^^^^^^^^^^^^^^^^^^^^^^^^^^^^^^^^^^^^^
1033.4s 842 ImportError: Using `bitsandbytes` 4-bit quantization requires bitsandbytes: `pip install -U bitsandbytes>=0.46.1`
1033.4s 843 Traceback (most recent call last):
1033.4s 844 File "/tmp/ipykernel_23/2169724555.py", line 29, in run_one
1033.4s 845 model, tok = build_model(method, model_id, task_cfg, seed)
1033.4s 846 ^^^^^^^^^^^^^^^^^^^^^^^^^^^^^^^^^^^^^^^^^^^^^
1033.4s 847 File "/tmp/ipykernel_23/1467546848.py", line 67, in build_model
1033.4s 848 model = AutoCls.from_pretrained(model_id, **kwargs)
1033.4s 849 ^^^^^^^^^^^^^^^^^^^^^^^^^^^^^^^^^^^^^^^^^^^
1033.4s 850 ImportError: Using `bitsandbytes` 4-bit quantization requires bitsandbytes: `pip install -U bitsandbytes>=0.46.1`
1033.4s 851 [30/60] qlora | small | classification | seed 2024
1033.4s 852 [ERR] qlora_small_classification_seed2024: ImportError: Using `bitsandbytes` 4-bit quantization requires bitsandbytes: `pip install -U bitsandbytes>=0.46.1`
1033.8s 853 [31/60] qlora | medium | classification | seed 13
1033.8s 854 [ERR] qlora_medium_classification_seed13: ImportError: Using `bitsandbytes` 4-bit quantization requires bitsandbytes: `pip install -U bitsandbytes>=0.46.1`
1034.2s 855 Traceback (most recent call last):
1034.2s 856 File "/tmp/ipykernel_23/2169724555.py", line 29, in run_one
1034.2s 857 model, tok = build_model(method, model_id, task_cfg, seed)
1034.2s 858 ^^^^^^^^^^^^^^^^^^^^^^^^^^^^^^^^^^^^^^^^^^^^^
1034.2s 859 File "/tmp/ipykernel_23/1467546848.py", line 67, in build_model
1034.2s 860 model = AutoCls.from_pretrained(model_id, **kwargs)
1034.2s 861 ^^^^^^^^^^^^^^^^^^^^^^^^^^^^^^^^^^^^^^^^^^^
1034.2s 862 ImportError: Using `bitsandbytes` 4-bit quantization requires bitsandbytes: `pip install -U bitsandbytes>=0.46.1`
1034.2s 863 Traceback (most recent call last):
1034.2s 864 File "/tmp/ipykernel_23/2169724555.py", line 29, in run_one
1034.2s 865 model, tok = build_model(method, model_id, task_cfg, seed)
1034.2s 866 ^^^^^^^^^^^^^^^^^^^^^^^^^^^^^^^^^^^^^^^^^^^^^
1034.2s 867 File "/tmp/ipykernel_23/1467546848.py", line 67, in build_model
1034.2s 868 model = AutoCls.from_pretrained(model_id, **kwargs)
1034.2s 869 ^^^^^^^^^^^^^^^^^^^^^^^^^^^^^^^^^^^^^^^^^^^
1034.2s 870 ImportError: Using `bitsandbytes` 4-bit quantization requires bitsandbytes: `pip install -U bitsandbytes>=0.46.1`
1034.2s 871 
1034.2s 872 Traceback (most recent call last):
1034.2s 873 File "/tmp/ipykernel_23/2169724555.py", line 29, in run_one
1034.2s 874 model, tok = build_model(method, model_id, task_cfg, seed)
1034.2s 875 ^^^^^^^^^^^^^^^^^^^^^^^^^^^^^^^^^^^^^^^^^^^^^
1034.2s 876 File "/tmp/ipykernel_23/1467546848.py", line 67, in build_model
1034.2s 877 model = AutoCls.from_pretrained(model_id, **kwargs)
1034.2s 878 ^^^^^^^^^^^^^^^^^^^^^^^^^^^^^^^^^^^^^^^^^^^
1034.2s 879 ImportError: Using `bitsandbytes` 4-bit quantization requires bitsandbytes: `pip install -U bitsandbytes>=0.46.1`
1034.2s 880 Traceback (most recent call last):
1034.2s 881 File "/tmp/ipykernel_23/2169724555.py", line 29, in run_one
1034.2s 882 model, tok = build_model(method, model_id, task_cfg, seed)
1034.2s 883 ^^^^^^^^^^^^^^^^^^^^^^^^^^^^^^^^^^^^^^^^^^^^^
1034.2s 884 File "/tmp/ipykernel_23/1467546848.py", line 67, in build_model
1034.2s 885 model = AutoCls.from_pretrained(model_id, **kwargs)
1034.2s 886 ^^^^^^^^^^^^^^^^^^^^^^^^^^^^^^^^^^^^^^^^^^^
1034.2s 887 ImportError: Using `bitsandbytes` 4-bit quantization requires bitsandbytes: `pip install -U bitsandbytes>=0.46.1`
1034.2s 888 [32/60] qlora | medium | classification | seed 42
1034.2s 889 [ERR] qlora_medium_classification_seed42: ImportError: Using `bitsandbytes` 4-bit quantization requires bitsandbytes: `pip install -U bitsandbytes>=0.46.1`
1034.6s 890 [33/60] qlora | medium | classification | seed 2024
1034.6s 891 [ERR] qlora_medium_classification_seed2024: ImportError: Using `bitsandbytes` 4-bit quantization requires bitsandbytes: `pip install -U bitsandbytes>=0.46.1`
1035.0s 892 Traceback (most recent call last):
1035.0s 893 File "/tmp/ipykernel_23/2169724555.py", line 29, in run_one
1035.0s 894 model, tok = build_model(method, model_id, task_cfg, seed)
1035.0s 895 ^^^^^^^^^^^^^^^^^^^^^^^^^^^^^^^^^^^^^^^^^^^^^
1035.0s 896 File "/tmp/ipykernel_23/1467546848.py", line 67, in build_model
1035.0s 897 model = AutoCls.from_pretrained(model_id, **kwargs)
1035.0s 898 ^^^^^^^^^^^^^^^^^^^^^^^^^^^^^^^^^^^^^^^^^^^
1035.0s 899 ImportError: Using `bitsandbytes` 4-bit quantization requires bitsandbytes: `pip install -U bitsandbytes>=0.46.1`
1035.0s 900 Traceback (most recent call last):
1035.0s 901 File "/tmp/ipykernel_23/2169724555.py", line 29, in run_one
1035.0s 902 model, tok = build_model(method, model_id, task_cfg, seed)
1035.0s 903 ^^^^^^^^^^^^^^^^^^^^^^^^^^^^^^^^^^^^^^^^^^^^^
1035.0s 904 File "/tmp/ipykernel_23/1467546848.py", line 67, in build_model
1035.0s 905 model = AutoCls.from_pretrained(model_id, **kwargs)
1035.0s 906 ^^^^^^^^^^^^^^^^^^^^^^^^^^^^^^^^^^^^^^^^^^^
1035.0s 907 ImportError: Using `bitsandbytes` 4-bit quantization requires bitsandbytes: `pip install -U bitsandbytes>=0.46.1`
1035.0s 908 
1035.0s 909 Traceback (most recent call last):
1035.0s 910 File "/tmp/ipykernel_23/2169724555.py", line 29, in run_one
1035.0s 911 model, tok = build_model(method, model_id, task_cfg, seed)
1035.0s 912 ^^^^^^^^^^^^^^^^^^^^^^^^^^^^^^^^^^^^^^^^^^^^^
1035.0s 913 File "/tmp/ipykernel_23/1467546848.py", line 67, in build_model
1035.0s 914 model = AutoCls.from_pretrained(model_id, **kwargs)
1035.0s 915 ^^^^^^^^^^^^^^^^^^^^^^^^^^^^^^^^^^^^^^^^^^^
1035.0s 916 ImportError: Using `bitsandbytes` 4-bit quantization requires bitsandbytes: `pip install -U bitsandbytes>=0.46.1`
1035.0s 917 Traceback (most recent call last):
1035.0s 918 File "/tmp/ipykernel_23/2169724555.py", line 29, in run_one
1035.0s 919 model, tok = build_model(method, model_id, task_cfg, seed)
1035.0s 920 ^^^^^^^^^^^^^^^^^^^^^^^^^^^^^^^^^^^^^^^^^^^^^
1035.0s 921 File "/tmp/ipykernel_23/1467546848.py", line 67, in build_model
1035.0s 922 model = AutoCls.from_pretrained(model_id, **kwargs)
1035.0s 923 ^^^^^^^^^^^^^^^^^^^^^^^^^^^^^^^^^^^^^^^^^^^
1035.0s 924 ImportError: Using `bitsandbytes` 4-bit quantization requires bitsandbytes: `pip install -U bitsandbytes>=0.46.1`
1035.0s 925 [34/60] qlora | large | classification | seed 13
1035.0s 926 [ERR] qlora_large_classification_seed13: ImportError: Using `bitsandbytes` 4-bit quantization requires bitsandbytes: `pip install -U bitsandbytes>=0.46.1`
1035.4s 927 [35/60] qlora | large | classification | seed 42
1035.4s 928 [ERR] qlora_large_classification_seed42: ImportError: Using `bitsandbytes` 4-bit quantization requires bitsandbytes: `pip install -U bitsandbytes>=0.46.1`
1035.8s 929 Traceback (most recent call last):
1035.8s 930 File "/tmp/ipykernel_23/2169724555.py", line 29, in run_one
1035.8s 931 model, tok = build_model(method, model_id, task_cfg, seed)
1035.8s 932 ^^^^^^^^^^^^^^^^^^^^^^^^^^^^^^^^^^^^^^^^^^^^^
1035.8s 933 File "/tmp/ipykernel_23/1467546848.py", line 67, in build_model
1035.8s 934 model = AutoCls.from_pretrained(model_id, **kwargs)
1035.8s 935 ^^^^^^^^^^^^^^^^^^^^^^^^^^^^^^^^^^^^^^^^^^^
1035.8s 936 ImportError: Using `bitsandbytes` 4-bit quantization requires bitsandbytes: `pip install -U bitsandbytes>=0.46.1`
1035.8s 937 Traceback (most recent call last):
1035.8s 938 File "/tmp/ipykernel_23/2169724555.py", line 29, in run_one
1035.8s 939 model, tok = build_model(method, model_id, task_cfg, seed)
1035.8s 940 ^^^^^^^^^^^^^^^^^^^^^^^^^^^^^^^^^^^^^^^^^^^^^
1035.8s 941 File "/tmp/ipykernel_23/1467546848.py", line 67, in build_model
1035.8s 942 model = AutoCls.from_pretrained(model_id, **kwargs)
1035.8s 943 ^^^^^^^^^^^^^^^^^^^^^^^^^^^^^^^^^^^^^^^^^^^
1035.8s 944 ImportError: Using `bitsandbytes` 4-bit quantization requires bitsandbytes: `pip install -U bitsandbytes>=0.46.1`
1035.8s 945 
1035.8s 946 Traceback (most recent call last):
1035.8s 947 File "/tmp/ipykernel_23/2169724555.py", line 29, in run_one
1035.8s 948 model, tok = build_model(method, model_id, task_cfg, seed)
1035.8s 949 ^^^^^^^^^^^^^^^^^^^^^^^^^^^^^^^^^^^^^^^^^^^^^
1035.8s 950 File "/tmp/ipykernel_23/1467546848.py", line 67, in build_model
1035.8s 951 model = AutoCls.from_pretrained(model_id, **kwargs)
1035.8s 952 ^^^^^^^^^^^^^^^^^^^^^^^^^^^^^^^^^^^^^^^^^^^
1035.8s 953 ImportError: Using `bitsandbytes` 4-bit quantization requires bitsandbytes: `pip install -U bitsandbytes>=0.46.1`
1035.8s 954 Traceback (most recent call last):
1035.8s 955 File "/tmp/ipykernel_23/2169724555.py", line 29, in run_one
1035.8s 956 model, tok = build_model(method, model_id, task_cfg, seed)
1035.8s 957 ^^^^^^^^^^^^^^^^^^^^^^^^^^^^^^^^^^^^^^^^^^^^^
1035.8s 958 File "/tmp/ipykernel_23/1467546848.py", line 67, in build_model
1035.8s 959 model = AutoCls.from_pretrained(model_id, **kwargs)
1035.8s 960 ^^^^^^^^^^^^^^^^^^^^^^^^^^^^^^^^^^^^^^^^^^^
1035.8s 961 ImportError: Using `bitsandbytes` 4-bit quantization requires bitsandbytes: `pip install -U bitsandbytes>=0.46.1`
1035.8s 962 [36/60] qlora | large | classification | seed 2024
1035.8s 963 [ERR] qlora_large_classification_seed2024: ImportError: Using `bitsandbytes` 4-bit quantization requires bitsandbytes: `pip install -U bitsandbytes>=0.46.1`
1036.0s 964 [37/60] lora_fa | tiny | classification | seed 13
1036.6s 965 Qwen2ForSequenceClassification LOAD REPORT from: Qwen/Qwen2.5-0.5B
1036.6s 966 Key          | Status  |
1036.6s 967 -------------+---------+-
1036.6s 968 score.weight | MISSING |
1036.6s 969 
1036.6s 970 Notes:
1036.6s 971 - MISSING	:those params were newly initialized because missing from the checkpoint. Consider training on your downstream task.
1036.6s 972 
1036.6s 973 Qwen2ForSequenceClassification LOAD REPORT from: Qwen/Qwen2.5-0.5B
1036.6s 974 Key          | Status  |
1036.6s 975 -------------+---------+-
1036.6s 976 score.weight | MISSING |
1036.6s 977 
1036.6s 978 Notes:
1036.6s 979 - MISSING	:those params were newly initialized because missing from the checkpoint. Consider training on your downstream task.
1038.3s 980 [ERR] lora_fa_tiny_classification_seed13: ImportError: Found an incompatible version of torchao. Found version 0.10.0, but only versions above 0.16.0 are supported
1038.3s 981 Traceback (most recent call last):
1038.3s 982 File "/tmp/ipykernel_23/2169724555.py", line 29, in run_one
1038.3s 983 model, tok = build_model(method, model_id, task_cfg, seed)
1038.3s 984 ^^^^^^^^^^^^^^^^^^^^^^^^^^^^^^^^^^^^^^^^^^^^^
1038.3s 985 File "/tmp/ipykernel_23/1467546848.py", line 90, in build_model
1038.3s 986 model = get_peft_model(model, lcfg)
1038.3s 987 ^^^^^^^^^^^^^^^^^^^^^^^^^^^
1038.3s 988 ImportError: Found an incompatible version of torchao. Found version 0.10.0, but only versions above 0.16.0 are supported
1038.3s 989 
1038.3s 990 Traceback (most recent call last):
1038.3s 991 File "/tmp/ipykernel_23/2169724555.py", line 29, in run_one
1038.3s 992 model, tok = build_model(method, model_id, task_cfg, seed)
1038.3s 993 ^^^^^^^^^^^^^^^^^^^^^^^^^^^^^^^^^^^^^^^^^^^^^
1038.3s 994 File "/tmp/ipykernel_23/1467546848.py", line 90, in build_model
1038.3s 995 model = get_peft_model(model, lcfg)
1038.3s 996 ^^^^^^^^^^^^^^^^^^^^^^^^^^^
1038.3s 997 ImportError: Found an incompatible version of torchao. Found version 0.10.0, but only versions above 0.16.0 are supported
1038.5s 998 [38/60] lora_fa | tiny | classification | seed 42
1039.2s 999 Qwen2ForSequenceClassification LOAD REPORT from: Qwen/Qwen2.5-0.5B
1039.2s 1000 Key          | Status  |
1039.2s 1001 -------------+---------+-
1039.2s 1002 score.weight | MISSING |
1039.2s 1003 
1039.2s 1004 Notes:
1039.2s 1005 - MISSING	:those params were newly initialized because missing from the checkpoint. Consider training on your downstream task.
1039.2s 1006 
1039.2s 1007 Qwen2ForSequenceClassification LOAD REPORT from: Qwen/Qwen2.5-0.5B
1039.2s 1008 Key          | Status  |
1039.2s 1009 -------------+---------+-
1039.2s 1010 score.weight | MISSING |
1039.2s 1011 
1039.2s 1012 Notes:
1039.2s 1013 - MISSING	:those params were newly initialized because missing from the checkpoint. Consider training on your downstream task.
1040.8s 1014 [ERR] lora_fa_tiny_classification_seed42: ImportError: Found an incompatible version of torchao. Found version 0.10.0, but only versions above 0.16.0 are supported
1040.8s 1015 Traceback (most recent call last):
1040.8s 1016 File "/tmp/ipykernel_23/2169724555.py", line 29, in run_one
1040.8s 1017 model, tok = build_model(method, model_id, task_cfg, seed)
1040.8s 1018 ^^^^^^^^^^^^^^^^^^^^^^^^^^^^^^^^^^^^^^^^^^^^^
1040.8s 1019 File "/tmp/ipykernel_23/1467546848.py", line 90, in build_model
1040.8s 1020 model = get_peft_model(model, lcfg)
1040.8s 1021 ^^^^^^^^^^^^^^^^^^^^^^^^^^^
1040.8s 1022 ImportError: Found an incompatible version of torchao. Found version 0.10.0, but only versions above 0.16.0 are supported
1040.8s 1023 
1040.8s 1024 Traceback (most recent call last):
1040.8s 1025 File "/tmp/ipykernel_23/2169724555.py", line 29, in run_one
1040.8s 1026 model, tok = build_model(method, model_id, task_cfg, seed)
1040.8s 1027 ^^^^^^^^^^^^^^^^^^^^^^^^^^^^^^^^^^^^^^^^^^^^^
1040.8s 1028 File "/tmp/ipykernel_23/1467546848.py", line 90, in build_model
1040.8s 1029 model = get_peft_model(model, lcfg)
1040.8s 1030 ^^^^^^^^^^^^^^^^^^^^^^^^^^^
1040.8s 1031 ImportError: Found an incompatible version of torchao. Found version 0.10.0, but only versions above 0.16.0 are supported
1041.0s 1032 [39/60] lora_fa | tiny | classification | seed 2024
1041.7s 1033 Qwen2ForSequenceClassification LOAD REPORT from: Qwen/Qwen2.5-0.5B
1041.7s 1034 Key          | Status  |
1041.7s 1035 -------------+---------+-
1041.7s 1036 score.weight | MISSING |
1041.7s 1037 
1041.7s 1038 Notes:
1041.7s 1039 - MISSING	:those params were newly initialized because missing from the checkpoint. Consider training on your downstream task.
1041.7s 1040 
1041.7s 1041 Qwen2ForSequenceClassification LOAD REPORT from: Qwen/Qwen2.5-0.5B
1041.7s 1042 Key          | Status  |
1041.7s 1043 -------------+---------+-
1041.7s 1044 score.weight | MISSING |
1041.7s 1045 
1041.7s 1046 Notes:
1041.7s 1047 - MISSING	:those params were newly initialized because missing from the checkpoint. Consider training on your downstream task.
1043.3s 1048 [ERR] lora_fa_tiny_classification_seed2024: ImportError: Found an incompatible version of torchao. Found version 0.10.0, but only versions above 0.16.0 are supported
1043.3s 1049 Traceback (most recent call last):
1043.3s 1050 File "/tmp/ipykernel_23/2169724555.py", line 29, in run_one
1043.3s 1051 model, tok = build_model(method, model_id, task_cfg, seed)
1043.3s 1052 ^^^^^^^^^^^^^^^^^^^^^^^^^^^^^^^^^^^^^^^^^^^^^
1043.3s 1053 File "/tmp/ipykernel_23/1467546848.py", line 90, in build_model
1043.3s 1054 model = get_peft_model(model, lcfg)
1043.3s 1055 ^^^^^^^^^^^^^^^^^^^^^^^^^^^
1043.3s 1056 ImportError: Found an incompatible version of torchao. Found version 0.10.0, but only versions above 0.16.0 are supported
1043.3s 1057 
1043.3s 1058 Traceback (most recent call last):
1043.3s 1059 File "/tmp/ipykernel_23/2169724555.py", line 29, in run_one
1043.3s 1060 model, tok = build_model(method, model_id, task_cfg, seed)
1043.3s 1061 ^^^^^^^^^^^^^^^^^^^^^^^^^^^^^^^^^^^^^^^^^^^^^
1043.3s 1062 File "/tmp/ipykernel_23/1467546848.py", line 90, in build_model
1043.3s 1063 model = get_peft_model(model, lcfg)
1043.3s 1064 ^^^^^^^^^^^^^^^^^^^^^^^^^^^
1043.3s 1065 ImportError: Found an incompatible version of torchao. Found version 0.10.0, but only versions above 0.16.0 are supported
1043.5s 1066 [40/60] lora_fa | small | classification | seed 13
1044.0s 1067 LlamaForSequenceClassification LOAD REPORT from: TinyLlama/TinyLlama-1.1B-Chat-v1.0
1044.0s 1068 Key            | Status     |
1044.0s 1069 ---------------+------------+-
1044.0s 1070 lm_head.weight | UNEXPECTED |
1044.0s 1071 score.weight   | MISSING    |
1044.0s 1072 
1044.0s 1073 Notes:
1044.0s 1074 - UNEXPECTED	:can be ignored when loading from different task/architecture; not ok if you expect identical arch.
1044.0s 1075 - MISSING	:those params were newly initialized because missing from the checkpoint. Consider training on your downstream task.
1044.0s 1076 
1044.0s 1077 LlamaForSequenceClassification LOAD REPORT from: TinyLlama/TinyLlama-1.1B-Chat-v1.0
1044.0s 1078 Key            | Status     |
1044.0s 1079 ---------------+------------+-
1044.0s 1080 lm_head.weight | UNEXPECTED |
1044.0s 1081 score.weight   | MISSING    |
1044.0s 1082 
1044.0s 1083 Notes:
1044.0s 1084 - UNEXPECTED	:can be ignored when loading from different task/architecture; not ok if you expect identical arch.
1044.0s 1085 - MISSING	:those params were newly initialized because missing from the checkpoint. Consider training on your downstream task.
1045.3s 1086 [ERR] lora_fa_small_classification_seed13: ImportError: Found an incompatible version of torchao. Found version 0.10.0, but only versions above 0.16.0 are supported
1045.3s 1087 Traceback (most recent call last):
1045.3s 1088 File "/tmp/ipykernel_23/2169724555.py", line 29, in run_one
1045.3s 1089 model, tok = build_model(method, model_id, task_cfg, seed)
1045.3s 1090 ^^^^^^^^^^^^^^^^^^^^^^^^^^^^^^^^^^^^^^^^^^^^^
1045.3s 1091 File "/tmp/ipykernel_23/1467546848.py", line 90, in build_model
1045.3s 1092 model = get_peft_model(model, lcfg)
1045.3s 1093 ^^^^^^^^^^^^^^^^^^^^^^^^^^^
1045.3s 1094 ImportError: Found an incompatible version of torchao. Found version 0.10.0, but only versions above 0.16.0 are supported
1045.3s 1095 
1045.3s 1096 Traceback (most recent call last):
1045.3s 1097 File "/tmp/ipykernel_23/2169724555.py", line 29, in run_one
1045.3s 1098 model, tok = build_model(method, model_id, task_cfg, seed)
1045.3s 1099 ^^^^^^^^^^^^^^^^^^^^^^^^^^^^^^^^^^^^^^^^^^^^^
1045.3s 1100 File "/tmp/ipykernel_23/1467546848.py", line 90, in build_model
1045.3s 1101 model = get_peft_model(model, lcfg)
1045.3s 1102 ^^^^^^^^^^^^^^^^^^^^^^^^^^^
1045.3s 1103 ImportError: Found an incompatible version of torchao. Found version 0.10.0, but only versions above 0.16.0 are supported
1045.6s 1104 [41/60] lora_fa | small | classification | seed 42
1046.2s 1105 LlamaForSequenceClassification LOAD REPORT from: TinyLlama/TinyLlama-1.1B-Chat-v1.0
1046.2s 1106 Key            | Status     |
1046.2s 1107 ---------------+------------+-
1046.2s 1108 lm_head.weight | UNEXPECTED |
1046.2s 1109 score.weight   | MISSING    |
1046.2s 1110 
1046.2s 1111 Notes:
1046.2s 1112 - UNEXPECTED	:can be ignored when loading from different task/architecture; not ok if you expect identical arch.
1046.2s 1113 - MISSING	:those params were newly initialized because missing from the checkpoint. Consider training on your downstream task.
1046.2s 1114 
1046.2s 1115 LlamaForSequenceClassification LOAD REPORT from: TinyLlama/TinyLlama-1.1B-Chat-v1.0
1046.2s 1116 Key            | Status     |
1046.2s 1117 ---------------+------------+-
1046.2s 1118 lm_head.weight | UNEXPECTED |
1046.2s 1119 score.weight   | MISSING    |
1046.2s 1120 
1046.2s 1121 Notes:
1046.2s 1122 - UNEXPECTED	:can be ignored when loading from different task/architecture; not ok if you expect identical arch.
1046.2s 1123 - MISSING	:those params were newly initialized because missing from the checkpoint. Consider training on your downstream task.
1047.6s 1124 [ERR] lora_fa_small_classification_seed42: ImportError: Found an incompatible version of torchao. Found version 0.10.0, but only versions above 0.16.0 are supported
1047.6s 1125 Traceback (most recent call last):
1047.6s 1126 File "/tmp/ipykernel_23/2169724555.py", line 29, in run_one
1047.6s 1127 model, tok = build_model(method, model_id, task_cfg, seed)
1047.6s 1128 ^^^^^^^^^^^^^^^^^^^^^^^^^^^^^^^^^^^^^^^^^^^^^
1047.6s 1129 File "/tmp/ipykernel_23/1467546848.py", line 90, in build_model
1047.6s 1130 model = get_peft_model(model, lcfg)
1047.6s 1131 ^^^^^^^^^^^^^^^^^^^^^^^^^^^
1047.6s 1132 ImportError: Found an incompatible version of torchao. Found version 0.10.0, but only versions above 0.16.0 are supported
1047.6s 1133 
1047.6s 1134 Traceback (most recent call last):
1047.6s 1135 File "/tmp/ipykernel_23/2169724555.py", line 29, in run_one
1047.6s 1136 model, tok = build_model(method, model_id, task_cfg, seed)
1047.6s 1137 ^^^^^^^^^^^^^^^^^^^^^^^^^^^^^^^^^^^^^^^^^^^^^
1047.6s 1138 File "/tmp/ipykernel_23/1467546848.py", line 90, in build_model
1047.6s 1139 model = get_peft_model(model, lcfg)
1047.6s 1140 ^^^^^^^^^^^^^^^^^^^^^^^^^^^
1047.6s 1141 ImportError: Found an incompatible version of torchao. Found version 0.10.0, but only versions above 0.16.0 are supported
1047.8s 1142 [42/60] lora_fa | small | classification | seed 2024
1048.3s 1143 LlamaForSequenceClassification LOAD REPORT from: TinyLlama/TinyLlama-1.1B-Chat-v1.0
1048.3s 1144 Key            | Status     |
1048.3s 1145 ---------------+------------+-
1048.3s 1146 lm_head.weight | UNEXPECTED |
1048.3s 1147 score.weight   | MISSING    |
1048.3s 1148 
1048.3s 1149 Notes:
1048.3s 1150 - UNEXPECTED	:can be ignored when loading from different task/architecture; not ok if you expect identical arch.
1048.3s 1151 - MISSING	:those params were newly initialized because missing from the checkpoint. Consider training on your downstream task.
1048.3s 1152 
1048.3s 1153 LlamaForSequenceClassification LOAD REPORT from: TinyLlama/TinyLlama-1.1B-Chat-v1.0
1048.3s 1154 Key            | Status     |
1048.3s 1155 ---------------+------------+-
1048.3s 1156 lm_head.weight | UNEXPECTED |
1048.3s 1157 score.weight   | MISSING    |
1048.3s 1158 
1048.3s 1159 Notes:
1048.3s 1160 - UNEXPECTED	:can be ignored when loading from different task/architecture; not ok if you expect identical arch.
1048.3s 1161 - MISSING	:those params were newly initialized because missing from the checkpoint. Consider training on your downstream task.
1049.6s 1162 [ERR] lora_fa_small_classification_seed2024: ImportError: Found an incompatible version of torchao. Found version 0.10.0, but only versions above 0.16.0 are supported
1049.6s 1163 Traceback (most recent call last):
1049.7s 1164 File "/tmp/ipykernel_23/2169724555.py", line 29, in run_one
1049.7s 1165 model, tok = build_model(method, model_id, task_cfg, seed)
1049.7s 1166 ^^^^^^^^^^^^^^^^^^^^^^^^^^^^^^^^^^^^^^^^^^^^^
1049.7s 1167 File "/tmp/ipykernel_23/1467546848.py", line 90, in build_model
1049.7s 1168 model = get_peft_model(model, lcfg)
1049.7s 1169 ^^^^^^^^^^^^^^^^^^^^^^^^^^^
1049.7s 1170 ImportError: Found an incompatible version of torchao. Found version 0.10.0, but only versions above 0.16.0 are supported
1049.7s 1171 
1049.7s 1172 Traceback (most recent call last):
1049.7s 1173 File "/tmp/ipykernel_23/2169724555.py", line 29, in run_one
1049.7s 1174 model, tok = build_model(method, model_id, task_cfg, seed)
1049.7s 1175 ^^^^^^^^^^^^^^^^^^^^^^^^^^^^^^^^^^^^^^^^^^^^^
1049.7s 1176 File "/tmp/ipykernel_23/1467546848.py", line 90, in build_model
1049.7s 1177 model = get_peft_model(model, lcfg)
1049.7s 1178 ^^^^^^^^^^^^^^^^^^^^^^^^^^^
1049.7s 1179 ImportError: Found an incompatible version of torchao. Found version 0.10.0, but only versions above 0.16.0 are supported
1050.0s 1180 [43/60] lora_fa | medium | classification | seed 13
1050.7s 1181 Qwen2ForSequenceClassification LOAD REPORT from: Qwen/Qwen2.5-1.5B
1050.7s 1182 Key          | Status  |
1050.7s 1183 -------------+---------+-
1050.7s 1184 score.weight | MISSING |
1050.7s 1185 
1050.7s 1186 Notes:
1050.7s 1187 - MISSING	:those params were newly initialized because missing from the checkpoint. Consider training on your downstream task.
1050.7s 1188 
1050.7s 1189 Qwen2ForSequenceClassification LOAD REPORT from: Qwen/Qwen2.5-1.5B
1050.7s 1190 Key          | Status  |
1050.7s 1191 -------------+---------+-
1050.7s 1192 score.weight | MISSING |
1050.7s 1193 
1050.7s 1194 Notes:
1050.7s 1195 - MISSING	:those params were newly initialized because missing from the checkpoint. Consider training on your downstream task.
1053.0s 1196 [ERR] lora_fa_medium_classification_seed13: ImportError: Found an incompatible version of torchao. Found version 0.10.0, but only versions above 0.16.0 are supported
1053.0s 1197 Traceback (most recent call last):
1053.0s 1198 File "/tmp/ipykernel_23/2169724555.py", line 29, in run_one
1053.0s 1199 model, tok = build_model(method, model_id, task_cfg, seed)
1053.0s 1200 ^^^^^^^^^^^^^^^^^^^^^^^^^^^^^^^^^^^^^^^^^^^^^
1053.0s 1201 File "/tmp/ipykernel_23/1467546848.py", line 90, in build_model
1053.0s 1202 model = get_peft_model(model, lcfg)
1053.0s 1203 ^^^^^^^^^^^^^^^^^^^^^^^^^^^
1053.0s 1204 ImportError: Found an incompatible version of torchao. Found version 0.10.0, but only versions above 0.16.0 are supported
1053.0s 1205 
1053.0s 1206 Traceback (most recent call last):
1053.0s 1207 File "/tmp/ipykernel_23/2169724555.py", line 29, in run_one
1053.0s 1208 model, tok = build_model(method, model_id, task_cfg, seed)
1053.0s 1209 ^^^^^^^^^^^^^^^^^^^^^^^^^^^^^^^^^^^^^^^^^^^^^
1053.0s 1210 File "/tmp/ipykernel_23/1467546848.py", line 90, in build_model
1053.0s 1211 model = get_peft_model(model, lcfg)
1053.0s 1212 ^^^^^^^^^^^^^^^^^^^^^^^^^^^
1053.0s 1213 ImportError: Found an incompatible version of torchao. Found version 0.10.0, but only versions above 0.16.0 are supported
1053.3s 1214 [44/60] lora_fa | medium | classification | seed 42
1054.1s 1215 Qwen2ForSequenceClassification LOAD REPORT from: Qwen/Qwen2.5-1.5B
1054.1s 1216 Key          | Status  |
1054.1s 1217 -------------+---------+-
1054.1s 1218 score.weight | MISSING |
1054.1s 1219 
1054.1s 1220 Notes:
1054.1s 1221 - MISSING	:those params were newly initialized because missing from the checkpoint. Consider training on your downstream task.
1054.1s 1222 
1054.1s 1223 Qwen2ForSequenceClassification LOAD REPORT from: Qwen/Qwen2.5-1.5B
1054.1s 1224 Key          | Status  |
1054.1s 1225 -------------+---------+-
1054.1s 1226 score.weight | MISSING |
1054.1s 1227 
1054.1s 1228 Notes:
1054.1s 1229 - MISSING	:those params were newly initialized because missing from the checkpoint. Consider training on your downstream task.
1056.4s 1230 [ERR] lora_fa_medium_classification_seed42: ImportError: Found an incompatible version of torchao. Found version 0.10.0, but only versions above 0.16.0 are supported
1056.4s 1231 Traceback (most recent call last):
1056.4s 1232 File "/tmp/ipykernel_23/2169724555.py", line 29, in run_one
1056.4s 1233 model, tok = build_model(method, model_id, task_cfg, seed)
1056.4s 1234 ^^^^^^^^^^^^^^^^^^^^^^^^^^^^^^^^^^^^^^^^^^^^^
1056.4s 1235 File "/tmp/ipykernel_23/1467546848.py", line 90, in build_model
1056.4s 1236 model = get_peft_model(model, lcfg)
1056.4s 1237 ^^^^^^^^^^^^^^^^^^^^^^^^^^^
1056.4s 1238 ImportError: Found an incompatible version of torchao. Found version 0.10.0, but only versions above 0.16.0 are supported
1056.4s 1239 
1056.4s 1240 Traceback (most recent call last):
1056.4s 1241 File "/tmp/ipykernel_23/2169724555.py", line 29, in run_one
1056.4s 1242 model, tok = build_model(method, model_id, task_cfg, seed)
1056.4s 1243 ^^^^^^^^^^^^^^^^^^^^^^^^^^^^^^^^^^^^^^^^^^^^^
1056.4s 1244 File "/tmp/ipykernel_23/1467546848.py", line 90, in build_model
1056.4s 1245 model = get_peft_model(model, lcfg)
1056.4s 1246 ^^^^^^^^^^^^^^^^^^^^^^^^^^^
1056.4s 1247 ImportError: Found an incompatible version of torchao. Found version 0.10.0, but only versions above 0.16.0 are supported
1056.8s 1248 [45/60] lora_fa | medium | classification | seed 2024
1057.5s 1249 Qwen2ForSequenceClassification LOAD REPORT from: Qwen/Qwen2.5-1.5B
1057.5s 1250 Key          | Status  |
1057.5s 1251 -------------+---------+-
1057.5s 1252 score.weight | MISSING |
1057.5s 1253 
1057.5s 1254 Notes:
1057.5s 1255 - MISSING	:those params were newly initialized because missing from the checkpoint. Consider training on your downstream task.
1057.5s 1256 
1057.5s 1257 Qwen2ForSequenceClassification LOAD REPORT from: Qwen/Qwen2.5-1.5B
1057.5s 1258 Key          | Status  |
1057.5s 1259 -------------+---------+-
1057.5s 1260 score.weight | MISSING |
1057.5s 1261 
1057.5s 1262 Notes:
1057.5s 1263 - MISSING	:those params were newly initialized because missing from the checkpoint. Consider training on your downstream task.
1059.8s 1264 [ERR] lora_fa_medium_classification_seed2024: ImportError: Found an incompatible version of torchao. Found version 0.10.0, but only versions above 0.16.0 are supported
1059.8s 1265 Traceback (most recent call last):
1059.8s 1266 File "/tmp/ipykernel_23/2169724555.py", line 29, in run_one
1059.8s 1267 model, tok = build_model(method, model_id, task_cfg, seed)
1059.8s 1268 ^^^^^^^^^^^^^^^^^^^^^^^^^^^^^^^^^^^^^^^^^^^^^
1059.8s 1269 File "/tmp/ipykernel_23/1467546848.py", line 90, in build_model
1059.8s 1270 model = get_peft_model(model, lcfg)
1059.8s 1271 ^^^^^^^^^^^^^^^^^^^^^^^^^^^
1059.8s 1272 ImportError: Found an incompatible version of torchao. Found version 0.10.0, but only versions above 0.16.0 are supported
1059.8s 1273 
1059.8s 1274 Traceback (most recent call last):
1059.8s 1275 File "/tmp/ipykernel_23/2169724555.py", line 29, in run_one
1059.8s 1276 model, tok = build_model(method, model_id, task_cfg, seed)
1059.8s 1277 ^^^^^^^^^^^^^^^^^^^^^^^^^^^^^^^^^^^^^^^^^^^^^
1059.8s 1278 File "/tmp/ipykernel_23/1467546848.py", line 90, in build_model
1059.8s 1279 model = get_peft_model(model, lcfg)
1059.8s 1280 ^^^^^^^^^^^^^^^^^^^^^^^^^^^
1059.8s 1281 ImportError: Found an incompatible version of torchao. Found version 0.10.0, but only versions above 0.16.0 are supported
1060.1s 1282 [46/60] lora_fa | large | classification | seed 13
1061.1s 1283 Qwen2ForSequenceClassification LOAD REPORT from: Qwen/Qwen2.5-3B
1061.1s 1284 Key          | Status  |
1061.1s 1285 -------------+---------+-
1061.1s 1286 score.weight | MISSING |
1061.1s 1287 
1061.1s 1288 Notes:
1061.1s 1289 - MISSING	:those params were newly initialized because missing from the checkpoint. Consider training on your downstream task.
1061.1s 1290 
1061.1s 1291 Qwen2ForSequenceClassification LOAD REPORT from: Qwen/Qwen2.5-3B
1061.1s 1292 Key          | Status  |
1061.1s 1293 -------------+---------+-
1061.1s 1294 score.weight | MISSING |
1061.1s 1295 
1061.1s 1296 Notes:
1061.1s 1297 - MISSING	:those params were newly initialized because missing from the checkpoint. Consider training on your downstream task.
1064.4s 1298 [ERR] lora_fa_large_classification_seed13: ImportError: Found an incompatible version of torchao. Found version 0.10.0, but only versions above 0.16.0 are supported
1064.4s 1299 Traceback (most recent call last):
1064.4s 1300 File "/tmp/ipykernel_23/2169724555.py", line 29, in run_one
1064.4s 1301 model, tok = build_model(method, model_id, task_cfg, seed)
1064.4s 1302 ^^^^^^^^^^^^^^^^^^^^^^^^^^^^^^^^^^^^^^^^^^^^^
1064.4s 1303 File "/tmp/ipykernel_23/1467546848.py", line 90, in build_model
1064.4s 1304 model = get_peft_model(model, lcfg)
1064.4s 1305 ^^^^^^^^^^^^^^^^^^^^^^^^^^^
1064.4s 1306 ImportError: Found an incompatible version of torchao. Found version 0.10.0, but only versions above 0.16.0 are supported
1064.4s 1307 
1064.4s 1308 Traceback (most recent call last):
1064.4s 1309 File "/tmp/ipykernel_23/2169724555.py", line 29, in run_one
1064.4s 1310 model, tok = build_model(method, model_id, task_cfg, seed)
1064.4s 1311 ^^^^^^^^^^^^^^^^^^^^^^^^^^^^^^^^^^^^^^^^^^^^^
1064.4s 1312 File "/tmp/ipykernel_23/1467546848.py", line 90, in build_model
1064.4s 1313 model = get_peft_model(model, lcfg)
1064.4s 1314 ^^^^^^^^^^^^^^^^^^^^^^^^^^^
1064.4s 1315 ImportError: Found an incompatible version of torchao. Found version 0.10.0, but only versions above 0.16.0 are supported
1064.8s 1316 [47/60] lora_fa | large | classification | seed 42
1065.7s 1317 Qwen2ForSequenceClassification LOAD REPORT from: Qwen/Qwen2.5-3B
1065.7s 1318 Key          | Status  |
1065.7s 1319 -------------+---------+-
1065.7s 1320 score.weight | MISSING |
1065.7s 1321 
1065.7s 1322 Notes:
1065.7s 1323 - MISSING	:those params were newly initialized because missing from the checkpoint. Consider training on your downstream task.
1065.7s 1324 
1065.7s 1325 Qwen2ForSequenceClassification LOAD REPORT from: Qwen/Qwen2.5-3B
1065.7s 1326 Key          | Status  |
1065.7s 1327 -------------+---------+-
1065.7s 1328 score.weight | MISSING |
1065.7s 1329 
1065.7s 1330 Notes:
1065.7s 1331 - MISSING	:those params were newly initialized because missing from the checkpoint. Consider training on your downstream task.
1069.0s 1332 [ERR] lora_fa_large_classification_seed42: ImportError: Found an incompatible version of torchao. Found version 0.10.0, but only versions above 0.16.0 are supported
1069.0s 1333 Traceback (most recent call last):
1069.0s 1334 File "/tmp/ipykernel_23/2169724555.py", line 29, in run_one
1069.0s 1335 model, tok = build_model(method, model_id, task_cfg, seed)
1069.0s 1336 ^^^^^^^^^^^^^^^^^^^^^^^^^^^^^^^^^^^^^^^^^^^^^
1069.0s 1337 File "/tmp/ipykernel_23/1467546848.py", line 90, in build_model
1069.0s 1338 model = get_peft_model(model, lcfg)
1069.0s 1339 ^^^^^^^^^^^^^^^^^^^^^^^^^^^
1069.0s 1340 ImportError: Found an incompatible version of torchao. Found version 0.10.0, but only versions above 0.16.0 are supported
1069.0s 1341 
1069.0s 1342 Traceback (most recent call last):
1069.0s 1343 File "/tmp/ipykernel_23/2169724555.py", line 29, in run_one
1069.0s 1344 model, tok = build_model(method, model_id, task_cfg, seed)
1069.0s 1345 ^^^^^^^^^^^^^^^^^^^^^^^^^^^^^^^^^^^^^^^^^^^^^
1069.0s 1346 File "/tmp/ipykernel_23/1467546848.py", line 90, in build_model
1069.0s 1347 model = get_peft_model(model, lcfg)
1069.0s 1348 ^^^^^^^^^^^^^^^^^^^^^^^^^^^
1069.0s 1349 ImportError: Found an incompatible version of torchao. Found version 0.10.0, but only versions above 0.16.0 are supported
1069.4s 1350 [48/60] lora_fa | large | classification | seed 2024
1070.4s 1351 Qwen2ForSequenceClassification LOAD REPORT from: Qwen/Qwen2.5-3B
1070.4s 1352 Key          | Status  |
1070.4s 1353 -------------+---------+-
1070.4s 1354 score.weight | MISSING |
1070.4s 1355 
1070.4s 1356 Notes:
1070.4s 1357 - MISSING	:those params were newly initialized because missing from the checkpoint. Consider training on your downstream task.
1070.4s 1358 
1070.4s 1359 Qwen2ForSequenceClassification LOAD REPORT from: Qwen/Qwen2.5-3B
1070.4s 1360 Key          | Status  |
1070.4s 1361 -------------+---------+-
1070.4s 1362 score.weight | MISSING |
1070.4s 1363 
1070.4s 1364 Notes:
1070.4s 1365 - MISSING	:those params were newly initialized because missing from the checkpoint. Consider training on your downstream task.
1073.7s 1366 [ERR] lora_fa_large_classification_seed2024: ImportError: Found an incompatible version of torchao. Found version 0.10.0, but only versions above 0.16.0 are supported
1073.7s 1367 Traceback (most recent call last):
1073.7s 1368 File "/tmp/ipykernel_23/2169724555.py", line 29, in run_one
1073.7s 1369 model, tok = build_model(method, model_id, task_cfg, seed)
1073.7s 1370 ^^^^^^^^^^^^^^^^^^^^^^^^^^^^^^^^^^^^^^^^^^^^^
1073.7s 1371 File "/tmp/ipykernel_23/1467546848.py", line 90, in build_model
1073.7s 1372 model = get_peft_model(model, lcfg)
1073.7s 1373 ^^^^^^^^^^^^^^^^^^^^^^^^^^^
1073.7s 1374 ImportError: Found an incompatible version of torchao. Found version 0.10.0, but only versions above 0.16.0 are supported
1073.7s 1375 
1073.7s 1376 Traceback (most recent call last):
1073.7s 1377 File "/tmp/ipykernel_23/2169724555.py", line 29, in run_one
1073.7s 1378 model, tok = build_model(method, model_id, task_cfg, seed)
1073.7s 1379 ^^^^^^^^^^^^^^^^^^^^^^^^^^^^^^^^^^^^^^^^^^^^^
1073.7s 1380 File "/tmp/ipykernel_23/1467546848.py", line 90, in build_model
1073.7s 1381 model = get_peft_model(model, lcfg)
1073.7s 1382 ^^^^^^^^^^^^^^^^^^^^^^^^^^^
1073.7s 1383 ImportError: Found an incompatible version of torchao. Found version 0.10.0, but only versions above 0.16.0 are supported
1074.1s 1384 [49/60] lisa | tiny | classification | seed 13
1074.8s 1385 Qwen2ForSequenceClassification LOAD REPORT from: Qwen/Qwen2.5-0.5B
1074.8s 1386 Key          | Status  |
1074.8s 1387 -------------+---------+-
1074.8s 1388 score.weight | MISSING |
1074.8s 1389 
1074.8s 1390 Notes:
1074.8s 1391 - MISSING	:those params were newly initialized because missing from the checkpoint. Consider training on your downstream task.
1074.8s 1392 
1074.8s 1393 Qwen2ForSequenceClassification LOAD REPORT from: Qwen/Qwen2.5-0.5B
1074.8s 1394 Key          | Status  |
1074.8s 1395 -------------+---------+-
1074.8s 1396 score.weight | MISSING |
1074.8s 1397 
1074.8s 1398 Notes:
1074.8s 1399 - MISSING	:those params were newly initialized because missing from the checkpoint. Consider training on your downstream task.
1078.9s 1400 /usr/local/lib/python3.12/dist-packages/torch/autograd/function.py:583: UserWarning: Was asked to gather along dimension 0, but all input tensors were scalars; will instead unsqueeze and return a vector.
1078.9s 1401 return super().apply(*args, **kwargs)  # type: ignore[misc]
1078.9s 1402 
1078.9s 1403 /usr/local/lib/python3.12/dist-packages/torch/autograd/function.py:583: UserWarning: Was asked to gather along dimension 0, but all input tensors were scalars; will instead unsqueeze and return a vector.
1078.9s 1404 return super().apply(*args, **kwargs)  # type: ignore[misc]
1269.4s 1405 /tmp/ipykernel_23/1695028940.py:66: DeprecationWarning: `trapz` is deprecated. Use `trapezoid` instead, or one of the numerical integration functions in `scipy.integrate`.
1269.4s 1406 joules = float(np.trapz(ws, ts))        # watts x seconds = joules
1269.4s 1407 
1269.4s 1408 /tmp/ipykernel_23/1695028940.py:66: DeprecationWarning: `trapz` is deprecated. Use `trapezoid` instead, or one of the numerical integration functions in `scipy.integrate`.
1269.4s 1409 joules = float(np.trapz(ws, ts))        # watts x seconds = joules
1274.0s 1410 [ok] lisa_tiny_classification_seed13  score=0.5167  191.33s  4.848GB  0.00338kWh
1274.2s 1411 [50/60] lisa | tiny | classification | seed 42
1274.9s 1412 Qwen2ForSequenceClassification LOAD REPORT from: Qwen/Qwen2.5-0.5B
1274.9s 1413 Key          | Status  |
1274.9s 1414 -------------+---------+-
1274.9s 1415 score.weight | MISSING |
1274.9s 1416 
1274.9s 1417 Notes:
1274.9s 1418 - MISSING	:those params were newly initialized because missing from the checkpoint. Consider training on your downstream task.
1274.9s 1419 
1274.9s 1420 Qwen2ForSequenceClassification LOAD REPORT from: Qwen/Qwen2.5-0.5B
1274.9s 1421 Key          | Status  |
1274.9s 1422 -------------+---------+-
1274.9s 1423 score.weight | MISSING |
1274.9s 1424 
1274.9s 1425 Notes:
1274.9s 1426 - MISSING	:those params were newly initialized because missing from the checkpoint. Consider training on your downstream task.
1278.9s 1427 /usr/local/lib/python3.12/dist-packages/torch/autograd/function.py:583: UserWarning: Was asked to gather along dimension 0, but all input tensors were scalars; will instead unsqueeze and return a vector.
1278.9s 1428 return super().apply(*args, **kwargs)  # type: ignore[misc]
1278.9s 1429 
1278.9s 1430 /usr/local/lib/python3.12/dist-packages/torch/autograd/function.py:583: UserWarning: Was asked to gather along dimension 0, but all input tensors were scalars; will instead unsqueeze and return a vector.
1278.9s 1431 return super().apply(*args, **kwargs)  # type: ignore[misc]
1465.0s 1432 /tmp/ipykernel_23/1695028940.py:66: DeprecationWarning: `trapz` is deprecated. Use `trapezoid` instead, or one of the numerical integration functions in `scipy.integrate`.
1465.0s 1433 joules = float(np.trapz(ws, ts))        # watts x seconds = joules
1465.0s 1434 
1465.0s 1435 /tmp/ipykernel_23/1695028940.py:66: DeprecationWarning: `trapz` is deprecated. Use `trapezoid` instead, or one of the numerical integration functions in `scipy.integrate`.
1465.0s 1436 joules = float(np.trapz(ws, ts))        # watts x seconds = joules
1469.5s 1437 [ok] lisa_tiny_classification_seed42  score=0.52  186.78s  4.827GB  0.00331kWh
1469.7s 1438 [51/60] lisa | tiny | classification | seed 2024
1470.4s 1439 Qwen2ForSequenceClassification LOAD REPORT from: Qwen/Qwen2.5-0.5B
1470.4s 1440 Key          | Status  |
1470.4s 1441 -------------+---------+-
1470.4s 1442 score.weight | MISSING |
1470.4s 1443 
1470.4s 1444 Notes:
1470.4s 1445 - MISSING	:those params were newly initialized because missing from the checkpoint. Consider training on your downstream task.
1470.4s 1446 
1470.4s 1447 Qwen2ForSequenceClassification LOAD REPORT from: Qwen/Qwen2.5-0.5B
1470.4s 1448 Key          | Status  |
1470.4s 1449 -------------+---------+-
1470.4s 1450 score.weight | MISSING |
1470.4s 1451 
1470.4s 1452 Notes:
1470.4s 1453 - MISSING	:those params were newly initialized because missing from the checkpoint. Consider training on your downstream task.
1474.5s 1454 /usr/local/lib/python3.12/dist-packages/torch/autograd/function.py:583: UserWarning: Was asked to gather along dimension 0, but all input tensors were scalars; will instead unsqueeze and return a vector.
1474.5s 1455 return super().apply(*args, **kwargs)  # type: ignore[misc]
1474.5s 1456 
1474.5s 1457 /usr/local/lib/python3.12/dist-packages/torch/autograd/function.py:583: UserWarning: Was asked to gather along dimension 0, but all input tensors were scalars; will instead unsqueeze and return a vector.
1474.5s 1458 return super().apply(*args, **kwargs)  # type: ignore[misc]
1660.9s 1459 /tmp/ipykernel_23/1695028940.py:66: DeprecationWarning: `trapz` is deprecated. Use `trapezoid` instead, or one of the numerical integration functions in `scipy.integrate`.
1660.9s 1460 joules = float(np.trapz(ws, ts))        # watts x seconds = joules
1660.9s 1461 
1660.9s 1462 /tmp/ipykernel_23/1695028940.py:66: DeprecationWarning: `trapz` is deprecated. Use `trapezoid` instead, or one of the numerical integration functions in `scipy.integrate`.
1660.9s 1463 joules = float(np.trapz(ws, ts))        # watts x seconds = joules
1665.5s 1464 [ok] lisa_tiny_classification_seed2024  score=0.49  187.16s  4.881GB  0.00329kWh
1665.7s 1465 [52/60] lisa | small | classification | seed 13
1666.2s 1466 LlamaForSequenceClassification LOAD REPORT from: TinyLlama/TinyLlama-1.1B-Chat-v1.0
1666.2s 1467 Key            | Status     |
1666.2s 1468 ---------------+------------+-
1666.2s 1469 lm_head.weight | UNEXPECTED |
1666.2s 1470 score.weight   | MISSING    |
1666.2s 1471 
1666.2s 1472 Notes:
1666.2s 1473 - UNEXPECTED	:can be ignored when loading from different task/architecture; not ok if you expect identical arch.
1666.2s 1474 - MISSING	:those params were newly initialized because missing from the checkpoint. Consider training on your downstream task.
1666.2s 1475 
1666.2s 1476 LlamaForSequenceClassification LOAD REPORT from: TinyLlama/TinyLlama-1.1B-Chat-v1.0
1666.2s 1477 Key            | Status     |
1666.2s 1478 ---------------+------------+-
1666.2s 1479 lm_head.weight | UNEXPECTED |
1666.2s 1480 score.weight   | MISSING    |
1666.2s 1481 
1666.2s 1482 Notes:
1666.2s 1483 - UNEXPECTED	:can be ignored when loading from different task/architecture; not ok if you expect identical arch.
1666.2s 1484 - MISSING	:those params were newly initialized because missing from the checkpoint. Consider training on your downstream task.
1668.5s 1485 /usr/local/lib/python3.12/dist-packages/torch/autograd/function.py:583: UserWarning: Was asked to gather along dimension 0, but all input tensors were scalars; will instead unsqueeze and return a vector.
1668.5s 1486 return super().apply(*args, **kwargs)  # type: ignore[misc]
1668.5s 1487 
1668.5s 1488 /usr/local/lib/python3.12/dist-packages/torch/autograd/function.py:583: UserWarning: Was asked to gather along dimension 0, but all input tensors were scalars; will instead unsqueeze and return a vector.
1668.5s 1489 return super().apply(*args, **kwargs)  # type: ignore[misc]
2160.3s 1490 /tmp/ipykernel_23/1695028940.py:66: DeprecationWarning: `trapz` is deprecated. Use `trapezoid` instead, or one of the numerical integration functions in `scipy.integrate`.
2160.3s 1491 joules = float(np.trapz(ws, ts))        # watts x seconds = joules
2160.3s 1492 
2160.3s 1493 /tmp/ipykernel_23/1695028940.py:66: DeprecationWarning: `trapz` is deprecated. Use `trapezoid` instead, or one of the numerical integration functions in `scipy.integrate`.
2160.3s 1494 joules = float(np.trapz(ws, ts))        # watts x seconds = joules
2173.1s 1495 [ok] lisa_small_classification_seed13  score=0.7  492.6s  9.539GB  0.00868kWh
2173.5s 1496 [53/60] lisa | small | classification | seed 42
2174.0s 1497 LlamaForSequenceClassification LOAD REPORT from: TinyLlama/TinyLlama-1.1B-Chat-v1.0
2174.0s 1498 Key            | Status     |
2174.0s 1499 ---------------+------------+-
2174.0s 1500 lm_head.weight | UNEXPECTED |
2174.0s 1501 score.weight   | MISSING    |
2174.0s 1502 
2174.0s 1503 Notes:
2174.0s 1504 - UNEXPECTED	:can be ignored when loading from different task/architecture; not ok if you expect identical arch.
2174.0s 1505 - MISSING	:those params were newly initialized because missing from the checkpoint. Consider training on your downstream task.
2174.0s 1506 
2174.0s 1507 LlamaForSequenceClassification LOAD REPORT from: TinyLlama/TinyLlama-1.1B-Chat-v1.0
2174.0s 1508 Key            | Status     |
2174.0s 1509 ---------------+------------+-
2174.0s 1510 lm_head.weight | UNEXPECTED |
2174.0s 1511 score.weight   | MISSING    |
2174.0s 1512 
2174.0s 1513 Notes:
2174.0s 1514 - UNEXPECTED	:can be ignored when loading from different task/architecture; not ok if you expect identical arch.
2174.0s 1515 - MISSING	:those params were newly initialized because missing from the checkpoint. Consider training on your downstream task.
2176.2s 1516 /usr/local/lib/python3.12/dist-packages/torch/autograd/function.py:583: UserWarning: Was asked to gather along dimension 0, but all input tensors were scalars; will instead unsqueeze and return a vector.
2176.2s 1517 return super().apply(*args, **kwargs)  # type: ignore[misc]
2176.2s 1518 
2176.2s 1519 /usr/local/lib/python3.12/dist-packages/torch/autograd/function.py:583: UserWarning: Was asked to gather along dimension 0, but all input tensors were scalars; will instead unsqueeze and return a vector.
2176.2s 1520 return super().apply(*args, **kwargs)  # type: ignore[misc]
2654.6s 1521 /tmp/ipykernel_23/1695028940.py:66: DeprecationWarning: `trapz` is deprecated. Use `trapezoid` instead, or one of the numerical integration functions in `scipy.integrate`.
2654.6s 1522 joules = float(np.trapz(ws, ts))        # watts x seconds = joules
2654.6s 1523 
2654.6s 1524 /tmp/ipykernel_23/1695028940.py:66: DeprecationWarning: `trapz` is deprecated. Use `trapezoid` instead, or one of the numerical integration functions in `scipy.integrate`.
2654.6s 1525 joules = float(np.trapz(ws, ts))        # watts x seconds = joules
2667.5s 1526 [ok] lisa_small_classification_seed42  score=0.52  479.27s  9.378GB  0.00847kWh
2667.8s 1527 [54/60] lisa | small | classification | seed 2024
2668.3s 1528 LlamaForSequenceClassification LOAD REPORT from: TinyLlama/TinyLlama-1.1B-Chat-v1.0
2668.3s 1529 Key            | Status     |
2668.3s 1530 ---------------+------------+-
2668.3s 1531 lm_head.weight | UNEXPECTED |
2668.3s 1532 score.weight   | MISSING    |
2668.3s 1533 
2668.3s 1534 Notes:
2668.3s 1535 - UNEXPECTED	:can be ignored when loading from different task/architecture; not ok if you expect identical arch.
2668.3s 1536 - MISSING	:those params were newly initialized because missing from the checkpoint. Consider training on your downstream task.
2668.3s 1537 
2668.3s 1538 LlamaForSequenceClassification LOAD REPORT from: TinyLlama/TinyLlama-1.1B-Chat-v1.0
2668.3s 1539 Key            | Status     |
2668.3s 1540 ---------------+------------+-
2668.3s 1541 lm_head.weight | UNEXPECTED |
2668.3s 1542 score.weight   | MISSING    |
2668.3s 1543 
2668.3s 1544 Notes:
2668.3s 1545 - UNEXPECTED	:can be ignored when loading from different task/architecture; not ok if you expect identical arch.
2668.3s 1546 - MISSING	:those params were newly initialized because missing from the checkpoint. Consider training on your downstream task.
2670.6s 1547 /usr/local/lib/python3.12/dist-packages/torch/autograd/function.py:583: UserWarning: Was asked to gather along dimension 0, but all input tensors were scalars; will instead unsqueeze and return a vector.
2670.6s 1548 return super().apply(*args, **kwargs)  # type: ignore[misc]
2670.6s 1549 
2670.6s 1550 /usr/local/lib/python3.12/dist-packages/torch/autograd/function.py:583: UserWarning: Was asked to gather along dimension 0, but all input tensors were scalars; will instead unsqueeze and return a vector.
2670.6s 1551 return super().apply(*args, **kwargs)  # type: ignore[misc]
3152.5s 1552 /tmp/ipykernel_23/1695028940.py:66: DeprecationWarning: `trapz` is deprecated. Use `trapezoid` instead, or one of the numerical integration functions in `scipy.integrate`.
3152.5s 1553 joules = float(np.trapz(ws, ts))        # watts x seconds = joules
3152.5s 1554 
3152.5s 1555 /tmp/ipykernel_23/1695028940.py:66: DeprecationWarning: `trapz` is deprecated. Use `trapezoid` instead, or one of the numerical integration functions in `scipy.integrate`.
3152.5s 1556 joules = float(np.trapz(ws, ts))        # watts x seconds = joules
3165.4s 1557 [ok] lisa_small_classification_seed2024  score=0.6167  482.76s  9.369GB  0.00850kWh
3165.7s 1558 [55/60] lisa | medium | classification | seed 13
3166.5s 1559 Qwen2ForSequenceClassification LOAD REPORT from: Qwen/Qwen2.5-1.5B
3166.5s 1560 Key          | Status  |
3166.5s 1561 -------------+---------+-
3166.5s 1562 score.weight | MISSING |
3166.5s 1563 
3166.5s 1564 Notes:
3166.5s 1565 - MISSING	:those params were newly initialized because missing from the checkpoint. Consider training on your downstream task.
3166.5s 1566 
3166.5s 1567 Qwen2ForSequenceClassification LOAD REPORT from: Qwen/Qwen2.5-1.5B
3166.5s 1568 Key          | Status  |
3166.5s 1569 -------------+---------+-
3166.5s 1570 score.weight | MISSING |
3166.5s 1571 
3166.5s 1572 Notes:
3166.5s 1573 - MISSING	:those params were newly initialized because missing from the checkpoint. Consider training on your downstream task.
3171.8s 1574 /usr/local/lib/python3.12/dist-packages/torch/autograd/function.py:583: UserWarning: Was asked to gather along dimension 0, but all input tensors were scalars; will instead unsqueeze and return a vector.
3171.8s 1575 return super().apply(*args, **kwargs)  # type: ignore[misc]
3171.8s 1576 
3171.8s 1577 /usr/local/lib/python3.12/dist-packages/torch/autograd/function.py:583: UserWarning: Was asked to gather along dimension 0, but all input tensors were scalars; will instead unsqueeze and return a vector.
3171.8s 1578 return super().apply(*args, **kwargs)  # type: ignore[misc]
3823.2s 1579 /tmp/ipykernel_23/1695028940.py:66: DeprecationWarning: `trapz` is deprecated. Use `trapezoid` instead, or one of the numerical integration functions in `scipy.integrate`.
3823.2s 1580 joules = float(np.trapz(ws, ts))        # watts x seconds = joules
3823.2s 1581 
3823.2s 1582 /tmp/ipykernel_23/1695028940.py:66: DeprecationWarning: `trapz` is deprecated. Use `trapezoid` instead, or one of the numerical integration functions in `scipy.integrate`.
3823.2s 1583 joules = float(np.trapz(ws, ts))        # watts x seconds = joules
3838.1s 1584 [ok] lisa_medium_classification_seed13  score=0.5267  652.57s  14.895GB  0.01150kWh
3838.7s 1585 [56/60] lisa | medium | classification | seed 42
3839.5s 1586 Qwen2ForSequenceClassification LOAD REPORT from: Qwen/Qwen2.5-1.5B
3839.5s 1587 Key          | Status  |
3839.5s 1588 -------------+---------+-
3839.5s 1589 score.weight | MISSING |
3839.5s 1590 
3839.5s 1591 Notes:
3839.5s 1592 - MISSING	:those params were newly initialized because missing from the checkpoint. Consider training on your downstream task.
3839.5s 1593 
3839.5s 1594 Qwen2ForSequenceClassification LOAD REPORT from: Qwen/Qwen2.5-1.5B
3839.5s 1595 Key          | Status  |
3839.5s 1596 -------------+---------+-
3839.5s 1597 score.weight | MISSING |
3839.5s 1598 
3839.5s 1599 Notes:
3839.5s 1600 - MISSING	:those params were newly initialized because missing from the checkpoint. Consider training on your downstream task.
3844.7s 1601 /usr/local/lib/python3.12/dist-packages/torch/autograd/function.py:583: UserWarning: Was asked to gather along dimension 0, but all input tensors were scalars; will instead unsqueeze and return a vector.
3844.7s 1602 return super().apply(*args, **kwargs)  # type: ignore[misc]
3844.7s 1603 
3844.7s 1604 /usr/local/lib/python3.12/dist-packages/torch/autograd/function.py:583: UserWarning: Was asked to gather along dimension 0, but all input tensors were scalars; will instead unsqueeze and return a vector.
3844.7s 1605 return super().apply(*args, **kwargs)  # type: ignore[misc]
4505.8s 1606 /tmp/ipykernel_23/1695028940.py:66: DeprecationWarning: `trapz` is deprecated. Use `trapezoid` instead, or one of the numerical integration functions in `scipy.integrate`.
4505.8s 1607 joules = float(np.trapz(ws, ts))        # watts x seconds = joules
4505.8s 1608 
4505.8s 1609 /tmp/ipykernel_23/1695028940.py:66: DeprecationWarning: `trapz` is deprecated. Use `trapezoid` instead, or one of the numerical integration functions in `scipy.integrate`.
4505.8s 1610 joules = float(np.trapz(ws, ts))        # watts x seconds = joules
4520.8s 1611 [ok] lisa_medium_classification_seed42  score=0.46  662.34s  14.937GB  0.01166kWh
4521.3s 1612 [57/60] lisa | medium | classification | seed 2024
4522.1s 1613 Qwen2ForSequenceClassification LOAD REPORT from: Qwen/Qwen2.5-1.5B
4522.1s 1614 Key          | Status  |
4522.1s 1615 -------------+---------+-
4522.1s 1616 score.weight | MISSING |
4522.1s 1617 
4522.1s 1618 Notes:
4522.1s 1619 - MISSING	:those params were newly initialized because missing from the checkpoint. Consider training on your downstream task.
4522.1s 1620 
4522.1s 1621 Qwen2ForSequenceClassification LOAD REPORT from: Qwen/Qwen2.5-1.5B
4522.1s 1622 Key          | Status  |
4522.1s 1623 -------------+---------+-
4522.1s 1624 score.weight | MISSING |
4522.1s 1625 
4522.1s 1626 Notes:
4522.1s 1627 - MISSING	:those params were newly initialized because missing from the checkpoint. Consider training on your downstream task.
4527.4s 1628 /usr/local/lib/python3.12/dist-packages/torch/autograd/function.py:583: UserWarning: Was asked to gather along dimension 0, but all input tensors were scalars; will instead unsqueeze and return a vector.
4527.4s 1629 return super().apply(*args, **kwargs)  # type: ignore[misc]
4527.4s 1630 
4527.4s 1631 /usr/local/lib/python3.12/dist-packages/torch/autograd/function.py:583: UserWarning: Was asked to gather along dimension 0, but all input tensors were scalars; will instead unsqueeze and return a vector.
4527.4s 1632 return super().apply(*args, **kwargs)  # type: ignore[misc]
5192.5s 1633 /tmp/ipykernel_23/1695028940.py:66: DeprecationWarning: `trapz` is deprecated. Use `trapezoid` instead, or one of the numerical integration functions in `scipy.integrate`.
5192.5s 1634 joules = float(np.trapz(ws, ts))        # watts x seconds = joules
5192.5s 1635 
5192.5s 1636 /tmp/ipykernel_23/1695028940.py:66: DeprecationWarning: `trapz` is deprecated. Use `trapezoid` instead, or one of the numerical integration functions in `scipy.integrate`.
5192.5s 1637 joules = float(np.trapz(ws, ts))        # watts x seconds = joules
5207.4s 1638 [ok] lisa_medium_classification_seed2024  score=0.48  666.3s  14.847GB  0.01163kWh
5207.9s 1639 [58/60] lisa | large | classification | seed 13
5208.9s 1640 Qwen2ForSequenceClassification LOAD REPORT from: Qwen/Qwen2.5-3B
5208.9s 1641 Key          | Status  |
5208.9s 1642 -------------+---------+-
5208.9s 1643 score.weight | MISSING |
5208.9s 1644 
5208.9s 1645 Notes:
5208.9s 1646 - MISSING	:those params were newly initialized because missing from the checkpoint. Consider training on your downstream task.
5208.9s 1647 
5208.9s 1648 Qwen2ForSequenceClassification LOAD REPORT from: Qwen/Qwen2.5-3B
5208.9s 1649 Key          | Status  |
5208.9s 1650 -------------+---------+-
5208.9s 1651 score.weight | MISSING |
5208.9s 1652 
5208.9s 1653 Notes:
5208.9s 1654 - MISSING	:those params were newly initialized because missing from the checkpoint. Consider training on your downstream task.
5216.6s 1655 /usr/local/lib/python3.12/dist-packages/torch/autograd/function.py:583: UserWarning: Was asked to gather along dimension 0, but all input tensors were scalars; will instead unsqueeze and return a vector.
5216.6s 1656 return super().apply(*args, **kwargs)  # type: ignore[misc]
5216.6s 1657 
5216.6s 1658 /usr/local/lib/python3.12/dist-packages/torch/autograd/function.py:583: UserWarning: Was asked to gather along dimension 0, but all input tensors were scalars; will instead unsqueeze and return a vector.
5216.6s 1659 return super().apply(*args, **kwargs)  # type: ignore[misc]
5221.2s 1660 [OOM] lisa_large_classification_seed13 -- out of memory (this is a valid result, recorded)
5221.9s 1661 [59/60] lisa | large | classification | seed 42
5222.9s 1662 Qwen2ForSequenceClassification LOAD REPORT from: Qwen/Qwen2.5-3B
5222.9s 1663 Key          | Status  |
5222.9s 1664 -------------+---------+-
5222.9s 1665 score.weight | MISSING |
5222.9s 1666 
5222.9s 1667 Notes:
5222.9s 1668 - MISSING	:those params were newly initialized because missing from the checkpoint. Consider training on your downstream task.
5222.9s 1669 
5222.9s 1670 Qwen2ForSequenceClassification LOAD REPORT from: Qwen/Qwen2.5-3B
5222.9s 1671 Key          | Status  |
5222.9s 1672 -------------+---------+-
5222.9s 1673 score.weight | MISSING |
5222.9s 1674 
5222.9s 1675 Notes:
5222.9s 1676 - MISSING	:those params were newly initialized because missing from the checkpoint. Consider training on your downstream task.
5230.0s 1677 /usr/local/lib/python3.12/dist-packages/torch/autograd/function.py:583: UserWarning: Was asked to gather along dimension 0, but all input tensors were scalars; will instead unsqueeze and return a vector.
5230.0s 1678 return super().apply(*args, **kwargs)  # type: ignore[misc]
5230.0s 1679 
5230.0s 1680 /usr/local/lib/python3.12/dist-packages/torch/autograd/function.py:583: UserWarning: Was asked to gather along dimension 0, but all input tensors were scalars; will instead unsqueeze and return a vector.
5230.0s 1681 return super().apply(*args, **kwargs)  # type: ignore[misc]
5234.8s 1682 [OOM] lisa_large_classification_seed42 -- out of memory (this is a valid result, recorded)
5235.5s 1683 [60/60] lisa | large | classification | seed 2024
5236.5s 1684 Qwen2ForSequenceClassification LOAD REPORT from: Qwen/Qwen2.5-3B
5236.5s 1685 Key          | Status  |
5236.5s 1686 -------------+---------+-
5236.5s 1687 score.weight | MISSING |
5236.5s 1688 
5236.5s 1689 Notes:
5236.5s 1690 - MISSING	:those params were newly initialized because missing from the checkpoint. Consider training on your downstream task.
5236.5s 1691 
5236.5s 1692 Qwen2ForSequenceClassification LOAD REPORT from: Qwen/Qwen2.5-3B
5236.5s 1693 Key          | Status  |
5236.5s 1694 -------------+---------+-
5236.5s 1695 score.weight | MISSING |
5236.5s 1696 
5236.5s 1697 Notes:
5236.5s 1698 - MISSING	:those params were newly initialized because missing from the checkpoint. Consider training on your downstream task.
5243.7s 1699 /usr/local/lib/python3.12/dist-packages/torch/autograd/function.py:583: UserWarning: Was asked to gather along dimension 0, but all input tensors were scalars; will instead unsqueeze and return a vector.
5243.7s 1700 return super().apply(*args, **kwargs)  # type: ignore[misc]
5243.7s 1701 
5243.7s 1702 /usr/local/lib/python3.12/dist-packages/torch/autograd/function.py:583: UserWarning: Was asked to gather along dimension 0, but all input tensors were scalars; will instead unsqueeze and return a vector.
5243.7s 1703 return super().apply(*args, **kwargs)  # type: ignore[misc]
5248.7s 1704 [OOM] lisa_large_classification_seed2024 -- out of memory (this is a valid result, recorded)
5249.3s 1705 ============================================================
5249.3s 1706 Sweep finished in 86.7 min
5249.3s 1707 Raw result files on disk: 60
5249.5s 1708 Total runs: 60 | usable: 12 | failed/OOM: 48
5249.5s 1709 
5249.5s 1710 Failures (these are findings, not bugs):
5249.5s 1711 method backbone status
5249.5s 1712 full_ft    large    oom
5249.5s 1713 full_ft    large    oom
5249.5s 1714 full_ft    large    oom
5249.5s 1715 full_ft   medium    oom
5249.5s 1716 full_ft   medium    oom
5249.5s 1717 full_ft   medium    oom
5249.5s 1718 full_ft    small    oom
5249.5s 1719 full_ft    small    oom
5249.5s 1720 full_ft    small    oom
5249.5s 1721 lisa    large    oom
5249.5s 1722 lisa    large    oom
5249.5s 1723 lisa    large    oom
5249.5s 1724 lora_fa    large  error
5249.5s 1725 lora_fa    large  error
5249.5s 1726 lora_fa    large  error
5249.5s 1727 lora_fa   medium  error
5249.5s 1728 lora_fa   medium  error
5249.5s 1729 lora_fa   medium  error
5249.5s 1730 lora_fa    small  error
5249.5s 1731 lora_fa    small  error
5249.5s 1732 lora_fa    small  error
5249.5s 1733 lora_fa     tiny  error
5249.5s 1734 lora_fa     tiny  error
5249.5s 1735 lora_fa     tiny  error
5249.5s 1736 lora    large  error
5249.5s 1737 lora    large  error
5249.5s 1738 lora    large  error
5249.5s 1739 lora   medium  error
5249.5s 1740 lora   medium  error
5249.5s 1741 lora   medium  error
5249.5s 1742 lora    small  error
5249.5s 1743 lora    small  error
5249.5s 1744 lora    small  error
5249.5s 1745 lora     tiny  error
5249.5s 1746 lora     tiny  error
5249.5s 1747 lora     tiny  error
5249.5s 1748 qlora    large  error
5249.5s 1749 qlora    large  error
5249.5s 1750 qlora    large  error
5249.5s 1751 qlora   medium  error
5249.5s 1752 qlora   medium  error
5249.5s 1753 qlora   medium  error
5249.5s 1754 qlora    small  error
5249.5s 1755 qlora    small  error
5249.5s 1756 qlora    small  error
5249.5s 1757 qlora     tiny  error
5249.5s 1758 qlora     tiny  error
5249.5s 1759 qlora     tiny  error
5249.5s 1760 
5249.5s 1761 Wrote aggregated.csv (4 configurations)
5249.6s 1762 Wrote aggregated_scored.csv
5249.6s 1763 
5249.6s 1764 Ranking by BALANCED profile:
5249.7s 1765 Wrote aggregated_gei.csv and pareto_fronts.csv
5249.7s 1766 
5249.7s 1767 GEI ranking (higher = greener per unit of accuracy):
5249.7s 1768 
5249.7s 1769 Pareto-optimal configurations: 4 of 4
5249.7s 1770 ======================================================================
5249.7s 1771 A. Consumer single GPU (16GB)
5249.7s 1772 Constraints: VRAM<=16GB, carbon<=1.0kg, time<=1000000000.0s, accuracy>=0.0
5249.7s 1773 Feasible: 4  ->  Pareto front: 3
5249.7s 1774 
5249.7s 1775 >>> RECOMMENDED: LISA on tiny backbone
5249.7s 1776 accuracy 0.5089 | VRAM 4.85 GB | energy 0.00333 kWh | carbon 0.00216 kg | GEI 0.9989
5249.7s 1777 ======================================================================
5249.7s 1778 B. Strict carbon ceiling
5249.7s 1779 Constraints: VRAM<=48GB, carbon<=0.05kg, time<=1000000000.0s, accuracy>=0.0
5249.7s 1780 Feasible: 4  ->  Pareto front: 3
5249.7s 1781 
5249.7s 1782 >>> RECOMMENDED: LISA on tiny backbone
5249.7s 1783 accuracy 0.5089 | VRAM 4.85 GB | energy 0.00333 kWh | carbon 0.00216 kg | GEI 0.9989
5249.7s 1784 ======================================================================
5249.7s 1785 C. High-accuracy production
5249.7s 1786 Constraints: VRAM<=48GB, carbon<=1.0kg, time<=1000000000.0s, accuracy>=0.0
5249.7s 1787 Feasible: 4  ->  Pareto front: 3
5249.7s 1788 
5249.7s 1789 >>> RECOMMENDED: LISA on tiny backbone
5249.7s 1790 accuracy 0.5089 | VRAM 4.85 GB | energy 0.00333 kWh | carbon 0.00216 kg | GEI 0.9989
5249.7s 1791 ======================================================================
5249.7s 1792 D. Tight deadline
5249.7s 1793 Constraints: VRAM<=48GB, carbon<=1.0kg, time<=600s, accuracy>=0.0
5249.7s 1794 Feasible: 3  ->  Pareto front: 3
5249.7s 1795 
5249.7s 1796 >>> RECOMMENDED: LISA on tiny backbone
5249.7s 1797 accuracy 0.5089 | VRAM 4.85 GB | energy 0.00333 kWh | carbon 0.00216 kg | GEI 0.9989
5251.1s 1798 Saved /kaggle/working/peft_bench/results/figures/benchmark_overview.png
5251.4s 1799 Bundle: /kaggle/working/peft_bench/sustainable_peft_benchmark_bundle.zip
5251.4s 1800 Size  : 0.14 MB
5251.4s 1801 
5251.4s 1802 Copied to /kaggle/working -> download it from the Output panel on the right.
5258.5s 1803 /usr/local/lib/python3.12/dist-packages/mistune.py:435: SyntaxWarning: invalid escape sequence '\|'
5258.5s 1804 cells[i][c] = re.sub('\\\\\|', '|', cell)
5258.8s 1805 /usr/local/lib/python3.12/dist-packages/nbconvert/filters/filter_links.py:36: SyntaxWarning: invalid escape sequence '\_'
5258.8s 1806 text = re.sub(r'_', '\_', text) # Escape underscores in display text
5260.6s 1807 [NbConvertApp] Converting notebook __notebook__.ipynb to notebook
5261.4s 1808 [NbConvertApp] Writing 1384395 bytes to __notebook__.ipynb
5264.2s 1809 [NbConvertApp] Converting notebook __notebook__.ipynb to html
5266.0s 1810 [NbConvertApp] Support files will be in __results___files/
5266.0s 1811 [NbConvertApp] Making directory __results___files
5266.0s 1812 [NbConvertApp] Writing 1441326 bytes to __results__.html