7.1s 1 0.00s - Debugger warning: It seems that frozen modules are being used, which may
7.1s 2 0.00s - make the debugger miss breakpoints. Please pass -Xfrozen_modules=off
7.1s 3 0.00s - to python to disable frozen modules.
7.1s 4 0.00s - Note: Debugging will proceed. Set PYDEVD_DISABLE_FILE_VALIDATION=1 to disable this validation.
7.7s 5 0.00s - Debugger warning: It seems that frozen modules are being used, which may
7.7s 6 0.00s - make the debugger miss breakpoints. Please pass -Xfrozen_modules=off
7.7s 7 0.00s - to python to disable frozen modules.
7.7s 8 0.00s - Note: Debugging will proceed. Set PYDEVD_DISABLE_FILE_VALIDATION=1 to disable this validation.
36.0s 9 torch       : 2.10.0+cu128
36.0s 10 transformers: 5.0.0
36.0s 11 peft        : 0.19.1
36.0s 12 GPU         : Tesla T4 | 15.6 GB | compute 7.5
36.1s 13 QLoRA 4-bit supported: True | bf16 supported: True
36.1s 14 
36.1s 15 Platform: kaggle
36.1s 16 Project root: /kaggle/working/peft_bench
36.1s 17 Folders ready.
36.1s 18 Planned runs: 5 methods x 4 tiers x 1 tasks x 3 seeds = 60
36.1s 19 Wrote configs to /kaggle/working/peft_bench/configs
36.1s 20 - configs/backbones.yaml
36.1s 21 - configs/methods/full_ft.yaml
36.1s 22 - configs/methods/lisa.yaml
36.1s 23 - configs/methods/lora.yaml
36.1s 24 - configs/methods/lora_fa.yaml
36.1s 25 - configs/methods/qlora.yaml
36.1s 26 - configs/tasks.yaml
37.7s 27 Warning: You are sending unauthenticated requests to the HF Hub. Please set a HF_TOKEN to enable higher rate limits and faster downloads.
37.7s 28 
37.7s 29 Warning: You are sending unauthenticated requests to the HF Hub. Please set a HF_TOKEN to enable higher rate limits and faster downloads.
37.8s 30 [classification] downloading stanfordnlp/sst2 ...
41.1s 31 [classification] train=1000  eval=300  saved to /kaggle/working/peft_bench/data/classification_1000_300
41.1s 32 
41.1s 33 Sample row from classification :
41.1s 34 {'idx': 32326, 'sentence': 'klein , charming in comedies like american pie and dead-on in election , ', 'label': 1}
41.6s 35 Meter self-test OK: {'wall_clock_seconds': 0.44, 'energy_kwh': 9e-06, 'avg_power_watts': 70.0, 'peak_gpu_memory_gb': 0.117, 'torch_peak_gb': 0.117, 'nvml_peak_gb': 0.0, 'n_power_samples': 1}
41.6s 36 Model builders ready. Compute dtype: torch.bfloat16
41.7s 37 Task pipelines ready for: ['classification', 'summarization', 'instruction_following']
41.8s 38 run_one() ready.
41.8s 39 RUN_MODE is not synthetic -- nothing written. Good.
41.9s 40 Sweep plan: 60 runs
41.9s 41 ============================================================
41.9s 42 [1/60] full_ft | tiny | classification | seed 13
42.1s 43 `torch_dtype` is deprecated! Use `dtype` instead!
42.1s 44 
42.1s 45 `torch_dtype` is deprecated! Use `dtype` instead!
48.6s 46 Qwen2ForSequenceClassification LOAD REPORT from: Qwen/Qwen2.5-0.5B
48.6s 47 Key          | Status  |
48.6s 48 -------------+---------+-
48.6s 49 score.weight | MISSING |
48.6s 50 
48.6s 51 Notes:
48.6s 52 - MISSING	:those params were newly initialized because missing from the checkpoint. Consider training on your downstream task.
48.6s 53 
48.6s 54 Qwen2ForSequenceClassification LOAD REPORT from: Qwen/Qwen2.5-0.5B
48.6s 55 Key          | Status  |
48.6s 56 -------------+---------+-
48.6s 57 score.weight | MISSING |
48.6s 58 
48.6s 59 Notes:
48.6s 60 - MISSING	:those params were newly initialized because missing from the checkpoint. Consider training on your downstream task.
55.2s 61 /usr/local/lib/python3.12/dist-packages/torch/autograd/function.py:583: UserWarning: Was asked to gather along dimension 0, but all input tensors were scalars; will instead unsqueeze and return a vector.
55.2s 62 return super().apply(*args, **kwargs)  # type: ignore[misc]
55.2s 63 
55.2s 64 /usr/local/lib/python3.12/dist-packages/torch/autograd/function.py:583: UserWarning: Was asked to gather along dimension 0, but all input tensors were scalars; will instead unsqueeze and return a vector.
55.2s 65 return super().apply(*args, **kwargs)  # type: ignore[misc]
275.3s 66 /tmp/ipykernel_23/1695028940.py:66: DeprecationWarning: `trapz` is deprecated. Use `trapezoid` instead, or one of the numerical integration functions in `scipy.integrate`.
275.3s 67 joules = float(np.trapz(ws, ts))        # watts x seconds = joules
275.3s 68 
275.3s 69 /tmp/ipykernel_23/1695028940.py:66: DeprecationWarning: `trapz` is deprecated. Use `trapezoid` instead, or one of the numerical integration functions in `scipy.integrate`.
275.3s 70 joules = float(np.trapz(ws, ts))        # watts x seconds = joules
279.0s 71 [ok] full_ft_tiny_classification_seed13  score=0.9133  222.2s  13.475GB  0.00380kWh
279.4s 72 [2/60] full_ft | tiny | classification | seed 42
280.5s 73 Qwen2ForSequenceClassification LOAD REPORT from: Qwen/Qwen2.5-0.5B
280.5s 74 Key          | Status  |
280.5s 75 -------------+---------+-
280.5s 76 score.weight | MISSING |
280.5s 77 
280.5s 78 Notes:
280.5s 79 - MISSING	:those params were newly initialized because missing from the checkpoint. Consider training on your downstream task.
280.5s 80 
280.5s 81 Qwen2ForSequenceClassification LOAD REPORT from: Qwen/Qwen2.5-0.5B
280.5s 82 Key          | Status  |
280.5s 83 -------------+---------+-
280.5s 84 score.weight | MISSING |
280.5s 85 
280.5s 86 Notes:
280.5s 87 - MISSING	:those params were newly initialized because missing from the checkpoint. Consider training on your downstream task.
284.6s 88 /usr/local/lib/python3.12/dist-packages/torch/autograd/function.py:583: UserWarning: Was asked to gather along dimension 0, but all input tensors were scalars; will instead unsqueeze and return a vector.
284.6s 89 return super().apply(*args, **kwargs)  # type: ignore[misc]
284.6s 90 
284.6s 91 /usr/local/lib/python3.12/dist-packages/torch/autograd/function.py:583: UserWarning: Was asked to gather along dimension 0, but all input tensors were scalars; will instead unsqueeze and return a vector.
284.6s 92 return super().apply(*args, **kwargs)  # type: ignore[misc]
506.9s 93 /tmp/ipykernel_23/1695028940.py:66: DeprecationWarning: `trapz` is deprecated. Use `trapezoid` instead, or one of the numerical integration functions in `scipy.integrate`.
506.9s 94 joules = float(np.trapz(ws, ts))        # watts x seconds = joules
506.9s 95 
506.9s 96 /tmp/ipykernel_23/1695028940.py:66: DeprecationWarning: `trapz` is deprecated. Use `trapezoid` instead, or one of the numerical integration functions in `scipy.integrate`.
506.9s 97 joules = float(np.trapz(ws, ts))        # watts x seconds = joules
510.6s 98 [ok] full_ft_tiny_classification_seed42  score=0.9  223.02s  13.48GB  0.00383kWh
511.0s 99 [3/60] full_ft | tiny | classification | seed 2024
512.1s 100 Qwen2ForSequenceClassification LOAD REPORT from: Qwen/Qwen2.5-0.5B
512.1s 101 Key          | Status  |
512.1s 102 -------------+---------+-
512.1s 103 score.weight | MISSING |
512.1s 104 
512.1s 105 Notes:
512.1s 106 - MISSING	:those params were newly initialized because missing from the checkpoint. Consider training on your downstream task.
512.1s 107 
512.1s 108 Qwen2ForSequenceClassification LOAD REPORT from: Qwen/Qwen2.5-0.5B
512.1s 109 Key          | Status  |
512.1s 110 -------------+---------+-
512.1s 111 score.weight | MISSING |
512.1s 112 
512.1s 113 Notes:
512.1s 114 - MISSING	:those params were newly initialized because missing from the checkpoint. Consider training on your downstream task.
516.0s 115 /usr/local/lib/python3.12/dist-packages/torch/autograd/function.py:583: UserWarning: Was asked to gather along dimension 0, but all input tensors were scalars; will instead unsqueeze and return a vector.
516.0s 116 return super().apply(*args, **kwargs)  # type: ignore[misc]
516.0s 117 
516.0s 118 /usr/local/lib/python3.12/dist-packages/torch/autograd/function.py:583: UserWarning: Was asked to gather along dimension 0, but all input tensors were scalars; will instead unsqueeze and return a vector.
516.0s 119 return super().apply(*args, **kwargs)  # type: ignore[misc]
738.4s 120 /tmp/ipykernel_23/1695028940.py:66: DeprecationWarning: `trapz` is deprecated. Use `trapezoid` instead, or one of the numerical integration functions in `scipy.integrate`.
738.4s 121 joules = float(np.trapz(ws, ts))        # watts x seconds = joules
738.4s 122 
738.4s 123 /tmp/ipykernel_23/1695028940.py:66: DeprecationWarning: `trapz` is deprecated. Use `trapezoid` instead, or one of the numerical integration functions in `scipy.integrate`.
738.4s 124 joules = float(np.trapz(ws, ts))        # watts x seconds = joules
742.1s 125 [ok] full_ft_tiny_classification_seed2024  score=0.9233  223.09s  13.48GB  0.00383kWh
742.6s 126 [4/60] full_ft | small | classification | seed 13
755.3s 127 LlamaForSequenceClassification LOAD REPORT from: TinyLlama/TinyLlama-1.1B-Chat-v1.0
755.3s 128 Key            | Status     |
755.3s 129 ---------------+------------+-
755.3s 130 lm_head.weight | UNEXPECTED |
755.3s 131 score.weight   | MISSING    |
755.3s 132 
755.3s 133 Notes:
755.3s 134 - UNEXPECTED	:can be ignored when loading from different task/architecture; not ok if you expect identical arch.
755.3s 135 - MISSING	:those params were newly initialized because missing from the checkpoint. Consider training on your downstream task.
755.3s 136 
755.3s 137 LlamaForSequenceClassification LOAD REPORT from: TinyLlama/TinyLlama-1.1B-Chat-v1.0
755.3s 138 Key            | Status     |
755.3s 139 ---------------+------------+-
755.3s 140 lm_head.weight | UNEXPECTED |
755.3s 141 score.weight   | MISSING    |
755.3s 142 
755.3s 143 Notes:
755.3s 144 - UNEXPECTED	:can be ignored when loading from different task/architecture; not ok if you expect identical arch.
755.3s 145 - MISSING	:those params were newly initialized because missing from the checkpoint. Consider training on your downstream task.
759.5s 146 /usr/local/lib/python3.12/dist-packages/torch/autograd/function.py:583: UserWarning: Was asked to gather along dimension 0, but all input tensors were scalars; will instead unsqueeze and return a vector.
759.5s 147 return super().apply(*args, **kwargs)  # type: ignore[misc]
759.5s 148 
759.5s 149 /usr/local/lib/python3.12/dist-packages/torch/autograd/function.py:583: UserWarning: Was asked to gather along dimension 0, but all input tensors were scalars; will instead unsqueeze and return a vector.
759.5s 150 return super().apply(*args, **kwargs)  # type: ignore[misc]
763.5s 151 [OOM] full_ft_small_classification_seed13 -- out of memory (this is a valid result, recorded)
764.1s 152 [5/60] full_ft | small | classification | seed 42
765.6s 153 LlamaForSequenceClassification LOAD REPORT from: TinyLlama/TinyLlama-1.1B-Chat-v1.0
765.6s 154 Key            | Status     |
765.6s 155 ---------------+------------+-
765.6s 156 lm_head.weight | UNEXPECTED |
765.6s 157 score.weight   | MISSING    |
765.6s 158 
765.6s 159 Notes:
765.6s 160 - UNEXPECTED	:can be ignored when loading from different task/architecture; not ok if you expect identical arch.
765.6s 161 - MISSING	:those params were newly initialized because missing from the checkpoint. Consider training on your downstream task.
765.6s 162 
765.6s 163 LlamaForSequenceClassification LOAD REPORT from: TinyLlama/TinyLlama-1.1B-Chat-v1.0
765.6s 164 Key            | Status     |
765.6s 165 ---------------+------------+-
765.6s 166 lm_head.weight | UNEXPECTED |
765.6s 167 score.weight   | MISSING    |
765.6s 168 
765.6s 169 Notes:
765.6s 170 - UNEXPECTED	:can be ignored when loading from different task/architecture; not ok if you expect identical arch.
765.6s 171 - MISSING	:those params were newly initialized because missing from the checkpoint. Consider training on your downstream task.
768.6s 172 /usr/local/lib/python3.12/dist-packages/torch/autograd/function.py:583: UserWarning: Was asked to gather along dimension 0, but all input tensors were scalars; will instead unsqueeze and return a vector.
768.6s 173 return super().apply(*args, **kwargs)  # type: ignore[misc]
768.6s 174 
768.6s 175 /usr/local/lib/python3.12/dist-packages/torch/autograd/function.py:583: UserWarning: Was asked to gather along dimension 0, but all input tensors were scalars; will instead unsqueeze and return a vector.
768.6s 176 return super().apply(*args, **kwargs)  # type: ignore[misc]
772.6s 177 [OOM] full_ft_small_classification_seed42 -- out of memory (this is a valid result, recorded)
773.1s 178 [6/60] full_ft | small | classification | seed 2024
774.5s 179 LlamaForSequenceClassification LOAD REPORT from: TinyLlama/TinyLlama-1.1B-Chat-v1.0
774.5s 180 Key            | Status     |
774.5s 181 ---------------+------------+-
774.5s 182 lm_head.weight | UNEXPECTED |
774.5s 183 score.weight   | MISSING    |
774.5s 184 
774.5s 185 Notes:
774.5s 186 - UNEXPECTED	:can be ignored when loading from different task/architecture; not ok if you expect identical arch.
774.5s 187 - MISSING	:those params were newly initialized because missing from the checkpoint. Consider training on your downstream task.
774.5s 188 
774.5s 189 LlamaForSequenceClassification LOAD REPORT from: TinyLlama/TinyLlama-1.1B-Chat-v1.0
774.5s 190 Key            | Status     |
774.5s 191 ---------------+------------+-
774.5s 192 lm_head.weight | UNEXPECTED |
774.5s 193 score.weight   | MISSING    |
774.5s 194 
774.5s 195 Notes:
774.5s 196 - UNEXPECTED	:can be ignored when loading from different task/architecture; not ok if you expect identical arch.
774.5s 197 - MISSING	:those params were newly initialized because missing from the checkpoint. Consider training on your downstream task.
777.5s 198 /usr/local/lib/python3.12/dist-packages/torch/autograd/function.py:583: UserWarning: Was asked to gather along dimension 0, but all input tensors were scalars; will instead unsqueeze and return a vector.
777.5s 199 return super().apply(*args, **kwargs)  # type: ignore[misc]
777.5s 200 
777.5s 201 /usr/local/lib/python3.12/dist-packages/torch/autograd/function.py:583: UserWarning: Was asked to gather along dimension 0, but all input tensors were scalars; will instead unsqueeze and return a vector.
777.5s 202 return super().apply(*args, **kwargs)  # type: ignore[misc]
781.5s 203 [OOM] full_ft_small_classification_seed2024 -- out of memory (this is a valid result, recorded)
782.1s 204 [7/60] full_ft | medium | classification | seed 13
796.0s 205 Qwen2ForSequenceClassification LOAD REPORT from: Qwen/Qwen2.5-1.5B
796.0s 206 Key          | Status  |
796.0s 207 -------------+---------+-
796.0s 208 score.weight | MISSING |
796.0s 209 
796.0s 210 Notes:
796.0s 211 - MISSING	:those params were newly initialized because missing from the checkpoint. Consider training on your downstream task.
796.0s 212 
796.0s 213 Qwen2ForSequenceClassification LOAD REPORT from: Qwen/Qwen2.5-1.5B
796.0s 214 Key          | Status  |
796.0s 215 -------------+---------+-
796.0s 216 score.weight | MISSING |
796.0s 217 
796.0s 218 Notes:
796.0s 219 - MISSING	:those params were newly initialized because missing from the checkpoint. Consider training on your downstream task.
803.4s 220 /usr/local/lib/python3.12/dist-packages/torch/autograd/function.py:583: UserWarning: Was asked to gather along dimension 0, but all input tensors were scalars; will instead unsqueeze and return a vector.
803.4s 221 return super().apply(*args, **kwargs)  # type: ignore[misc]
803.4s 222 
803.4s 223 /usr/local/lib/python3.12/dist-packages/torch/autograd/function.py:583: UserWarning: Was asked to gather along dimension 0, but all input tensors were scalars; will instead unsqueeze and return a vector.
803.4s 224 return super().apply(*args, **kwargs)  # type: ignore[misc]
805.6s 225 [OOM] full_ft_medium_classification_seed13 -- out of memory (this is a valid result, recorded)
806.4s 226 [8/60] full_ft | medium | classification | seed 42
808.6s 227 Qwen2ForSequenceClassification LOAD REPORT from: Qwen/Qwen2.5-1.5B
808.6s 228 Key          | Status  |
808.6s 229 -------------+---------+-
808.6s 230 score.weight | MISSING |
808.6s 231 
808.6s 232 Notes:
808.6s 233 - MISSING	:those params were newly initialized because missing from the checkpoint. Consider training on your downstream task.
808.6s 234 
808.6s 235 Qwen2ForSequenceClassification LOAD REPORT from: Qwen/Qwen2.5-1.5B
808.6s 236 Key          | Status  |
808.6s 237 -------------+---------+-
808.6s 238 score.weight | MISSING |
808.6s 239 
808.6s 240 Notes:
808.6s 241 - MISSING	:those params were newly initialized because missing from the checkpoint. Consider training on your downstream task.
814.2s 242 /usr/local/lib/python3.12/dist-packages/torch/autograd/function.py:583: UserWarning: Was asked to gather along dimension 0, but all input tensors were scalars; will instead unsqueeze and return a vector.
814.2s 243 return super().apply(*args, **kwargs)  # type: ignore[misc]
814.2s 244 
814.2s 245 /usr/local/lib/python3.12/dist-packages/torch/autograd/function.py:583: UserWarning: Was asked to gather along dimension 0, but all input tensors were scalars; will instead unsqueeze and return a vector.
814.2s 246 return super().apply(*args, **kwargs)  # type: ignore[misc]
816.4s 247 [OOM] full_ft_medium_classification_seed42 -- out of memory (this is a valid result, recorded)
817.2s 248 [9/60] full_ft | medium | classification | seed 2024
819.3s 249 Qwen2ForSequenceClassification LOAD REPORT from: Qwen/Qwen2.5-1.5B
819.3s 250 Key          | Status  |
819.3s 251 -------------+---------+-
819.3s 252 score.weight | MISSING |
819.3s 253 
819.3s 254 Notes:
819.3s 255 - MISSING	:those params were newly initialized because missing from the checkpoint. Consider training on your downstream task.
819.3s 256 
819.3s 257 Qwen2ForSequenceClassification LOAD REPORT from: Qwen/Qwen2.5-1.5B
819.3s 258 Key          | Status  |
819.3s 259 -------------+---------+-
819.3s 260 score.weight | MISSING |
819.3s 261 
819.3s 262 Notes:
819.3s 263 - MISSING	:those params were newly initialized because missing from the checkpoint. Consider training on your downstream task.
824.8s 264 /usr/local/lib/python3.12/dist-packages/torch/autograd/function.py:583: UserWarning: Was asked to gather along dimension 0, but all input tensors were scalars; will instead unsqueeze and return a vector.
824.8s 265 return super().apply(*args, **kwargs)  # type: ignore[misc]
824.8s 266 
824.8s 267 /usr/local/lib/python3.12/dist-packages/torch/autograd/function.py:583: UserWarning: Was asked to gather along dimension 0, but all input tensors were scalars; will instead unsqueeze and return a vector.
824.8s 268 return super().apply(*args, **kwargs)  # type: ignore[misc]
827.0s 269 [OOM] full_ft_medium_classification_seed2024 -- out of memory (this is a valid result, recorded)
827.8s 270 [10/60] full_ft | large | classification | seed 13
888.1s 271 Qwen2ForSequenceClassification LOAD REPORT from: Qwen/Qwen2.5-3B
888.1s 272 Key          | Status  |
888.1s 273 -------------+---------+-
888.1s 274 score.weight | MISSING |
888.1s 275 
888.1s 276 Notes:
888.1s 277 - MISSING	:those params were newly initialized because missing from the checkpoint. Consider training on your downstream task.
888.1s 278 
888.1s 279 Qwen2ForSequenceClassification LOAD REPORT from: Qwen/Qwen2.5-3B
888.1s 280 Key          | Status  |
888.1s 281 -------------+---------+-
888.1s 282 score.weight | MISSING |
888.1s 283 
888.1s 284 Notes:
888.1s 285 - MISSING	:those params were newly initialized because missing from the checkpoint. Consider training on your downstream task.
898.0s 286 [OOM] full_ft_large_classification_seed13 -- out of memory (this is a valid result, recorded)
908.5s 287 [11/60] full_ft | large | classification | seed 42
915.9s 288 Qwen2ForSequenceClassification LOAD REPORT from: Qwen/Qwen2.5-3B
915.9s 289 Key          | Status  |
915.9s 290 -------------+---------+-
915.9s 291 score.weight | MISSING |
915.9s 292 
915.9s 293 Notes:
915.9s 294 - MISSING	:those params were newly initialized because missing from the checkpoint. Consider training on your downstream task.
915.9s 295 
915.9s 296 Qwen2ForSequenceClassification LOAD REPORT from: Qwen/Qwen2.5-3B
915.9s 297 Key          | Status  |
915.9s 298 -------------+---------+-
915.9s 299 score.weight | MISSING |
915.9s 300 
915.9s 301 Notes:
915.9s 302 - MISSING	:those params were newly initialized because missing from the checkpoint. Consider training on your downstream task.
925.1s 303 [OOM] full_ft_large_classification_seed42 -- out of memory (this is a valid result, recorded)
935.6s 304 [12/60] full_ft | large | classification | seed 2024
939.4s 305 Qwen2ForSequenceClassification LOAD REPORT from: Qwen/Qwen2.5-3B
939.4s 306 Key          | Status  |
939.4s 307 -------------+---------+-
939.4s 308 score.weight | MISSING |
939.4s 309 
939.4s 310 Notes:
939.4s 311 - MISSING	:those params were newly initialized because missing from the checkpoint. Consider training on your downstream task.
939.4s 312 
939.4s 313 Qwen2ForSequenceClassification LOAD REPORT from: Qwen/Qwen2.5-3B
939.4s 314 Key          | Status  |
939.4s 315 -------------+---------+-
939.4s 316 score.weight | MISSING |
939.4s 317 
939.4s 318 Notes:
939.4s 319 - MISSING	:those params were newly initialized because missing from the checkpoint. Consider training on your downstream task.
948.2s 320 [OOM] full_ft_large_classification_seed2024 -- out of memory (this is a valid result, recorded)
958.7s 321 [13/60] lora | tiny | classification | seed 13
959.6s 322 Qwen2ForSequenceClassification LOAD REPORT from: Qwen/Qwen2.5-0.5B
959.6s 323 Key          | Status  |
959.6s 324 -------------+---------+-
959.6s 325 score.weight | MISSING |
959.6s 326 
959.6s 327 Notes:
959.6s 328 - MISSING	:those params were newly initialized because missing from the checkpoint. Consider training on your downstream task.
959.6s 329 
959.6s 330 Qwen2ForSequenceClassification LOAD REPORT from: Qwen/Qwen2.5-0.5B
959.6s 331 Key          | Status  |
959.6s 332 -------------+---------+-
959.6s 333 score.weight | MISSING |
959.6s 334 
959.6s 335 Notes:
959.6s 336 - MISSING	:those params were newly initialized because missing from the checkpoint. Consider training on your downstream task.
964.0s 337 [ERR] lora_tiny_classification_seed13: ImportError: Found an incompatible version of torchao. Found version 0.10.0, but only versions above 0.16.0 are supported
964.0s 338 Traceback (most recent call last):
964.0s 339 File "/tmp/ipykernel_23/2169724555.py", line 29, in run_one
964.0s 340 model, tok = build_model(method, model_id, task_cfg, seed)
964.0s 341 ^^^^^^^^^^^^^^^^^^^^^^^^^^^^^^^^^^^^^^^^^^^^^
964.0s 342 File "/tmp/ipykernel_23/1467546848.py", line 90, in build_model
964.0s 343 model = get_peft_model(model, lcfg)
964.0s 344 ^^^^^^^^^^^^^^^^^^^^^^^^^^^
964.0s 345 ImportError: Found an incompatible version of torchao. Found version 0.10.0, but only versions above 0.16.0 are supported
964.0s 346 
964.0s 347 Traceback (most recent call last):
964.0s 348 File "/tmp/ipykernel_23/2169724555.py", line 29, in run_one
964.0s 349 model, tok = build_model(method, model_id, task_cfg, seed)
964.0s 350 ^^^^^^^^^^^^^^^^^^^^^^^^^^^^^^^^^^^^^^^^^^^^^
964.0s 351 File "/tmp/ipykernel_23/1467546848.py", line 90, in build_model
964.0s 352 model = get_peft_model(model, lcfg)
964.0s 353 ^^^^^^^^^^^^^^^^^^^^^^^^^^^
964.0s 354 ImportError: Found an incompatible version of torchao. Found version 0.10.0, but only versions above 0.16.0 are supported
964.4s 355 [14/60] lora | tiny | classification | seed 42
965.0s 356 Qwen2ForSequenceClassification LOAD REPORT from: Qwen/Qwen2.5-0.5B
965.0s 357 Key          | Status  |
965.0s 358 -------------+---------+-
965.0s 359 score.weight | MISSING |
965.0s 360 
965.0s 361 Notes:
965.0s 362 - MISSING	:those params were newly initialized because missing from the checkpoint. Consider training on your downstream task.
965.0s 363 
965.0s 364 Qwen2ForSequenceClassification LOAD REPORT from: Qwen/Qwen2.5-0.5B
965.0s 365 Key          | Status  |
965.0s 366 -------------+---------+-
965.0s 367 score.weight | MISSING |
965.0s 368 
965.0s 369 Notes:
965.0s 370 - MISSING	:those params were newly initialized because missing from the checkpoint. Consider training on your downstream task.
966.5s 371 [ERR] lora_tiny_classification_seed42: ImportError: Found an incompatible version of torchao. Found version 0.10.0, but only versions above 0.16.0 are supported
966.5s 372 Traceback (most recent call last):
966.5s 373 File "/tmp/ipykernel_23/2169724555.py", line 29, in run_one
966.5s 374 model, tok = build_model(method, model_id, task_cfg, seed)
966.5s 375 ^^^^^^^^^^^^^^^^^^^^^^^^^^^^^^^^^^^^^^^^^^^^^
966.5s 376 File "/tmp/ipykernel_23/1467546848.py", line 90, in build_model
966.5s 377 model = get_peft_model(model, lcfg)
966.5s 378 ^^^^^^^^^^^^^^^^^^^^^^^^^^^
966.5s 379 ImportError: Found an incompatible version of torchao. Found version 0.10.0, but only versions above 0.16.0 are supported
966.5s 380 
966.5s 381 Traceback (most recent call last):
966.5s 382 File "/tmp/ipykernel_23/2169724555.py", line 29, in run_one
966.5s 383 model, tok = build_model(method, model_id, task_cfg, seed)
966.5s 384 ^^^^^^^^^^^^^^^^^^^^^^^^^^^^^^^^^^^^^^^^^^^^^
966.5s 385 File "/tmp/ipykernel_23/1467546848.py", line 90, in build_model
966.5s 386 model = get_peft_model(model, lcfg)
966.5s 387 ^^^^^^^^^^^^^^^^^^^^^^^^^^^
966.5s 388 ImportError: Found an incompatible version of torchao. Found version 0.10.0, but only versions above 0.16.0 are supported
966.8s 389 [15/60] lora | tiny | classification | seed 2024
967.4s 390 Qwen2ForSequenceClassification LOAD REPORT from: Qwen/Qwen2.5-0.5B
967.4s 391 Key          | Status  |
967.4s 392 -------------+---------+-
967.4s 393 score.weight | MISSING |
967.4s 394 
967.4s 395 Notes:
967.4s 396 - MISSING	:those params were newly initialized because missing from the checkpoint. Consider training on your downstream task.
967.4s 397 
967.4s 398 Qwen2ForSequenceClassification LOAD REPORT from: Qwen/Qwen2.5-0.5B
967.4s 399 Key          | Status  |
967.4s 400 -------------+---------+-
967.4s 401 score.weight | MISSING |
967.4s 402 
967.4s 403 Notes:
967.4s 404 - MISSING	:those params were newly initialized because missing from the checkpoint. Consider training on your downstream task.
968.8s 405 [ERR] lora_tiny_classification_seed2024: ImportError: Found an incompatible version of torchao. Found version 0.10.0, but only versions above 0.16.0 are supported
968.8s 406 Traceback (most recent call last):
968.8s 407 File "/tmp/ipykernel_23/2169724555.py", line 29, in run_one
968.8s 408 model, tok = build_model(method, model_id, task_cfg, seed)
968.8s 409 ^^^^^^^^^^^^^^^^^^^^^^^^^^^^^^^^^^^^^^^^^^^^^
968.8s 410 File "/tmp/ipykernel_23/1467546848.py", line 90, in build_model
968.8s 411 model = get_peft_model(model, lcfg)
968.8s 412 ^^^^^^^^^^^^^^^^^^^^^^^^^^^
968.8s 413 ImportError: Found an incompatible version of torchao. Found version 0.10.0, but only versions above 0.16.0 are supported
968.8s 414 
968.8s 415 Traceback (most recent call last):
968.8s 416 File "/tmp/ipykernel_23/2169724555.py", line 29, in run_one
968.8s 417 model, tok = build_model(method, model_id, task_cfg, seed)
968.8s 418 ^^^^^^^^^^^^^^^^^^^^^^^^^^^^^^^^^^^^^^^^^^^^^
968.8s 419 File "/tmp/ipykernel_23/1467546848.py", line 90, in build_model
968.8s 420 model = get_peft_model(model, lcfg)
968.8s 421 ^^^^^^^^^^^^^^^^^^^^^^^^^^^
968.8s 422 ImportError: Found an incompatible version of torchao. Found version 0.10.0, but only versions above 0.16.0 are supported
969.0s 423 [16/60] lora | small | classification | seed 13
969.5s 424 LlamaForSequenceClassification LOAD REPORT from: TinyLlama/TinyLlama-1.1B-Chat-v1.0
969.5s 425 Key            | Status     |
969.5s 426 ---------------+------------+-
969.5s 427 lm_head.weight | UNEXPECTED |
969.5s 428 score.weight   | MISSING    |
969.5s 429 
969.5s 430 Notes:
969.5s 431 - UNEXPECTED	:can be ignored when loading from different task/architecture; not ok if you expect identical arch.
969.5s 432 - MISSING	:those params were newly initialized because missing from the checkpoint. Consider training on your downstream task.
969.5s 433 
969.5s 434 LlamaForSequenceClassification LOAD REPORT from: TinyLlama/TinyLlama-1.1B-Chat-v1.0
969.5s 435 Key            | Status     |
969.5s 436 ---------------+------------+-
969.5s 437 lm_head.weight | UNEXPECTED |
969.5s 438 score.weight   | MISSING    |
969.5s 439 
969.5s 440 Notes:
969.5s 441 - UNEXPECTED	:can be ignored when loading from different task/architecture; not ok if you expect identical arch.
969.5s 442 - MISSING	:those params were newly initialized because missing from the checkpoint. Consider training on your downstream task.
970.9s 443 [ERR] lora_small_classification_seed13: ImportError: Found an incompatible version of torchao. Found version 0.10.0, but only versions above 0.16.0 are supported
970.9s 444 Traceback (most recent call last):
970.9s 445 File "/tmp/ipykernel_23/2169724555.py", line 29, in run_one
970.9s 446 model, tok = build_model(method, model_id, task_cfg, seed)
970.9s 447 ^^^^^^^^^^^^^^^^^^^^^^^^^^^^^^^^^^^^^^^^^^^^^
970.9s 448 File "/tmp/ipykernel_23/1467546848.py", line 90, in build_model
970.9s 449 model = get_peft_model(model, lcfg)
970.9s 450 ^^^^^^^^^^^^^^^^^^^^^^^^^^^
970.9s 451 ImportError: Found an incompatible version of torchao. Found version 0.10.0, but only versions above 0.16.0 are supported
970.9s 452 
970.9s 453 Traceback (most recent call last):
970.9s 454 File "/tmp/ipykernel_23/2169724555.py", line 29, in run_one
970.9s 455 model, tok = build_model(method, model_id, task_cfg, seed)
970.9s 456 ^^^^^^^^^^^^^^^^^^^^^^^^^^^^^^^^^^^^^^^^^^^^^
970.9s 457 File "/tmp/ipykernel_23/1467546848.py", line 90, in build_model
970.9s 458 model = get_peft_model(model, lcfg)
970.9s 459 ^^^^^^^^^^^^^^^^^^^^^^^^^^^
970.9s 460 ImportError: Found an incompatible version of torchao. Found version 0.10.0, but only versions above 0.16.0 are supported
971.2s 461 [17/60] lora | small | classification | seed 42
971.6s 462 LlamaForSequenceClassification LOAD REPORT from: TinyLlama/TinyLlama-1.1B-Chat-v1.0
971.6s 463 Key            | Status     |
971.6s 464 ---------------+------------+-
971.6s 465 lm_head.weight | UNEXPECTED |
971.6s 466 score.weight   | MISSING    |
971.6s 467 
971.6s 468 Notes:
971.6s 469 - UNEXPECTED	:can be ignored when loading from different task/architecture; not ok if you expect identical arch.
971.6s 470 - MISSING	:those params were newly initialized because missing from the checkpoint. Consider training on your downstream task.
971.6s 471 
971.6s 472 LlamaForSequenceClassification LOAD REPORT from: TinyLlama/TinyLlama-1.1B-Chat-v1.0
971.6s 473 Key            | Status     |
971.6s 474 ---------------+------------+-
971.6s 475 lm_head.weight | UNEXPECTED |
971.6s 476 score.weight   | MISSING    |
971.6s 477 
971.6s 478 Notes:
971.6s 479 - UNEXPECTED	:can be ignored when loading from different task/architecture; not ok if you expect identical arch.
971.6s 480 - MISSING	:those params were newly initialized because missing from the checkpoint. Consider training on your downstream task.
972.9s 481 [ERR] lora_small_classification_seed42: ImportError: Found an incompatible version of torchao. Found version 0.10.0, but only versions above 0.16.0 are supported
972.9s 482 Traceback (most recent call last):
972.9s 483 File "/tmp/ipykernel_23/2169724555.py", line 29, in run_one
972.9s 484 model, tok = build_model(method, model_id, task_cfg, seed)
972.9s 485 ^^^^^^^^^^^^^^^^^^^^^^^^^^^^^^^^^^^^^^^^^^^^^
972.9s 486 File "/tmp/ipykernel_23/1467546848.py", line 90, in build_model
972.9s 487 model = get_peft_model(model, lcfg)
972.9s 488 ^^^^^^^^^^^^^^^^^^^^^^^^^^^
972.9s 489 ImportError: Found an incompatible version of torchao. Found version 0.10.0, but only versions above 0.16.0 are supported
972.9s 490 
972.9s 491 Traceback (most recent call last):
972.9s 492 File "/tmp/ipykernel_23/2169724555.py", line 29, in run_one
972.9s 493 model, tok = build_model(method, model_id, task_cfg, seed)
972.9s 494 ^^^^^^^^^^^^^^^^^^^^^^^^^^^^^^^^^^^^^^^^^^^^^
972.9s 495 File "/tmp/ipykernel_23/1467546848.py", line 90, in build_model
972.9s 496 model = get_peft_model(model, lcfg)
972.9s 497 ^^^^^^^^^^^^^^^^^^^^^^^^^^^
972.9s 498 ImportError: Found an incompatible version of torchao. Found version 0.10.0, but only versions above 0.16.0 are supported
973.2s 499 [18/60] lora | small | classification | seed 2024
973.6s 500 LlamaForSequenceClassification LOAD REPORT from: TinyLlama/TinyLlama-1.1B-Chat-v1.0
973.6s 501 Key            | Status     |
973.6s 502 ---------------+------------+-
973.6s 503 lm_head.weight | UNEXPECTED |
973.6s 504 score.weight   | MISSING    |
973.6s 505 
973.6s 506 Notes:
973.6s 507 - UNEXPECTED	:can be ignored when loading from different task/architecture; not ok if you expect identical arch.
973.6s 508 - MISSING	:those params were newly initialized because missing from the checkpoint. Consider training on your downstream task.
973.6s 509 
973.6s 510 LlamaForSequenceClassification LOAD REPORT from: TinyLlama/TinyLlama-1.1B-Chat-v1.0
973.6s 511 Key            | Status     |
973.6s 512 ---------------+------------+-
973.6s 513 lm_head.weight | UNEXPECTED |
973.6s 514 score.weight   | MISSING    |
973.6s 515 
973.6s 516 Notes:
973.6s 517 - UNEXPECTED	:can be ignored when loading from different task/architecture; not ok if you expect identical arch.
973.6s 518 - MISSING	:those params were newly initialized because missing from the checkpoint. Consider training on your downstream task.
974.9s 519 [ERR] lora_small_classification_seed2024: ImportError: Found an incompatible version of torchao. Found version 0.10.0, but only versions above 0.16.0 are supported
974.9s 520 Traceback (most recent call last):
974.9s 521 File "/tmp/ipykernel_23/2169724555.py", line 29, in run_one
974.9s 522 model, tok = build_model(method, model_id, task_cfg, seed)
974.9s 523 ^^^^^^^^^^^^^^^^^^^^^^^^^^^^^^^^^^^^^^^^^^^^^
974.9s 524 File "/tmp/ipykernel_23/1467546848.py", line 90, in build_model
974.9s 525 model = get_peft_model(model, lcfg)
974.9s 526 ^^^^^^^^^^^^^^^^^^^^^^^^^^^
974.9s 527 ImportError: Found an incompatible version of torchao. Found version 0.10.0, but only versions above 0.16.0 are supported
974.9s 528 
974.9s 529 Traceback (most recent call last):
974.9s 530 File "/tmp/ipykernel_23/2169724555.py", line 29, in run_one
974.9s 531 model, tok = build_model(method, model_id, task_cfg, seed)
974.9s 532 ^^^^^^^^^^^^^^^^^^^^^^^^^^^^^^^^^^^^^^^^^^^^^
974.9s 533 File "/tmp/ipykernel_23/1467546848.py", line 90, in build_model
974.9s 534 model = get_peft_model(model, lcfg)
974.9s 535 ^^^^^^^^^^^^^^^^^^^^^^^^^^^
974.9s 536 ImportError: Found an incompatible version of torchao. Found version 0.10.0, but only versions above 0.16.0 are supported
975.2s 537 [19/60] lora | medium | classification | seed 13
975.9s 538 Qwen2ForSequenceClassification LOAD REPORT from: Qwen/Qwen2.5-1.5B
975.9s 539 Key          | Status  |
975.9s 540 -------------+---------+-
975.9s 541 score.weight | MISSING |
975.9s 542 
975.9s 543 Notes:
975.9s 544 - MISSING	:those params were newly initialized because missing from the checkpoint. Consider training on your downstream task.
975.9s 545 
975.9s 546 Qwen2ForSequenceClassification LOAD REPORT from: Qwen/Qwen2.5-1.5B
975.9s 547 Key          | Status  |
975.9s 548 -------------+---------+-
975.9s 549 score.weight | MISSING |
975.9s 550 
975.9s 551 Notes:
975.9s 552 - MISSING	:those params were newly initialized because missing from the checkpoint. Consider training on your downstream task.
978.0s 553 [ERR] lora_medium_classification_seed13: ImportError: Found an incompatible version of torchao. Found version 0.10.0, but only versions above 0.16.0 are supported
978.0s 554 Traceback (most recent call last):
978.0s 555 File "/tmp/ipykernel_23/2169724555.py", line 29, in run_one
978.0s 556 model, tok = build_model(method, model_id, task_cfg, seed)
978.0s 557 ^^^^^^^^^^^^^^^^^^^^^^^^^^^^^^^^^^^^^^^^^^^^^
978.0s 558 File "/tmp/ipykernel_23/1467546848.py", line 90, in build_model
978.0s 559 model = get_peft_model(model, lcfg)
978.0s 560 ^^^^^^^^^^^^^^^^^^^^^^^^^^^
978.0s 561 ImportError: Found an incompatible version of torchao. Found version 0.10.0, but only versions above 0.16.0 are supported
978.0s 562 
978.0s 563 Traceback (most recent call last):
978.0s 564 File "/tmp/ipykernel_23/2169724555.py", line 29, in run_one
978.0s 565 model, tok = build_model(method, model_id, task_cfg, seed)
978.0s 566 ^^^^^^^^^^^^^^^^^^^^^^^^^^^^^^^^^^^^^^^^^^^^^
978.0s 567 File "/tmp/ipykernel_23/1467546848.py", line 90, in build_model
978.0s 568 model = get_peft_model(model, lcfg)
978.0s 569 ^^^^^^^^^^^^^^^^^^^^^^^^^^^
978.0s 570 ImportError: Found an incompatible version of torchao. Found version 0.10.0, but only versions above 0.16.0 are supported
978.3s 571 [20/60] lora | medium | classification | seed 42
979.0s 572 Qwen2ForSequenceClassification LOAD REPORT from: Qwen/Qwen2.5-1.5B
979.0s 573 Key          | Status  |
979.0s 574 -------------+---------+-
979.0s 575 score.weight | MISSING |
979.0s 576 
979.0s 577 Notes:
979.0s 578 - MISSING	:those params were newly initialized because missing from the checkpoint. Consider training on your downstream task.
979.0s 579 
979.0s 580 Qwen2ForSequenceClassification LOAD REPORT from: Qwen/Qwen2.5-1.5B
979.0s 581 Key          | Status  |
979.0s 582 -------------+---------+-
979.0s 583 score.weight | MISSING |
979.0s 584 
979.0s 585 Notes:
979.0s 586 - MISSING	:those params were newly initialized because missing from the checkpoint. Consider training on your downstream task.
981.1s 587 [ERR] lora_medium_classification_seed42: ImportError: Found an incompatible version of torchao. Found version 0.10.0, but only versions above 0.16.0 are supported
981.1s 588 Traceback (most recent call last):
981.1s 589 File "/tmp/ipykernel_23/2169724555.py", line 29, in run_one
981.1s 590 model, tok = build_model(method, model_id, task_cfg, seed)
981.1s 591 ^^^^^^^^^^^^^^^^^^^^^^^^^^^^^^^^^^^^^^^^^^^^^
981.1s 592 File "/tmp/ipykernel_23/1467546848.py", line 90, in build_model
981.1s 593 model = get_peft_model(model, lcfg)
981.1s 594 ^^^^^^^^^^^^^^^^^^^^^^^^^^^
981.1s 595 ImportError: Found an incompatible version of torchao. Found version 0.10.0, but only versions above 0.16.0 are supported
981.1s 596 
981.1s 597 Traceback (most recent call last):
981.1s 598 File "/tmp/ipykernel_23/2169724555.py", line 29, in run_one
981.1s 599 model, tok = build_model(method, model_id, task_cfg, seed)
981.1s 600 ^^^^^^^^^^^^^^^^^^^^^^^^^^^^^^^^^^^^^^^^^^^^^
981.1s 601 File "/tmp/ipykernel_23/1467546848.py", line 90, in build_model
981.1s 602 model = get_peft_model(model, lcfg)
981.1s 603 ^^^^^^^^^^^^^^^^^^^^^^^^^^^
981.1s 604 ImportError: Found an incompatible version of torchao. Found version 0.10.0, but only versions above 0.16.0 are supported
981.4s 605 [21/60] lora | medium | classification | seed 2024
982.1s 606 Qwen2ForSequenceClassification LOAD REPORT from: Qwen/Qwen2.5-1.5B
982.1s 607 Key          | Status  |
982.1s 608 -------------+---------+-
982.1s 609 score.weight | MISSING |
982.1s 610 
982.1s 611 Notes:
982.1s 612 - MISSING	:those params were newly initialized because missing from the checkpoint. Consider training on your downstream task.
982.1s 613 
982.1s 614 Qwen2ForSequenceClassification LOAD REPORT from: Qwen/Qwen2.5-1.5B
982.1s 615 Key          | Status  |
982.1s 616 -------------+---------+-
982.1s 617 score.weight | MISSING |
982.1s 618 
982.1s 619 Notes:
982.1s 620 - MISSING	:those params were newly initialized because missing from the checkpoint. Consider training on your downstream task.
984.1s 621 [ERR] lora_medium_classification_seed2024: ImportError: Found an incompatible version of torchao. Found version 0.10.0, but only versions above 0.16.0 are supported
984.1s 622 Traceback (most recent call last):
984.1s 623 File "/tmp/ipykernel_23/2169724555.py", line 29, in run_one
984.1s 624 model, tok = build_model(method, model_id, task_cfg, seed)
984.1s 625 ^^^^^^^^^^^^^^^^^^^^^^^^^^^^^^^^^^^^^^^^^^^^^
984.1s 626 File "/tmp/ipykernel_23/1467546848.py", line 90, in build_model
984.1s 627 model = get_peft_model(model, lcfg)
984.1s 628 ^^^^^^^^^^^^^^^^^^^^^^^^^^^
984.1s 629 ImportError: Found an incompatible version of torchao. Found version 0.10.0, but only versions above 0.16.0 are supported
984.1s 630 
984.1s 631 Traceback (most recent call last):
984.1s 632 File "/tmp/ipykernel_23/2169724555.py", line 29, in run_one
984.1s 633 model, tok = build_model(method, model_id, task_cfg, seed)
984.1s 634 ^^^^^^^^^^^^^^^^^^^^^^^^^^^^^^^^^^^^^^^^^^^^^
984.1s 635 File "/tmp/ipykernel_23/1467546848.py", line 90, in build_model
984.1s 636 model = get_peft_model(model, lcfg)
984.1s 637 ^^^^^^^^^^^^^^^^^^^^^^^^^^^
984.1s 638 ImportError: Found an incompatible version of torchao. Found version 0.10.0, but only versions above 0.16.0 are supported
984.4s 639 [22/60] lora | large | classification | seed 13
985.3s 640 Qwen2ForSequenceClassification LOAD REPORT from: Qwen/Qwen2.5-3B
985.3s 641 Key          | Status  |
985.3s 642 -------------+---------+-
985.3s 643 score.weight | MISSING |
985.3s 644 
985.3s 645 Notes:
985.3s 646 - MISSING	:those params were newly initialized because missing from the checkpoint. Consider training on your downstream task.
985.3s 647 
985.3s 648 Qwen2ForSequenceClassification LOAD REPORT from: Qwen/Qwen2.5-3B
985.3s 649 Key          | Status  |
985.3s 650 -------------+---------+-
985.3s 651 score.weight | MISSING |
985.3s 652 
985.3s 653 Notes:
985.3s 654 - MISSING	:those params were newly initialized because missing from the checkpoint. Consider training on your downstream task.
988.2s 655 [ERR] lora_large_classification_seed13: ImportError: Found an incompatible version of torchao. Found version 0.10.0, but only versions above 0.16.0 are supported
988.2s 656 Traceback (most recent call last):
988.2s 657 File "/tmp/ipykernel_23/2169724555.py", line 29, in run_one
988.2s 658 model, tok = build_model(method, model_id, task_cfg, seed)
988.2s 659 ^^^^^^^^^^^^^^^^^^^^^^^^^^^^^^^^^^^^^^^^^^^^^
988.2s 660 File "/tmp/ipykernel_23/1467546848.py", line 90, in build_model
988.2s 661 model = get_peft_model(model, lcfg)
988.2s 662 ^^^^^^^^^^^^^^^^^^^^^^^^^^^
988.2s 663 ImportError: Found an incompatible version of torchao. Found version 0.10.0, but only versions above 0.16.0 are supported
988.2s 664 
988.2s 665 Traceback (most recent call last):
988.2s 666 File "/tmp/ipykernel_23/2169724555.py", line 29, in run_one
988.2s 667 model, tok = build_model(method, model_id, task_cfg, seed)
988.2s 668 ^^^^^^^^^^^^^^^^^^^^^^^^^^^^^^^^^^^^^^^^^^^^^
988.2s 669 File "/tmp/ipykernel_23/1467546848.py", line 90, in build_model
988.2s 670 model = get_peft_model(model, lcfg)
988.2s 671 ^^^^^^^^^^^^^^^^^^^^^^^^^^^
988.2s 672 ImportError: Found an incompatible version of torchao. Found version 0.10.0, but only versions above 0.16.0 are supported
988.6s 673 [23/60] lora | large | classification | seed 42
989.5s 674 Qwen2ForSequenceClassification LOAD REPORT from: Qwen/Qwen2.5-3B
989.5s 675 Key          | Status  |
989.5s 676 -------------+---------+-
989.5s 677 score.weight | MISSING |
989.5s 678 
989.5s 679 Notes:
989.5s 680 - MISSING	:those params were newly initialized because missing from the checkpoint. Consider training on your downstream task.
989.5s 681 
989.5s 682 Qwen2ForSequenceClassification LOAD REPORT from: Qwen/Qwen2.5-3B
989.5s 683 Key          | Status  |
989.5s 684 -------------+---------+-
989.5s 685 score.weight | MISSING |
989.5s 686 
989.5s 687 Notes:
989.5s 688 - MISSING	:those params were newly initialized because missing from the checkpoint. Consider training on your downstream task.
992.4s 689 [ERR] lora_large_classification_seed42: ImportError: Found an incompatible version of torchao. Found version 0.10.0, but only versions above 0.16.0 are supported
992.4s 690 Traceback (most recent call last):
992.4s 691 File "/tmp/ipykernel_23/2169724555.py", line 29, in run_one
992.4s 692 model, tok = build_model(method, model_id, task_cfg, seed)
992.4s 693 ^^^^^^^^^^^^^^^^^^^^^^^^^^^^^^^^^^^^^^^^^^^^^
992.4s 694 File "/tmp/ipykernel_23/1467546848.py", line 90, in build_model
992.4s 695 model = get_peft_model(model, lcfg)
992.4s 696 ^^^^^^^^^^^^^^^^^^^^^^^^^^^
992.4s 697 ImportError: Found an incompatible version of torchao. Found version 0.10.0, but only versions above 0.16.0 are supported
992.4s 698 
992.4s 699 Traceback (most recent call last):
992.4s 700 File "/tmp/ipykernel_23/2169724555.py", line 29, in run_one
992.4s 701 model, tok = build_model(method, model_id, task_cfg, seed)
992.4s 702 ^^^^^^^^^^^^^^^^^^^^^^^^^^^^^^^^^^^^^^^^^^^^^
992.4s 703 File "/tmp/ipykernel_23/1467546848.py", line 90, in build_model
992.4s 704 model = get_peft_model(model, lcfg)
992.4s 705 ^^^^^^^^^^^^^^^^^^^^^^^^^^^
992.4s 706 ImportError: Found an incompatible version of torchao. Found version 0.10.0, but only versions above 0.16.0 are supported
992.8s 707 [24/60] lora | large | classification | seed 2024
993.7s 708 Qwen2ForSequenceClassification LOAD REPORT from: Qwen/Qwen2.5-3B
993.7s 709 Key          | Status  |
993.7s 710 -------------+---------+-
993.7s 711 score.weight | MISSING |
993.7s 712 
993.7s 713 Notes:
993.7s 714 - MISSING	:those params were newly initialized because missing from the checkpoint. Consider training on your downstream task.
993.7s 715 
993.7s 716 Qwen2ForSequenceClassification LOAD REPORT from: Qwen/Qwen2.5-3B
993.7s 717 Key          | Status  |
993.7s 718 -------------+---------+-
993.7s 719 score.weight | MISSING |
993.7s 720 
993.7s 721 Notes:
993.7s 722 - MISSING	:those params were newly initialized because missing from the checkpoint. Consider training on your downstream task.
996.6s 723 [ERR] lora_large_classification_seed2024: ImportError: Found an incompatible version of torchao. Found version 0.10.0, but only versions above 0.16.0 are supported
996.6s 724 Traceback (most recent call last):
996.6s 725 File "/tmp/ipykernel_23/2169724555.py", line 29, in run_one
996.6s 726 model, tok = build_model(method, model_id, task_cfg, seed)
996.6s 727 ^^^^^^^^^^^^^^^^^^^^^^^^^^^^^^^^^^^^^^^^^^^^^
996.6s 728 File "/tmp/ipykernel_23/1467546848.py", line 90, in build_model
996.6s 729 model = get_peft_model(model, lcfg)
996.6s 730 ^^^^^^^^^^^^^^^^^^^^^^^^^^^
996.6s 731 ImportError: Found an incompatible version of torchao. Found version 0.10.0, but only versions above 0.16.0 are supported
996.6s 732 
996.6s 733 Traceback (most recent call last):
996.6s 734 File "/tmp/ipykernel_23/2169724555.py", line 29, in run_one
996.6s 735 model, tok = build_model(method, model_id, task_cfg, seed)
996.6s 736 ^^^^^^^^^^^^^^^^^^^^^^^^^^^^^^^^^^^^^^^^^^^^^
996.6s 737 File "/tmp/ipykernel_23/1467546848.py", line 90, in build_model
996.6s 738 model = get_peft_model(model, lcfg)
996.6s 739 ^^^^^^^^^^^^^^^^^^^^^^^^^^^
996.6s 740 ImportError: Found an incompatible version of torchao. Found version 0.10.0, but only versions above 0.16.0 are supported
997.2s 741 [25/60] qlora | tiny | classification | seed 13
997.2s 742 [ERR] qlora_tiny_classification_seed13: ImportError: Using `bitsandbytes` 4-bit quantization requires bitsandbytes: `pip install -U bitsandbytes>=0.46.1`
997.6s 743 Traceback (most recent call last):
997.6s 744 File "/tmp/ipykernel_23/2169724555.py", line 29, in run_one
997.6s 745 model, tok = build_model(method, model_id, task_cfg, seed)
997.6s 746 ^^^^^^^^^^^^^^^^^^^^^^^^^^^^^^^^^^^^^^^^^^^^^
997.6s 747 File "/tmp/ipykernel_23/1467546848.py", line 67, in build_model
997.6s 748 model = AutoCls.from_pretrained(model_id, **kwargs)
997.6s 749 ^^^^^^^^^^^^^^^^^^^^^^^^^^^^^^^^^^^^^^^^^^^
997.6s 750 ImportError: Using `bitsandbytes` 4-bit quantization requires bitsandbytes: `pip install -U bitsandbytes>=0.46.1`
997.6s 751 Traceback (most recent call last):
997.6s 752 File "/tmp/ipykernel_23/2169724555.py", line 29, in run_one
997.6s 753 model, tok = build_model(method, model_id, task_cfg, seed)
997.6s 754 ^^^^^^^^^^^^^^^^^^^^^^^^^^^^^^^^^^^^^^^^^^^^^
997.6s 755 File "/tmp/ipykernel_23/1467546848.py", line 67, in build_model
997.6s 756 model = AutoCls.from_pretrained(model_id, **kwargs)
997.6s 757 ^^^^^^^^^^^^^^^^^^^^^^^^^^^^^^^^^^^^^^^^^^^
997.6s 758 ImportError: Using `bitsandbytes` 4-bit quantization requires bitsandbytes: `pip install -U bitsandbytes>=0.46.1`
997.6s 759 
997.6s 760 Traceback (most recent call last):
997.6s 761 File "/tmp/ipykernel_23/2169724555.py", line 29, in run_one
997.6s 762 model, tok = build_model(method, model_id, task_cfg, seed)
997.6s 763 ^^^^^^^^^^^^^^^^^^^^^^^^^^^^^^^^^^^^^^^^^^^^^
997.6s 764 File "/tmp/ipykernel_23/1467546848.py", line 67, in build_model
997.6s 765 model = AutoCls.from_pretrained(model_id, **kwargs)
997.6s 766 ^^^^^^^^^^^^^^^^^^^^^^^^^^^^^^^^^^^^^^^^^^^
997.6s 767 ImportError: Using `bitsandbytes` 4-bit quantization requires bitsandbytes: `pip install -U bitsandbytes>=0.46.1`
997.6s 768 Traceback (most recent call last):
997.6s 769 File "/tmp/ipykernel_23/2169724555.py", line 29, in run_one
997.6s 770 model, tok = build_model(method, model_id, task_cfg, seed)
997.6s 771 ^^^^^^^^^^^^^^^^^^^^^^^^^^^^^^^^^^^^^^^^^^^^^
997.6s 772 File "/tmp/ipykernel_23/1467546848.py", line 67, in build_model
997.6s 773 model = AutoCls.from_pretrained(model_id, **kwargs)
997.6s 774 ^^^^^^^^^^^^^^^^^^^^^^^^^^^^^^^^^^^^^^^^^^^
997.6s 775 ImportError: Using `bitsandbytes` 4-bit quantization requires bitsandbytes: `pip install -U bitsandbytes>=0.46.1`
997.6s 776 [26/60] qlora | tiny | classification | seed 42
997.6s 777 [ERR] qlora_tiny_classification_seed42: ImportError: Using `bitsandbytes` 4-bit quantization requires bitsandbytes: `pip install -U bitsandbytes>=0.46.1`
997.9s 778 [27/60] qlora | tiny | classification | seed 2024
997.9s 779 [ERR] qlora_tiny_classification_seed2024: ImportError: Using `bitsandbytes` 4-bit quantization requires bitsandbytes: `pip install -U bitsandbytes>=0.46.1`
998.1s 780 Traceback (most recent call last):
998.1s 781 File "/tmp/ipykernel_23/2169724555.py", line 29, in run_one
998.1s 782 model, tok = build_model(method, model_id, task_cfg, seed)
998.1s 783 ^^^^^^^^^^^^^^^^^^^^^^^^^^^^^^^^^^^^^^^^^^^^^
998.1s 784 File "/tmp/ipykernel_23/1467546848.py", line 67, in build_model
998.1s 785 model = AutoCls.from_pretrained(model_id, **kwargs)
998.1s 786 ^^^^^^^^^^^^^^^^^^^^^^^^^^^^^^^^^^^^^^^^^^^
998.1s 787 ImportError: Using `bitsandbytes` 4-bit quantization requires bitsandbytes: `pip install -U bitsandbytes>=0.46.1`
998.1s 788 
998.1s 789 Traceback (most recent call last):
998.1s 790 File "/tmp/ipykernel_23/2169724555.py", line 29, in run_one
998.1s 791 model, tok = build_model(method, model_id, task_cfg, seed)
998.1s 792 ^^^^^^^^^^^^^^^^^^^^^^^^^^^^^^^^^^^^^^^^^^^^^
998.1s 793 File "/tmp/ipykernel_23/1467546848.py", line 67, in build_model
998.1s 794 model = AutoCls.from_pretrained(model_id, **kwargs)
998.1s 795 ^^^^^^^^^^^^^^^^^^^^^^^^^^^^^^^^^^^^^^^^^^^
998.1s 796 ImportError: Using `bitsandbytes` 4-bit quantization requires bitsandbytes: `pip install -U bitsandbytes>=0.46.1`
998.1s 797 [28/60] qlora | small | classification | seed 13
998.8s 798 [ERR] qlora_small_classification_seed13: ImportError: Using `bitsandbytes` 4-bit quantization requires bitsandbytes: `pip install -U bitsandbytes>=0.46.1`
998.8s 799 [29/60] qlora | small | classification | seed 42
998.8s 800 [ERR] qlora_small_classification_seed42: ImportError: Using `bitsandbytes` 4-bit quantization requires bitsandbytes: `pip install -U bitsandbytes>=0.46.1`
998.8s 801 Traceback (most recent call last):
998.8s 802 File "/tmp/ipykernel_23/2169724555.py", line 29, in run_one
998.8s 803 model, tok = build_model(method, model_id, task_cfg, seed)
998.8s 804 ^^^^^^^^^^^^^^^^^^^^^^^^^^^^^^^^^^^^^^^^^^^^^
998.8s 805 File "/tmp/ipykernel_23/1467546848.py", line 67, in build_model
998.8s 806 model = AutoCls.from_pretrained(model_id, **kwargs)
998.8s 807 ^^^^^^^^^^^^^^^^^^^^^^^^^^^^^^^^^^^^^^^^^^^
998.8s 808 ImportError: Using `bitsandbytes` 4-bit quantization requires bitsandbytes: `pip install -U bitsandbytes>=0.46.1`
998.8s 809 Traceback (most recent call last):
998.8s 810 File "/tmp/ipykernel_23/2169724555.py", line 29, in run_one
998.8s 811 model, tok = build_model(method, model_id, task_cfg, seed)
998.8s 812 ^^^^^^^^^^^^^^^^^^^^^^^^^^^^^^^^^^^^^^^^^^^^^
998.8s 813 File "/tmp/ipykernel_23/1467546848.py", line 67, in build_model
998.8s 814 model = AutoCls.from_pretrained(model_id, **kwargs)
998.8s 815 ^^^^^^^^^^^^^^^^^^^^^^^^^^^^^^^^^^^^^^^^^^^
998.8s 816 ImportError: Using `bitsandbytes` 4-bit quantization requires bitsandbytes: `pip install -U bitsandbytes>=0.46.1`
998.8s 817 
998.8s 818 Traceback (most recent call last):
998.8s 819 File "/tmp/ipykernel_23/2169724555.py", line 29, in run_one
998.8s 820 model, tok = build_model(method, model_id, task_cfg, seed)
998.8s 821 ^^^^^^^^^^^^^^^^^^^^^^^^^^^^^^^^^^^^^^^^^^^^^
998.8s 822 File "/tmp/ipykernel_23/1467546848.py", line 67, in build_model
998.8s 823 model = AutoCls.from_pretrained(model_id, **kwargs)
998.8s 824 ^^^^^^^^^^^^^^^^^^^^^^^^^^^^^^^^^^^^^^^^^^^
998.8s 825 ImportError: Using `bitsandbytes` 4-bit quantization requires bitsandbytes: `pip install -U bitsandbytes>=0.46.1`
998.8s 826 Traceback (most recent call last):
998.8s 827 File "/tmp/ipykernel_23/2169724555.py", line 29, in run_one
998.8s 828 model, tok = build_model(method, model_id, task_cfg, seed)
998.8s 829 ^^^^^^^^^^^^^^^^^^^^^^^^^^^^^^^^^^^^^^^^^^^^^
998.8s 830 File "/tmp/ipykernel_23/1467546848.py", line 67, in build_model
998.8s 831 model = AutoCls.from_pretrained(model_id, **kwargs)
998.8s 832 ^^^^^^^^^^^^^^^^^^^^^^^^^^^^^^^^^^^^^^^^^^^
998.8s 833 ImportError: Using `bitsandbytes` 4-bit quantization requires bitsandbytes: `pip install -U bitsandbytes>=0.46.1`
999.2s 834 [30/60] qlora | small | classification | seed 2024
999.2s 835 [ERR] qlora_small_classification_seed2024: ImportError: Using `bitsandbytes` 4-bit quantization requires bitsandbytes: `pip install -U bitsandbytes>=0.46.1`
999.5s 836 Traceback (most recent call last):
999.5s 837 File "/tmp/ipykernel_23/2169724555.py", line 29, in run_one
999.5s 838 model, tok = build_model(method, model_id, task_cfg, seed)
999.5s 839 ^^^^^^^^^^^^^^^^^^^^^^^^^^^^^^^^^^^^^^^^^^^^^
999.5s 840 File "/tmp/ipykernel_23/1467546848.py", line 67, in build_model
999.5s 841 model = AutoCls.from_pretrained(model_id, **kwargs)
999.5s 842 ^^^^^^^^^^^^^^^^^^^^^^^^^^^^^^^^^^^^^^^^^^^
999.5s 843 ImportError: Using `bitsandbytes` 4-bit quantization requires bitsandbytes: `pip install -U bitsandbytes>=0.46.1`
999.5s 844 Traceback (most recent call last):
999.5s 845 File "/tmp/ipykernel_23/2169724555.py", line 29, in run_one
999.5s 846 model, tok = build_model(method, model_id, task_cfg, seed)
999.5s 847 ^^^^^^^^^^^^^^^^^^^^^^^^^^^^^^^^^^^^^^^^^^^^^
999.5s 848 File "/tmp/ipykernel_23/1467546848.py", line 67, in build_model
999.5s 849 model = AutoCls.from_pretrained(model_id, **kwargs)
999.5s 850 ^^^^^^^^^^^^^^^^^^^^^^^^^^^^^^^^^^^^^^^^^^^
999.5s 851 ImportError: Using `bitsandbytes` 4-bit quantization requires bitsandbytes: `pip install -U bitsandbytes>=0.46.1`
999.5s 852 
999.5s 853 Traceback (most recent call last):
999.5s 854 File "/tmp/ipykernel_23/2169724555.py", line 29, in run_one
999.5s 855 model, tok = build_model(method, model_id, task_cfg, seed)
999.5s 856 ^^^^^^^^^^^^^^^^^^^^^^^^^^^^^^^^^^^^^^^^^^^^^
999.5s 857 File "/tmp/ipykernel_23/1467546848.py", line 67, in build_model
999.5s 858 model = AutoCls.from_pretrained(model_id, **kwargs)
999.5s 859 ^^^^^^^^^^^^^^^^^^^^^^^^^^^^^^^^^^^^^^^^^^^
999.5s 860 ImportError: Using `bitsandbytes` 4-bit quantization requires bitsandbytes: `pip install -U bitsandbytes>=0.46.1`
999.5s 861 Traceback (most recent call last):
999.5s 862 File "/tmp/ipykernel_23/2169724555.py", line 29, in run_one
999.5s 863 model, tok = build_model(method, model_id, task_cfg, seed)
999.5s 864 ^^^^^^^^^^^^^^^^^^^^^^^^^^^^^^^^^^^^^^^^^^^^^
999.5s 865 File "/tmp/ipykernel_23/1467546848.py", line 67, in build_model
999.5s 866 model = AutoCls.from_pretrained(model_id, **kwargs)
999.5s 867 ^^^^^^^^^^^^^^^^^^^^^^^^^^^^^^^^^^^^^^^^^^^
999.5s 868 ImportError: Using `bitsandbytes` 4-bit quantization requires bitsandbytes: `pip install -U bitsandbytes>=0.46.1`
999.5s 869 [31/60] qlora | medium | classification | seed 13
999.5s 870 [ERR] qlora_medium_classification_seed13: ImportError: Using `bitsandbytes` 4-bit quantization requires bitsandbytes: `pip install -U bitsandbytes>=0.46.1`
999.9s 871 [32/60] qlora | medium | classification | seed 42
999.9s 872 [ERR] qlora_medium_classification_seed42: ImportError: Using `bitsandbytes` 4-bit quantization requires bitsandbytes: `pip install -U bitsandbytes>=0.46.1`
1000.3s 873 Traceback (most recent call last):
1000.3s 874 File "/tmp/ipykernel_23/2169724555.py", line 29, in run_one
1000.3s 875 model, tok = build_model(method, model_id, task_cfg, seed)
1000.3s 876 ^^^^^^^^^^^^^^^^^^^^^^^^^^^^^^^^^^^^^^^^^^^^^
1000.3s 877 File "/tmp/ipykernel_23/1467546848.py", line 67, in build_model
1000.3s 878 model = AutoCls.from_pretrained(model_id, **kwargs)
1000.3s 879 ^^^^^^^^^^^^^^^^^^^^^^^^^^^^^^^^^^^^^^^^^^^
1000.3s 880 ImportError: Using `bitsandbytes` 4-bit quantization requires bitsandbytes: `pip install -U bitsandbytes>=0.46.1`
1000.3s 881 Traceback (most recent call last):
1000.3s 882 File "/tmp/ipykernel_23/2169724555.py", line 29, in run_one
1000.3s 883 model, tok = build_model(method, model_id, task_cfg, seed)
1000.3s 884 ^^^^^^^^^^^^^^^^^^^^^^^^^^^^^^^^^^^^^^^^^^^^^
1000.3s 885 File "/tmp/ipykernel_23/1467546848.py", line 67, in build_model
1000.3s 886 model = AutoCls.from_pretrained(model_id, **kwargs)
1000.3s 887 ^^^^^^^^^^^^^^^^^^^^^^^^^^^^^^^^^^^^^^^^^^^
1000.3s 888 ImportError: Using `bitsandbytes` 4-bit quantization requires bitsandbytes: `pip install -U bitsandbytes>=0.46.1`
1000.3s 889 
1000.3s 890 Traceback (most recent call last):
1000.3s 891 File "/tmp/ipykernel_23/2169724555.py", line 29, in run_one
1000.3s 892 model, tok = build_model(method, model_id, task_cfg, seed)
1000.3s 893 ^^^^^^^^^^^^^^^^^^^^^^^^^^^^^^^^^^^^^^^^^^^^^
1000.3s 894 File "/tmp/ipykernel_23/1467546848.py", line 67, in build_model
1000.3s 895 model = AutoCls.from_pretrained(model_id, **kwargs)
1000.3s 896 ^^^^^^^^^^^^^^^^^^^^^^^^^^^^^^^^^^^^^^^^^^^
1000.3s 897 ImportError: Using `bitsandbytes` 4-bit quantization requires bitsandbytes: `pip install -U bitsandbytes>=0.46.1`
1000.3s 898 Traceback (most recent call last):
1000.3s 899 File "/tmp/ipykernel_23/2169724555.py", line 29, in run_one
1000.3s 900 model, tok = build_model(method, model_id, task_cfg, seed)
1000.3s 901 ^^^^^^^^^^^^^^^^^^^^^^^^^^^^^^^^^^^^^^^^^^^^^
1000.3s 902 File "/tmp/ipykernel_23/1467546848.py", line 67, in build_model
1000.3s 903 model = AutoCls.from_pretrained(model_id, **kwargs)
1000.3s 904 ^^^^^^^^^^^^^^^^^^^^^^^^^^^^^^^^^^^^^^^^^^^
1000.3s 905 ImportError: Using `bitsandbytes` 4-bit quantization requires bitsandbytes: `pip install -U bitsandbytes>=0.46.1`
1000.3s 906 [33/60] qlora | medium | classification | seed 2024
1000.3s 907 [ERR] qlora_medium_classification_seed2024: ImportError: Using `bitsandbytes` 4-bit quantization requires bitsandbytes: `pip install -U bitsandbytes>=0.46.1`
1000.7s 908 [34/60] qlora | large | classification | seed 13
1000.7s 909 [ERR] qlora_large_classification_seed13: ImportError: Using `bitsandbytes` 4-bit quantization requires bitsandbytes: `pip install -U bitsandbytes>=0.46.1`
1001.1s 910 Traceback (most recent call last):
1001.1s 911 File "/tmp/ipykernel_23/2169724555.py", line 29, in run_one
1001.1s 912 model, tok = build_model(method, model_id, task_cfg, seed)
1001.1s 913 ^^^^^^^^^^^^^^^^^^^^^^^^^^^^^^^^^^^^^^^^^^^^^
1001.1s 914 File "/tmp/ipykernel_23/1467546848.py", line 67, in build_model
1001.1s 915 model = AutoCls.from_pretrained(model_id, **kwargs)
1001.1s 916 ^^^^^^^^^^^^^^^^^^^^^^^^^^^^^^^^^^^^^^^^^^^
1001.1s 917 ImportError: Using `bitsandbytes` 4-bit quantization requires bitsandbytes: `pip install -U bitsandbytes>=0.46.1`
1001.1s 918 Traceback (most recent call last):
1001.1s 919 File "/tmp/ipykernel_23/2169724555.py", line 29, in run_one
1001.1s 920 model, tok = build_model(method, model_id, task_cfg, seed)
1001.1s 921 ^^^^^^^^^^^^^^^^^^^^^^^^^^^^^^^^^^^^^^^^^^^^^
1001.1s 922 File "/tmp/ipykernel_23/1467546848.py", line 67, in build_model
1001.1s 923 model = AutoCls.from_pretrained(model_id, **kwargs)
1001.1s 924 ^^^^^^^^^^^^^^^^^^^^^^^^^^^^^^^^^^^^^^^^^^^
1001.1s 925 ImportError: Using `bitsandbytes` 4-bit quantization requires bitsandbytes: `pip install -U bitsandbytes>=0.46.1`
1001.1s 926 
1001.1s 927 Traceback (most recent call last):
1001.1s 928 File "/tmp/ipykernel_23/2169724555.py", line 29, in run_one
1001.1s 929 model, tok = build_model(method, model_id, task_cfg, seed)
1001.1s 930 ^^^^^^^^^^^^^^^^^^^^^^^^^^^^^^^^^^^^^^^^^^^^^
1001.1s 931 File "/tmp/ipykernel_23/1467546848.py", line 67, in build_model
1001.1s 932 model = AutoCls.from_pretrained(model_id, **kwargs)
1001.1s 933 ^^^^^^^^^^^^^^^^^^^^^^^^^^^^^^^^^^^^^^^^^^^
1001.1s 934 ImportError: Using `bitsandbytes` 4-bit quantization requires bitsandbytes: `pip install -U bitsandbytes>=0.46.1`
1001.1s 935 Traceback (most recent call last):
1001.1s 936 File "/tmp/ipykernel_23/2169724555.py", line 29, in run_one
1001.1s 937 model, tok = build_model(method, model_id, task_cfg, seed)
1001.1s 938 ^^^^^^^^^^^^^^^^^^^^^^^^^^^^^^^^^^^^^^^^^^^^^
1001.1s 939 File "/tmp/ipykernel_23/1467546848.py", line 67, in build_model
1001.1s 940 model = AutoCls.from_pretrained(model_id, **kwargs)
1001.1s 941 ^^^^^^^^^^^^^^^^^^^^^^^^^^^^^^^^^^^^^^^^^^^
1001.1s 942 ImportError: Using `bitsandbytes` 4-bit quantization requires bitsandbytes: `pip install -U bitsandbytes>=0.46.1`
1001.1s 943 [35/60] qlora | large | classification | seed 42
1001.1s 944 [ERR] qlora_large_classification_seed42: ImportError: Using `bitsandbytes` 4-bit quantization requires bitsandbytes: `pip install -U bitsandbytes>=0.46.1`
1001.4s 945 [36/60] qlora | large | classification | seed 2024
1001.4s 946 [ERR] qlora_large_classification_seed2024: ImportError: Using `bitsandbytes` 4-bit quantization requires bitsandbytes: `pip install -U bitsandbytes>=0.46.1`
1001.6s 947 Traceback (most recent call last):
1001.6s 948 File "/tmp/ipykernel_23/2169724555.py", line 29, in run_one
1001.6s 949 model, tok = build_model(method, model_id, task_cfg, seed)
1001.6s 950 ^^^^^^^^^^^^^^^^^^^^^^^^^^^^^^^^^^^^^^^^^^^^^
1001.6s 951 File "/tmp/ipykernel_23/1467546848.py", line 67, in build_model
1001.6s 952 model = AutoCls.from_pretrained(model_id, **kwargs)
1001.6s 953 ^^^^^^^^^^^^^^^^^^^^^^^^^^^^^^^^^^^^^^^^^^^
1001.6s 954 ImportError: Using `bitsandbytes` 4-bit quantization requires bitsandbytes: `pip install -U bitsandbytes>=0.46.1`
1001.6s 955 
1001.6s 956 Traceback (most recent call last):
1001.6s 957 File "/tmp/ipykernel_23/2169724555.py", line 29, in run_one
1001.6s 958 model, tok = build_model(method, model_id, task_cfg, seed)
1001.6s 959 ^^^^^^^^^^^^^^^^^^^^^^^^^^^^^^^^^^^^^^^^^^^^^
1001.6s 960 File "/tmp/ipykernel_23/1467546848.py", line 67, in build_model
1001.6s 961 model = AutoCls.from_pretrained(model_id, **kwargs)
1001.6s 962 ^^^^^^^^^^^^^^^^^^^^^^^^^^^^^^^^^^^^^^^^^^^
1001.6s 963 ImportError: Using `bitsandbytes` 4-bit quantization requires bitsandbytes: `pip install -U bitsandbytes>=0.46.1`
1001.6s 964 [37/60] lora_fa | tiny | classification | seed 13
1002.3s 965 Qwen2ForSequenceClassification LOAD REPORT from: Qwen/Qwen2.5-0.5B
1002.3s 966 Key          | Status  |
1002.3s 967 -------------+---------+-
1002.3s 968 score.weight | MISSING |
1002.3s 969 
1002.3s 970 Notes:
1002.3s 971 - MISSING	:those params were newly initialized because missing from the checkpoint. Consider training on your downstream task.
1002.3s 972 
1002.3s 973 Qwen2ForSequenceClassification LOAD REPORT from: Qwen/Qwen2.5-0.5B
1002.3s 974 Key          | Status  |
1002.3s 975 -------------+---------+-
1002.3s 976 score.weight | MISSING |
1002.3s 977 
1002.3s 978 Notes:
1002.3s 979 - MISSING	:those params were newly initialized because missing from the checkpoint. Consider training on your downstream task.
1003.7s 980 [ERR] lora_fa_tiny_classification_seed13: ImportError: Found an incompatible version of torchao. Found version 0.10.0, but only versions above 0.16.0 are supported
1003.7s 981 Traceback (most recent call last):
1003.7s 982 File "/tmp/ipykernel_23/2169724555.py", line 29, in run_one
1003.7s 983 model, tok = build_model(method, model_id, task_cfg, seed)
1003.7s 984 ^^^^^^^^^^^^^^^^^^^^^^^^^^^^^^^^^^^^^^^^^^^^^
1003.7s 985 File "/tmp/ipykernel_23/1467546848.py", line 90, in build_model
1003.7s 986 model = get_peft_model(model, lcfg)
1003.7s 987 ^^^^^^^^^^^^^^^^^^^^^^^^^^^
1003.7s 988 ImportError: Found an incompatible version of torchao. Found version 0.10.0, but only versions above 0.16.0 are supported
1003.7s 989 
1003.7s 990 Traceback (most recent call last):
1003.7s 991 File "/tmp/ipykernel_23/2169724555.py", line 29, in run_one
1003.7s 992 model, tok = build_model(method, model_id, task_cfg, seed)
1003.7s 993 ^^^^^^^^^^^^^^^^^^^^^^^^^^^^^^^^^^^^^^^^^^^^^
1003.7s 994 File "/tmp/ipykernel_23/1467546848.py", line 90, in build_model
1003.7s 995 model = get_peft_model(model, lcfg)
1003.7s 996 ^^^^^^^^^^^^^^^^^^^^^^^^^^^
1003.7s 997 ImportError: Found an incompatible version of torchao. Found version 0.10.0, but only versions above 0.16.0 are supported
1004.0s 998 [38/60] lora_fa | tiny | classification | seed 42
1004.5s 999 Qwen2ForSequenceClassification LOAD REPORT from: Qwen/Qwen2.5-0.5B
1004.5s 1000 Key          | Status  |
1004.5s 1001 -------------+---------+-
1004.5s 1002 score.weight | MISSING |
1004.5s 1003 
1004.5s 1004 Notes:
1004.5s 1005 - MISSING	:those params were newly initialized because missing from the checkpoint. Consider training on your downstream task.
1004.5s 1006 
1004.5s 1007 Qwen2ForSequenceClassification LOAD REPORT from: Qwen/Qwen2.5-0.5B
1004.5s 1008 Key          | Status  |
1004.5s 1009 -------------+---------+-
1004.5s 1010 score.weight | MISSING |
1004.5s 1011 
1004.5s 1012 Notes:
1004.5s 1013 - MISSING	:those params were newly initialized because missing from the checkpoint. Consider training on your downstream task.
1006.0s 1014 [ERR] lora_fa_tiny_classification_seed42: ImportError: Found an incompatible version of torchao. Found version 0.10.0, but only versions above 0.16.0 are supported
1006.0s 1015 Traceback (most recent call last):
1006.0s 1016 File "/tmp/ipykernel_23/2169724555.py", line 29, in run_one
1006.0s 1017 model, tok = build_model(method, model_id, task_cfg, seed)
1006.0s 1018 ^^^^^^^^^^^^^^^^^^^^^^^^^^^^^^^^^^^^^^^^^^^^^
1006.0s 1019 File "/tmp/ipykernel_23/1467546848.py", line 90, in build_model
1006.0s 1020 model = get_peft_model(model, lcfg)
1006.0s 1021 ^^^^^^^^^^^^^^^^^^^^^^^^^^^
1006.0s 1022 ImportError: Found an incompatible version of torchao. Found version 0.10.0, but only versions above 0.16.0 are supported
1006.0s 1023 
1006.0s 1024 Traceback (most recent call last):
1006.0s 1025 File "/tmp/ipykernel_23/2169724555.py", line 29, in run_one
1006.0s 1026 model, tok = build_model(method, model_id, task_cfg, seed)
1006.0s 1027 ^^^^^^^^^^^^^^^^^^^^^^^^^^^^^^^^^^^^^^^^^^^^^
1006.0s 1028 File "/tmp/ipykernel_23/1467546848.py", line 90, in build_model
1006.0s 1029 model = get_peft_model(model, lcfg)
1006.0s 1030 ^^^^^^^^^^^^^^^^^^^^^^^^^^^
1006.0s 1031 ImportError: Found an incompatible version of torchao. Found version 0.10.0, but only versions above 0.16.0 are supported
1006.2s 1032 [39/60] lora_fa | tiny | classification | seed 2024
1006.8s 1033 Qwen2ForSequenceClassification LOAD REPORT from: Qwen/Qwen2.5-0.5B
1006.8s 1034 Key          | Status  |
1006.8s 1035 -------------+---------+-
1006.8s 1036 score.weight | MISSING |
1006.8s 1037 
1006.8s 1038 Notes:
1006.8s 1039 - MISSING	:those params were newly initialized because missing from the checkpoint. Consider training on your downstream task.
1006.8s 1040 
1006.8s 1041 Qwen2ForSequenceClassification LOAD REPORT from: Qwen/Qwen2.5-0.5B
1006.8s 1042 Key          | Status  |
1006.8s 1043 -------------+---------+-
1006.8s 1044 score.weight | MISSING |
1006.8s 1045 
1006.8s 1046 Notes:
1006.8s 1047 - MISSING	:those params were newly initialized because missing from the checkpoint. Consider training on your downstream task.
1008.3s 1048 [ERR] lora_fa_tiny_classification_seed2024: ImportError: Found an incompatible version of torchao. Found version 0.10.0, but only versions above 0.16.0 are supported
1008.3s 1049 Traceback (most recent call last):
1008.3s 1050 File "/tmp/ipykernel_23/2169724555.py", line 29, in run_one
1008.3s 1051 model, tok = build_model(method, model_id, task_cfg, seed)
1008.3s 1052 ^^^^^^^^^^^^^^^^^^^^^^^^^^^^^^^^^^^^^^^^^^^^^
1008.3s 1053 File "/tmp/ipykernel_23/1467546848.py", line 90, in build_model
1008.3s 1054 model = get_peft_model(model, lcfg)
1008.3s 1055 ^^^^^^^^^^^^^^^^^^^^^^^^^^^
1008.3s 1056 ImportError: Found an incompatible version of torchao. Found version 0.10.0, but only versions above 0.16.0 are supported
1008.3s 1057 
1008.3s 1058 Traceback (most recent call last):
1008.3s 1059 File "/tmp/ipykernel_23/2169724555.py", line 29, in run_one
1008.3s 1060 model, tok = build_model(method, model_id, task_cfg, seed)
1008.3s 1061 ^^^^^^^^^^^^^^^^^^^^^^^^^^^^^^^^^^^^^^^^^^^^^
1008.3s 1062 File "/tmp/ipykernel_23/1467546848.py", line 90, in build_model
1008.3s 1063 model = get_peft_model(model, lcfg)
1008.3s 1064 ^^^^^^^^^^^^^^^^^^^^^^^^^^^
1008.3s 1065 ImportError: Found an incompatible version of torchao. Found version 0.10.0, but only versions above 0.16.0 are supported
1008.6s 1066 [40/60] lora_fa | small | classification | seed 13
1009.0s 1067 LlamaForSequenceClassification LOAD REPORT from: TinyLlama/TinyLlama-1.1B-Chat-v1.0
1009.0s 1068 Key            | Status     |
1009.0s 1069 ---------------+------------+-
1009.0s 1070 lm_head.weight | UNEXPECTED |
1009.0s 1071 score.weight   | MISSING    |
1009.0s 1072 
1009.0s 1073 Notes:
1009.0s 1074 - UNEXPECTED	:can be ignored when loading from different task/architecture; not ok if you expect identical arch.
1009.0s 1075 - MISSING	:those params were newly initialized because missing from the checkpoint. Consider training on your downstream task.
1009.0s 1076 
1009.0s 1077 LlamaForSequenceClassification LOAD REPORT from: TinyLlama/TinyLlama-1.1B-Chat-v1.0
1009.0s 1078 Key            | Status     |
1009.0s 1079 ---------------+------------+-
1009.0s 1080 lm_head.weight | UNEXPECTED |
1009.0s 1081 score.weight   | MISSING    |
1009.0s 1082 
1009.0s 1083 Notes:
1009.0s 1084 - UNEXPECTED	:can be ignored when loading from different task/architecture; not ok if you expect identical arch.
1009.0s 1085 - MISSING	:those params were newly initialized because missing from the checkpoint. Consider training on your downstream task.
1010.3s 1086 [ERR] lora_fa_small_classification_seed13: ImportError: Found an incompatible version of torchao. Found version 0.10.0, but only versions above 0.16.0 are supported
1010.3s 1087 Traceback (most recent call last):
1010.3s 1088 File "/tmp/ipykernel_23/2169724555.py", line 29, in run_one
1010.3s 1089 model, tok = build_model(method, model_id, task_cfg, seed)
1010.3s 1090 ^^^^^^^^^^^^^^^^^^^^^^^^^^^^^^^^^^^^^^^^^^^^^
1010.3s 1091 File "/tmp/ipykernel_23/1467546848.py", line 90, in build_model
1010.3s 1092 model = get_peft_model(model, lcfg)
1010.3s 1093 ^^^^^^^^^^^^^^^^^^^^^^^^^^^
1010.3s 1094 ImportError: Found an incompatible version of torchao. Found version 0.10.0, but only versions above 0.16.0 are supported
1010.3s 1095 
1010.3s 1096 Traceback (most recent call last):
1010.3s 1097 File "/tmp/ipykernel_23/2169724555.py", line 29, in run_one
1010.3s 1098 model, tok = build_model(method, model_id, task_cfg, seed)
1010.3s 1099 ^^^^^^^^^^^^^^^^^^^^^^^^^^^^^^^^^^^^^^^^^^^^^
1010.3s 1100 File "/tmp/ipykernel_23/1467546848.py", line 90, in build_model
1010.3s 1101 model = get_peft_model(model, lcfg)
1010.3s 1102 ^^^^^^^^^^^^^^^^^^^^^^^^^^^
1010.3s 1103 ImportError: Found an incompatible version of torchao. Found version 0.10.0, but only versions above 0.16.0 are supported
1010.6s 1104 [41/60] lora_fa | small | classification | seed 42
1011.0s 1105 LlamaForSequenceClassification LOAD REPORT from: TinyLlama/TinyLlama-1.1B-Chat-v1.0
1011.0s 1106 Key            | Status     |
1011.0s 1107 ---------------+------------+-
1011.0s 1108 lm_head.weight | UNEXPECTED |
1011.0s 1109 score.weight   | MISSING    |
1011.0s 1110 
1011.0s 1111 Notes:
1011.0s 1112 - UNEXPECTED	:can be ignored when loading from different task/architecture; not ok if you expect identical arch.
1011.0s 1113 - MISSING	:those params were newly initialized because missing from the checkpoint. Consider training on your downstream task.
1011.0s 1114 
1011.0s 1115 LlamaForSequenceClassification LOAD REPORT from: TinyLlama/TinyLlama-1.1B-Chat-v1.0
1011.0s 1116 Key            | Status     |
1011.0s 1117 ---------------+------------+-
1011.0s 1118 lm_head.weight | UNEXPECTED |
1011.0s 1119 score.weight   | MISSING    |
1011.0s 1120 
1011.0s 1121 Notes:
1011.0s 1122 - UNEXPECTED	:can be ignored when loading from different task/architecture; not ok if you expect identical arch.
1011.0s 1123 - MISSING	:those params were newly initialized because missing from the checkpoint. Consider training on your downstream task.
1012.3s 1124 [ERR] lora_fa_small_classification_seed42: ImportError: Found an incompatible version of torchao. Found version 0.10.0, but only versions above 0.16.0 are supported
1012.3s 1125 Traceback (most recent call last):
1012.3s 1126 File "/tmp/ipykernel_23/2169724555.py", line 29, in run_one
1012.3s 1127 model, tok = build_model(method, model_id, task_cfg, seed)
1012.3s 1128 ^^^^^^^^^^^^^^^^^^^^^^^^^^^^^^^^^^^^^^^^^^^^^
1012.3s 1129 File "/tmp/ipykernel_23/1467546848.py", line 90, in build_model
1012.3s 1130 model = get_peft_model(model, lcfg)
1012.3s 1131 ^^^^^^^^^^^^^^^^^^^^^^^^^^^
1012.3s 1132 ImportError: Found an incompatible version of torchao. Found version 0.10.0, but only versions above 0.16.0 are supported
1012.3s 1133 
1012.3s 1134 Traceback (most recent call last):
1012.3s 1135 File "/tmp/ipykernel_23/2169724555.py", line 29, in run_one
1012.3s 1136 model, tok = build_model(method, model_id, task_cfg, seed)
1012.3s 1137 ^^^^^^^^^^^^^^^^^^^^^^^^^^^^^^^^^^^^^^^^^^^^^
1012.3s 1138 File "/tmp/ipykernel_23/1467546848.py", line 90, in build_model
1012.3s 1139 model = get_peft_model(model, lcfg)
1012.3s 1140 ^^^^^^^^^^^^^^^^^^^^^^^^^^^
1012.3s 1141 ImportError: Found an incompatible version of torchao. Found version 0.10.0, but only versions above 0.16.0 are supported
1012.6s 1142 [42/60] lora_fa | small | classification | seed 2024
1013.0s 1143 LlamaForSequenceClassification LOAD REPORT from: TinyLlama/TinyLlama-1.1B-Chat-v1.0
1013.0s 1144 Key            | Status     |
1013.0s 1145 ---------------+------------+-
1013.0s 1146 lm_head.weight | UNEXPECTED |
1013.0s 1147 score.weight   | MISSING    |
1013.0s 1148 
1013.0s 1149 Notes:
1013.0s 1150 - UNEXPECTED	:can be ignored when loading from different task/architecture; not ok if you expect identical arch.
1013.0s 1151 - MISSING	:those params were newly initialized because missing from the checkpoint. Consider training on your downstream task.
1013.0s 1152 
1013.0s 1153 LlamaForSequenceClassification LOAD REPORT from: TinyLlama/TinyLlama-1.1B-Chat-v1.0
1013.0s 1154 Key            | Status     |
1013.0s 1155 ---------------+------------+-
1013.0s 1156 lm_head.weight | UNEXPECTED |
1013.0s 1157 score.weight   | MISSING    |
1013.0s 1158 
1013.0s 1159 Notes:
1013.0s 1160 - UNEXPECTED	:can be ignored when loading from different task/architecture; not ok if you expect identical arch.
1013.0s 1161 - MISSING	:those params were newly initialized because missing from the checkpoint. Consider training on your downstream task.
1014.3s 1162 [ERR] lora_fa_small_classification_seed2024: ImportError: Found an incompatible version of torchao. Found version 0.10.0, but only versions above 0.16.0 are supported
1014.3s 1163 Traceback (most recent call last):
1014.3s 1164 File "/tmp/ipykernel_23/2169724555.py", line 29, in run_one
1014.3s 1165 model, tok = build_model(method, model_id, task_cfg, seed)
1014.3s 1166 ^^^^^^^^^^^^^^^^^^^^^^^^^^^^^^^^^^^^^^^^^^^^^
1014.3s 1167 File "/tmp/ipykernel_23/1467546848.py", line 90, in build_model
1014.3s 1168 model = get_peft_model(model, lcfg)
1014.3s 1169 ^^^^^^^^^^^^^^^^^^^^^^^^^^^
1014.3s 1170 ImportError: Found an incompatible version of torchao. Found version 0.10.0, but only versions above 0.16.0 are supported
1014.3s 1171 
1014.3s 1172 Traceback (most recent call last):
1014.3s 1173 File "/tmp/ipykernel_23/2169724555.py", line 29, in run_one
1014.3s 1174 model, tok = build_model(method, model_id, task_cfg, seed)
1014.3s 1175 ^^^^^^^^^^^^^^^^^^^^^^^^^^^^^^^^^^^^^^^^^^^^^
1014.3s 1176 File "/tmp/ipykernel_23/1467546848.py", line 90, in build_model
1014.3s 1177 model = get_peft_model(model, lcfg)
1014.3s 1178 ^^^^^^^^^^^^^^^^^^^^^^^^^^^
1014.3s 1179 ImportError: Found an incompatible version of torchao. Found version 0.10.0, but only versions above 0.16.0 are supported
1014.6s 1180 [43/60] lora_fa | medium | classification | seed 13
1015.2s 1181 Qwen2ForSequenceClassification LOAD REPORT from: Qwen/Qwen2.5-1.5B
1015.2s 1182 Key          | Status  |
1015.2s 1183 -------------+---------+-
1015.2s 1184 score.weight | MISSING |
1015.2s 1185 
1015.2s 1186 Notes:
1015.2s 1187 - MISSING	:those params were newly initialized because missing from the checkpoint. Consider training on your downstream task.
1015.2s 1188 
1015.2s 1189 Qwen2ForSequenceClassification LOAD REPORT from: Qwen/Qwen2.5-1.5B
1015.2s 1190 Key          | Status  |
1015.2s 1191 -------------+---------+-
1015.2s 1192 score.weight | MISSING |
1015.2s 1193 
1015.2s 1194 Notes:
1015.2s 1195 - MISSING	:those params were newly initialized because missing from the checkpoint. Consider training on your downstream task.
1017.3s 1196 [ERR] lora_fa_medium_classification_seed13: ImportError: Found an incompatible version of torchao. Found version 0.10.0, but only versions above 0.16.0 are supported
1017.3s 1197 Traceback (most recent call last):
1017.3s 1198 File "/tmp/ipykernel_23/2169724555.py", line 29, in run_one
1017.3s 1199 model, tok = build_model(method, model_id, task_cfg, seed)
1017.3s 1200 ^^^^^^^^^^^^^^^^^^^^^^^^^^^^^^^^^^^^^^^^^^^^^
1017.3s 1201 File "/tmp/ipykernel_23/1467546848.py", line 90, in build_model
1017.3s 1202 model = get_peft_model(model, lcfg)
1017.3s 1203 ^^^^^^^^^^^^^^^^^^^^^^^^^^^
1017.3s 1204 ImportError: Found an incompatible version of torchao. Found version 0.10.0, but only versions above 0.16.0 are supported
1017.3s 1205 
1017.3s 1206 Traceback (most recent call last):
1017.3s 1207 File "/tmp/ipykernel_23/2169724555.py", line 29, in run_one
1017.3s 1208 model, tok = build_model(method, model_id, task_cfg, seed)
1017.3s 1209 ^^^^^^^^^^^^^^^^^^^^^^^^^^^^^^^^^^^^^^^^^^^^^
1017.3s 1210 File "/tmp/ipykernel_23/1467546848.py", line 90, in build_model
1017.3s 1211 model = get_peft_model(model, lcfg)
1017.3s 1212 ^^^^^^^^^^^^^^^^^^^^^^^^^^^
1017.3s 1213 ImportError: Found an incompatible version of torchao. Found version 0.10.0, but only versions above 0.16.0 are supported
1017.7s 1214 [44/60] lora_fa | medium | classification | seed 42
1018.4s 1215 Qwen2ForSequenceClassification LOAD REPORT from: Qwen/Qwen2.5-1.5B
1018.4s 1216 Key          | Status  |
1018.4s 1217 -------------+---------+-
1018.4s 1218 score.weight | MISSING |
1018.4s 1219 
1018.4s 1220 Notes:
1018.4s 1221 - MISSING	:those params were newly initialized because missing from the checkpoint. Consider training on your downstream task.
1018.4s 1222 
1018.4s 1223 Qwen2ForSequenceClassification LOAD REPORT from: Qwen/Qwen2.5-1.5B
1018.4s 1224 Key          | Status  |
1018.4s 1225 -------------+---------+-
1018.4s 1226 score.weight | MISSING |
1018.4s 1227 
1018.4s 1228 Notes:
1018.4s 1229 - MISSING	:those params were newly initialized because missing from the checkpoint. Consider training on your downstream task.
1020.4s 1230 [ERR] lora_fa_medium_classification_seed42: ImportError: Found an incompatible version of torchao. Found version 0.10.0, but only versions above 0.16.0 are supported
1020.4s 1231 Traceback (most recent call last):
1020.4s 1232 File "/tmp/ipykernel_23/2169724555.py", line 29, in run_one
1020.4s 1233 model, tok = build_model(method, model_id, task_cfg, seed)
1020.4s 1234 ^^^^^^^^^^^^^^^^^^^^^^^^^^^^^^^^^^^^^^^^^^^^^
1020.4s 1235 File "/tmp/ipykernel_23/1467546848.py", line 90, in build_model
1020.4s 1236 model = get_peft_model(model, lcfg)
1020.4s 1237 ^^^^^^^^^^^^^^^^^^^^^^^^^^^
1020.4s 1238 ImportError: Found an incompatible version of torchao. Found version 0.10.0, but only versions above 0.16.0 are supported
1020.4s 1239 
1020.4s 1240 Traceback (most recent call last):
1020.4s 1241 File "/tmp/ipykernel_23/2169724555.py", line 29, in run_one
1020.4s 1242 model, tok = build_model(method, model_id, task_cfg, seed)
1020.4s 1243 ^^^^^^^^^^^^^^^^^^^^^^^^^^^^^^^^^^^^^^^^^^^^^
1020.4s 1244 File "/tmp/ipykernel_23/1467546848.py", line 90, in build_model
1020.4s 1245 model = get_peft_model(model, lcfg)
1020.4s 1246 ^^^^^^^^^^^^^^^^^^^^^^^^^^^
1020.4s 1247 ImportError: Found an incompatible version of torchao. Found version 0.10.0, but only versions above 0.16.0 are supported
1020.7s 1248 [45/60] lora_fa | medium | classification | seed 2024
1021.4s 1249 Qwen2ForSequenceClassification LOAD REPORT from: Qwen/Qwen2.5-1.5B
1021.4s 1250 Key          | Status  |
1021.4s 1251 -------------+---------+-
1021.4s 1252 score.weight | MISSING |
1021.4s 1253 
1021.4s 1254 Notes:
1021.4s 1255 - MISSING	:those params were newly initialized because missing from the checkpoint. Consider training on your downstream task.
1021.4s 1256 
1021.4s 1257 Qwen2ForSequenceClassification LOAD REPORT from: Qwen/Qwen2.5-1.5B
1021.4s 1258 Key          | Status  |
1021.4s 1259 -------------+---------+-
1021.4s 1260 score.weight | MISSING |
1021.4s 1261 
1021.4s 1262 Notes:
1021.4s 1263 - MISSING	:those params were newly initialized because missing from the checkpoint. Consider training on your downstream task.
1023.5s 1264 [ERR] lora_fa_medium_classification_seed2024: ImportError: Found an incompatible version of torchao. Found version 0.10.0, but only versions above 0.16.0 are supported
1023.5s 1265 Traceback (most recent call last):
1023.5s 1266 File "/tmp/ipykernel_23/2169724555.py", line 29, in run_one
1023.5s 1267 model, tok = build_model(method, model_id, task_cfg, seed)
1023.5s 1268 ^^^^^^^^^^^^^^^^^^^^^^^^^^^^^^^^^^^^^^^^^^^^^
1023.5s 1269 File "/tmp/ipykernel_23/1467546848.py", line 90, in build_model
1023.5s 1270 model = get_peft_model(model, lcfg)
1023.5s 1271 ^^^^^^^^^^^^^^^^^^^^^^^^^^^
1023.5s 1272 ImportError: Found an incompatible version of torchao. Found version 0.10.0, but only versions above 0.16.0 are supported
1023.5s 1273 
1023.5s 1274 Traceback (most recent call last):
1023.5s 1275 File "/tmp/ipykernel_23/2169724555.py", line 29, in run_one
1023.5s 1276 model, tok = build_model(method, model_id, task_cfg, seed)
1023.5s 1277 ^^^^^^^^^^^^^^^^^^^^^^^^^^^^^^^^^^^^^^^^^^^^^
1023.5s 1278 File "/tmp/ipykernel_23/1467546848.py", line 90, in build_model
1023.5s 1279 model = get_peft_model(model, lcfg)
1023.5s 1280 ^^^^^^^^^^^^^^^^^^^^^^^^^^^
1023.5s 1281 ImportError: Found an incompatible version of torchao. Found version 0.10.0, but only versions above 0.16.0 are supported
1023.8s 1282 [46/60] lora_fa | large | classification | seed 13
1024.7s 1283 Qwen2ForSequenceClassification LOAD REPORT from: Qwen/Qwen2.5-3B
1024.7s 1284 Key          | Status  |
1024.7s 1285 -------------+---------+-
1024.7s 1286 score.weight | MISSING |
1024.7s 1287 
1024.7s 1288 Notes:
1024.7s 1289 - MISSING	:those params were newly initialized because missing from the checkpoint. Consider training on your downstream task.
1024.7s 1290 
1024.7s 1291 Qwen2ForSequenceClassification LOAD REPORT from: Qwen/Qwen2.5-3B
1024.7s 1292 Key          | Status  |
1024.7s 1293 -------------+---------+-
1024.7s 1294 score.weight | MISSING |
1024.7s 1295 
1024.7s 1296 Notes:
1024.7s 1297 - MISSING	:those params were newly initialized because missing from the checkpoint. Consider training on your downstream task.
1027.6s 1298 [ERR] lora_fa_large_classification_seed13: ImportError: Found an incompatible version of torchao. Found version 0.10.0, but only versions above 0.16.0 are supported
1027.6s 1299 Traceback (most recent call last):
1027.6s 1300 File "/tmp/ipykernel_23/2169724555.py", line 29, in run_one
1027.6s 1301 model, tok = build_model(method, model_id, task_cfg, seed)
1027.6s 1302 ^^^^^^^^^^^^^^^^^^^^^^^^^^^^^^^^^^^^^^^^^^^^^
1027.6s 1303 File "/tmp/ipykernel_23/1467546848.py", line 90, in build_model
1027.6s 1304 model = get_peft_model(model, lcfg)
1027.6s 1305 ^^^^^^^^^^^^^^^^^^^^^^^^^^^
1027.6s 1306 ImportError: Found an incompatible version of torchao. Found version 0.10.0, but only versions above 0.16.0 are supported
1027.6s 1307 
1027.6s 1308 Traceback (most recent call last):
1027.6s 1309 File "/tmp/ipykernel_23/2169724555.py", line 29, in run_one
1027.6s 1310 model, tok = build_model(method, model_id, task_cfg, seed)
1027.6s 1311 ^^^^^^^^^^^^^^^^^^^^^^^^^^^^^^^^^^^^^^^^^^^^^
1027.6s 1312 File "/tmp/ipykernel_23/1467546848.py", line 90, in build_model
1027.6s 1313 model = get_peft_model(model, lcfg)
1027.6s 1314 ^^^^^^^^^^^^^^^^^^^^^^^^^^^
1027.6s 1315 ImportError: Found an incompatible version of torchao. Found version 0.10.0, but only versions above 0.16.0 are supported
1028.0s 1316 [47/60] lora_fa | large | classification | seed 42
1028.8s 1317 Qwen2ForSequenceClassification LOAD REPORT from: Qwen/Qwen2.5-3B
1028.8s 1318 Key          | Status  |
1028.8s 1319 -------------+---------+-
1028.8s 1320 score.weight | MISSING |
1028.8s 1321 
1028.8s 1322 Notes:
1028.8s 1323 - MISSING	:those params were newly initialized because missing from the checkpoint. Consider training on your downstream task.
1028.8s 1324 
1028.8s 1325 Qwen2ForSequenceClassification LOAD REPORT from: Qwen/Qwen2.5-3B
1028.8s 1326 Key          | Status  |
1028.8s 1327 -------------+---------+-
1028.8s 1328 score.weight | MISSING |
1028.8s 1329 
1028.8s 1330 Notes:
1028.8s 1331 - MISSING	:those params were newly initialized because missing from the checkpoint. Consider training on your downstream task.
1031.8s 1332 [ERR] lora_fa_large_classification_seed42: ImportError: Found an incompatible version of torchao. Found version 0.10.0, but only versions above 0.16.0 are supported
1031.8s 1333 Traceback (most recent call last):
1031.8s 1334 File "/tmp/ipykernel_23/2169724555.py", line 29, in run_one
1031.8s 1335 model, tok = build_model(method, model_id, task_cfg, seed)
1031.8s 1336 ^^^^^^^^^^^^^^^^^^^^^^^^^^^^^^^^^^^^^^^^^^^^^
1031.8s 1337 File "/tmp/ipykernel_23/1467546848.py", line 90, in build_model
1031.8s 1338 model = get_peft_model(model, lcfg)
1031.8s 1339 ^^^^^^^^^^^^^^^^^^^^^^^^^^^
1031.8s 1340 ImportError: Found an incompatible version of torchao. Found version 0.10.0, but only versions above 0.16.0 are supported
1031.8s 1341 
1031.8s 1342 Traceback (most recent call last):
1031.8s 1343 File "/tmp/ipykernel_23/2169724555.py", line 29, in run_one
1031.8s 1344 model, tok = build_model(method, model_id, task_cfg, seed)
1031.8s 1345 ^^^^^^^^^^^^^^^^^^^^^^^^^^^^^^^^^^^^^^^^^^^^^
1031.8s 1346 File "/tmp/ipykernel_23/1467546848.py", line 90, in build_model
1031.8s 1347 model = get_peft_model(model, lcfg)
1031.8s 1348 ^^^^^^^^^^^^^^^^^^^^^^^^^^^
1031.8s 1349 ImportError: Found an incompatible version of torchao. Found version 0.10.0, but only versions above 0.16.0 are supported
1032.2s 1350 [48/60] lora_fa | large | classification | seed 2024
1033.1s 1351 Qwen2ForSequenceClassification LOAD REPORT from: Qwen/Qwen2.5-3B
1033.1s 1352 Key          | Status  |
1033.1s 1353 -------------+---------+-
1033.1s 1354 score.weight | MISSING |
1033.1s 1355 
1033.1s 1356 Notes:
1033.1s 1357 - MISSING	:those params were newly initialized because missing from the checkpoint. Consider training on your downstream task.
1033.1s 1358 
1033.1s 1359 Qwen2ForSequenceClassification LOAD REPORT from: Qwen/Qwen2.5-3B
1033.1s 1360 Key          | Status  |
1033.1s 1361 -------------+---------+-
1033.1s 1362 score.weight | MISSING |
1033.1s 1363 
1033.1s 1364 Notes:
1033.1s 1365 - MISSING	:those params were newly initialized because missing from the checkpoint. Consider training on your downstream task.
1036.0s 1366 [ERR] lora_fa_large_classification_seed2024: ImportError: Found an incompatible version of torchao. Found version 0.10.0, but only versions above 0.16.0 are supported
1036.0s 1367 Traceback (most recent call last):
1036.0s 1368 File "/tmp/ipykernel_23/2169724555.py", line 29, in run_one
1036.0s 1369 model, tok = build_model(method, model_id, task_cfg, seed)
1036.0s 1370 ^^^^^^^^^^^^^^^^^^^^^^^^^^^^^^^^^^^^^^^^^^^^^
1036.0s 1371 File "/tmp/ipykernel_23/1467546848.py", line 90, in build_model
1036.0s 1372 model = get_peft_model(model, lcfg)
1036.0s 1373 ^^^^^^^^^^^^^^^^^^^^^^^^^^^
1036.0s 1374 ImportError: Found an incompatible version of torchao. Found version 0.10.0, but only versions above 0.16.0 are supported
1036.0s 1375 
1036.0s 1376 Traceback (most recent call last):
1036.0s 1377 File "/tmp/ipykernel_23/2169724555.py", line 29, in run_one
1036.0s 1378 model, tok = build_model(method, model_id, task_cfg, seed)
1036.0s 1379 ^^^^^^^^^^^^^^^^^^^^^^^^^^^^^^^^^^^^^^^^^^^^^
1036.0s 1380 File "/tmp/ipykernel_23/1467546848.py", line 90, in build_model
1036.0s 1381 model = get_peft_model(model, lcfg)
1036.0s 1382 ^^^^^^^^^^^^^^^^^^^^^^^^^^^
1036.0s 1383 ImportError: Found an incompatible version of torchao. Found version 0.10.0, but only versions above 0.16.0 are supported
1036.4s 1384 [49/60] lisa | tiny | classification | seed 13
1037.0s 1385 Qwen2ForSequenceClassification LOAD REPORT from: Qwen/Qwen2.5-0.5B
1037.0s 1386 Key          | Status  |
1037.0s 1387 -------------+---------+-
1037.0s 1388 score.weight | MISSING |
1037.0s 1389 
1037.0s 1390 Notes:
1037.0s 1391 - MISSING	:those params were newly initialized because missing from the checkpoint. Consider training on your downstream task.
1037.0s 1392 
1037.0s 1393 Qwen2ForSequenceClassification LOAD REPORT from: Qwen/Qwen2.5-0.5B
1037.0s 1394 Key          | Status  |
1037.0s 1395 -------------+---------+-
1037.0s 1396 score.weight | MISSING |
1037.0s 1397 
1037.0s 1398 Notes:
1037.0s 1399 - MISSING	:those params were newly initialized because missing from the checkpoint. Consider training on your downstream task.
1040.5s 1400 /usr/local/lib/python3.12/dist-packages/torch/autograd/function.py:583: UserWarning: Was asked to gather along dimension 0, but all input tensors were scalars; will instead unsqueeze and return a vector.
1040.5s 1401 return super().apply(*args, **kwargs)  # type: ignore[misc]
1040.5s 1402 
1040.5s 1403 /usr/local/lib/python3.12/dist-packages/torch/autograd/function.py:583: UserWarning: Was asked to gather along dimension 0, but all input tensors were scalars; will instead unsqueeze and return a vector.
1040.5s 1404 return super().apply(*args, **kwargs)  # type: ignore[misc]
1225.7s 1405 /tmp/ipykernel_23/1695028940.py:66: DeprecationWarning: `trapz` is deprecated. Use `trapezoid` instead, or one of the numerical integration functions in `scipy.integrate`.
1225.7s 1406 joules = float(np.trapz(ws, ts))        # watts x seconds = joules
1225.7s 1407 
1225.7s 1408 /tmp/ipykernel_23/1695028940.py:66: DeprecationWarning: `trapz` is deprecated. Use `trapezoid` instead, or one of the numerical integration functions in `scipy.integrate`.
1225.7s 1409 joules = float(np.trapz(ws, ts))        # watts x seconds = joules
1230.3s 1410 [ok] lisa_tiny_classification_seed13  score=0.5167  185.89s  4.848GB  0.00330kWh
1230.5s 1411 [50/60] lisa | tiny | classification | seed 42
1231.2s 1412 Qwen2ForSequenceClassification LOAD REPORT from: Qwen/Qwen2.5-0.5B
1231.2s 1413 Key          | Status  |
1231.2s 1414 -------------+---------+-
1231.2s 1415 score.weight | MISSING |
1231.2s 1416 
1231.2s 1417 Notes:
1231.2s 1418 - MISSING	:those params were newly initialized because missing from the checkpoint. Consider training on your downstream task.
1231.2s 1419 
1231.2s 1420 Qwen2ForSequenceClassification LOAD REPORT from: Qwen/Qwen2.5-0.5B
1231.2s 1421 Key          | Status  |
1231.2s 1422 -------------+---------+-
1231.2s 1423 score.weight | MISSING |
1231.2s 1424 
1231.2s 1425 Notes:
1231.2s 1426 - MISSING	:those params were newly initialized because missing from the checkpoint. Consider training on your downstream task.
1234.7s 1427 /usr/local/lib/python3.12/dist-packages/torch/autograd/function.py:583: UserWarning: Was asked to gather along dimension 0, but all input tensors were scalars; will instead unsqueeze and return a vector.
1234.7s 1428 return super().apply(*args, **kwargs)  # type: ignore[misc]
1234.7s 1429 
1234.7s 1430 /usr/local/lib/python3.12/dist-packages/torch/autograd/function.py:583: UserWarning: Was asked to gather along dimension 0, but all input tensors were scalars; will instead unsqueeze and return a vector.
1234.7s 1431 return super().apply(*args, **kwargs)  # type: ignore[misc]
1415.2s 1432 /tmp/ipykernel_23/1695028940.py:66: DeprecationWarning: `trapz` is deprecated. Use `trapezoid` instead, or one of the numerical integration functions in `scipy.integrate`.
1415.2s 1433 joules = float(np.trapz(ws, ts))        # watts x seconds = joules
1415.2s 1434 
1415.2s 1435 /tmp/ipykernel_23/1695028940.py:66: DeprecationWarning: `trapz` is deprecated. Use `trapezoid` instead, or one of the numerical integration functions in `scipy.integrate`.
1415.2s 1436 joules = float(np.trapz(ws, ts))        # watts x seconds = joules
1419.7s 1437 [ok] lisa_tiny_classification_seed42  score=0.52  181.1s  4.785GB  0.00322kWh
1419.9s 1438 [51/60] lisa | tiny | classification | seed 2024
1420.6s 1439 Qwen2ForSequenceClassification LOAD REPORT from: Qwen/Qwen2.5-0.5B
1420.6s 1440 Key          | Status  |
1420.6s 1441 -------------+---------+-
1420.6s 1442 score.weight | MISSING |
1420.6s 1443 
1420.6s 1444 Notes:
1420.6s 1445 - MISSING	:those params were newly initialized because missing from the checkpoint. Consider training on your downstream task.
1420.6s 1446 
1420.6s 1447 Qwen2ForSequenceClassification LOAD REPORT from: Qwen/Qwen2.5-0.5B
1420.6s 1448 Key          | Status  |
1420.6s 1449 -------------+---------+-
1420.6s 1450 score.weight | MISSING |
1420.6s 1451 
1420.6s 1452 Notes:
1420.6s 1453 - MISSING	:those params were newly initialized because missing from the checkpoint. Consider training on your downstream task.
1424.1s 1454 /usr/local/lib/python3.12/dist-packages/torch/autograd/function.py:583: UserWarning: Was asked to gather along dimension 0, but all input tensors were scalars; will instead unsqueeze and return a vector.
1424.1s 1455 return super().apply(*args, **kwargs)  # type: ignore[misc]
1424.1s 1456 
1424.1s 1457 /usr/local/lib/python3.12/dist-packages/torch/autograd/function.py:583: UserWarning: Was asked to gather along dimension 0, but all input tensors were scalars; will instead unsqueeze and return a vector.
1424.1s 1458 return super().apply(*args, **kwargs)  # type: ignore[misc]
1605.1s 1459 /tmp/ipykernel_23/1695028940.py:66: DeprecationWarning: `trapz` is deprecated. Use `trapezoid` instead, or one of the numerical integration functions in `scipy.integrate`.
1605.1s 1460 joules = float(np.trapz(ws, ts))        # watts x seconds = joules
1605.1s 1461 
1605.1s 1462 /tmp/ipykernel_23/1695028940.py:66: DeprecationWarning: `trapz` is deprecated. Use `trapezoid` instead, or one of the numerical integration functions in `scipy.integrate`.
1605.1s 1463 joules = float(np.trapz(ws, ts))        # watts x seconds = joules
1609.6s 1464 [ok] lisa_tiny_classification_seed2024  score=0.49  181.62s  4.881GB  0.00321kWh
1609.8s 1465 [52/60] lisa | small | classification | seed 13
1610.4s 1466 LlamaForSequenceClassification LOAD REPORT from: TinyLlama/TinyLlama-1.1B-Chat-v1.0
1610.4s 1467 Key            | Status     |
1610.4s 1468 ---------------+------------+-
1610.4s 1469 lm_head.weight | UNEXPECTED |
1610.4s 1470 score.weight   | MISSING    |
1610.4s 1471 
1610.4s 1472 Notes:
1610.4s 1473 - UNEXPECTED	:can be ignored when loading from different task/architecture; not ok if you expect identical arch.
1610.4s 1474 - MISSING	:those params were newly initialized because missing from the checkpoint. Consider training on your downstream task.
1610.4s 1475 
1610.4s 1476 LlamaForSequenceClassification LOAD REPORT from: TinyLlama/TinyLlama-1.1B-Chat-v1.0
1610.4s 1477 Key            | Status     |
1610.4s 1478 ---------------+------------+-
1610.4s 1479 lm_head.weight | UNEXPECTED |
1610.4s 1480 score.weight   | MISSING    |
1610.4s 1481 
1610.4s 1482 Notes:
1610.4s 1483 - UNEXPECTED	:can be ignored when loading from different task/architecture; not ok if you expect identical arch.
1610.4s 1484 - MISSING	:those params were newly initialized because missing from the checkpoint. Consider training on your downstream task.
1612.5s 1485 /usr/local/lib/python3.12/dist-packages/torch/autograd/function.py:583: UserWarning: Was asked to gather along dimension 0, but all input tensors were scalars; will instead unsqueeze and return a vector.
1612.5s 1486 return super().apply(*args, **kwargs)  # type: ignore[misc]
1612.5s 1487 
1612.5s 1488 /usr/local/lib/python3.12/dist-packages/torch/autograd/function.py:583: UserWarning: Was asked to gather along dimension 0, but all input tensors were scalars; will instead unsqueeze and return a vector.
1612.5s 1489 return super().apply(*args, **kwargs)  # type: ignore[misc]
2086.4s 1490 /tmp/ipykernel_23/1695028940.py:66: DeprecationWarning: `trapz` is deprecated. Use `trapezoid` instead, or one of the numerical integration functions in `scipy.integrate`.
2086.4s 1491 joules = float(np.trapz(ws, ts))        # watts x seconds = joules
2086.4s 1492 
2086.4s 1493 /tmp/ipykernel_23/1695028940.py:66: DeprecationWarning: `trapz` is deprecated. Use `trapezoid` instead, or one of the numerical integration functions in `scipy.integrate`.
2086.4s 1494 joules = float(np.trapz(ws, ts))        # watts x seconds = joules
2099.6s 1495 [ok] lisa_small_classification_seed13  score=0.7  474.73s  9.539GB  0.00844kWh
2099.9s 1496 [53/60] lisa | small | classification | seed 42
2100.4s 1497 LlamaForSequenceClassification LOAD REPORT from: TinyLlama/TinyLlama-1.1B-Chat-v1.0
2100.4s 1498 Key            | Status     |
2100.4s 1499 ---------------+------------+-
2100.4s 1500 lm_head.weight | UNEXPECTED |
2100.4s 1501 score.weight   | MISSING    |
2100.4s 1502 
2100.4s 1503 Notes:
2100.4s 1504 - UNEXPECTED	:can be ignored when loading from different task/architecture; not ok if you expect identical arch.
2100.4s 1505 - MISSING	:those params were newly initialized because missing from the checkpoint. Consider training on your downstream task.
2100.4s 1506 
2100.4s 1507 LlamaForSequenceClassification LOAD REPORT from: TinyLlama/TinyLlama-1.1B-Chat-v1.0
2100.4s 1508 Key            | Status     |
2100.4s 1509 ---------------+------------+-
2100.4s 1510 lm_head.weight | UNEXPECTED |
2100.4s 1511 score.weight   | MISSING    |
2100.4s 1512 
2100.4s 1513 Notes:
2100.4s 1514 - UNEXPECTED	:can be ignored when loading from different task/architecture; not ok if you expect identical arch.
2100.4s 1515 - MISSING	:those params were newly initialized because missing from the checkpoint. Consider training on your downstream task.
2102.6s 1516 /usr/local/lib/python3.12/dist-packages/torch/autograd/function.py:583: UserWarning: Was asked to gather along dimension 0, but all input tensors were scalars; will instead unsqueeze and return a vector.
2102.6s 1517 return super().apply(*args, **kwargs)  # type: ignore[misc]
2102.6s 1518 
2102.6s 1519 /usr/local/lib/python3.12/dist-packages/torch/autograd/function.py:583: UserWarning: Was asked to gather along dimension 0, but all input tensors were scalars; will instead unsqueeze and return a vector.
2102.6s 1520 return super().apply(*args, **kwargs)  # type: ignore[misc]
2565.0s 1521 /tmp/ipykernel_23/1695028940.py:66: DeprecationWarning: `trapz` is deprecated. Use `trapezoid` instead, or one of the numerical integration functions in `scipy.integrate`.
2565.0s 1522 joules = float(np.trapz(ws, ts))        # watts x seconds = joules
2565.0s 1523 
2565.0s 1524 /tmp/ipykernel_23/1695028940.py:66: DeprecationWarning: `trapz` is deprecated. Use `trapezoid` instead, or one of the numerical integration functions in `scipy.integrate`.
2565.0s 1525 joules = float(np.trapz(ws, ts))        # watts x seconds = joules
2578.1s 1526 [ok] lisa_small_classification_seed42  score=0.52  463.16s  9.378GB  0.00826kWh
2578.4s 1527 [54/60] lisa | small | classification | seed 2024
2578.9s 1528 LlamaForSequenceClassification LOAD REPORT from: TinyLlama/TinyLlama-1.1B-Chat-v1.0
2578.9s 1529 Key            | Status     |
2578.9s 1530 ---------------+------------+-
2578.9s 1531 lm_head.weight | UNEXPECTED |
2578.9s 1532 score.weight   | MISSING    |
2578.9s 1533 
2578.9s 1534 Notes:
2578.9s 1535 - UNEXPECTED	:can be ignored when loading from different task/architecture; not ok if you expect identical arch.
2578.9s 1536 - MISSING	:those params were newly initialized because missing from the checkpoint. Consider training on your downstream task.
2578.9s 1537 
2578.9s 1538 LlamaForSequenceClassification LOAD REPORT from: TinyLlama/TinyLlama-1.1B-Chat-v1.0
2578.9s 1539 Key            | Status     |
2578.9s 1540 ---------------+------------+-
2578.9s 1541 lm_head.weight | UNEXPECTED |
2578.9s 1542 score.weight   | MISSING    |
2578.9s 1543 
2578.9s 1544 Notes:
2578.9s 1545 - UNEXPECTED	:can be ignored when loading from different task/architecture; not ok if you expect identical arch.
2578.9s 1546 - MISSING	:those params were newly initialized because missing from the checkpoint. Consider training on your downstream task.
2581.0s 1547 /usr/local/lib/python3.12/dist-packages/torch/autograd/function.py:583: UserWarning: Was asked to gather along dimension 0, but all input tensors were scalars; will instead unsqueeze and return a vector.
2581.0s 1548 return super().apply(*args, **kwargs)  # type: ignore[misc]
2581.0s 1549 
2581.0s 1550 /usr/local/lib/python3.12/dist-packages/torch/autograd/function.py:583: UserWarning: Was asked to gather along dimension 0, but all input tensors were scalars; will instead unsqueeze and return a vector.
2581.0s 1551 return super().apply(*args, **kwargs)  # type: ignore[misc]
3046.1s 1552 /tmp/ipykernel_23/1695028940.py:66: DeprecationWarning: `trapz` is deprecated. Use `trapezoid` instead, or one of the numerical integration functions in `scipy.integrate`.
3046.1s 1553 joules = float(np.trapz(ws, ts))        # watts x seconds = joules
3046.1s 1554 
3046.1s 1555 /tmp/ipykernel_23/1695028940.py:66: DeprecationWarning: `trapz` is deprecated. Use `trapezoid` instead, or one of the numerical integration functions in `scipy.integrate`.
3046.1s 1556 joules = float(np.trapz(ws, ts))        # watts x seconds = joules
3059.2s 1557 [ok] lisa_small_classification_seed2024  score=0.6167  465.83s  9.369GB  0.00828kWh
3059.5s 1558 [55/60] lisa | medium | classification | seed 13
3060.2s 1559 Qwen2ForSequenceClassification LOAD REPORT from: Qwen/Qwen2.5-1.5B
3060.2s 1560 Key          | Status  |
3060.2s 1561 -------------+---------+-
3060.2s 1562 score.weight | MISSING |
3060.2s 1563 
3060.2s 1564 Notes:
3060.2s 1565 - MISSING	:those params were newly initialized because missing from the checkpoint. Consider training on your downstream task.
3060.2s 1566 
3060.2s 1567 Qwen2ForSequenceClassification LOAD REPORT from: Qwen/Qwen2.5-1.5B
3060.2s 1568 Key          | Status  |
3060.2s 1569 -------------+---------+-
3060.2s 1570 score.weight | MISSING |
3060.2s 1571 
3060.2s 1572 Notes:
3060.2s 1573 - MISSING	:those params were newly initialized because missing from the checkpoint. Consider training on your downstream task.
3065.1s 1574 /usr/local/lib/python3.12/dist-packages/torch/autograd/function.py:583: UserWarning: Was asked to gather along dimension 0, but all input tensors were scalars; will instead unsqueeze and return a vector.
3065.1s 1575 return super().apply(*args, **kwargs)  # type: ignore[misc]
3065.1s 1576 
3065.1s 1577 /usr/local/lib/python3.12/dist-packages/torch/autograd/function.py:583: UserWarning: Was asked to gather along dimension 0, but all input tensors were scalars; will instead unsqueeze and return a vector.
3065.1s 1578 return super().apply(*args, **kwargs)  # type: ignore[misc]
3692.2s 1579 /tmp/ipykernel_23/1695028940.py:66: DeprecationWarning: `trapz` is deprecated. Use `trapezoid` instead, or one of the numerical integration functions in `scipy.integrate`.
3692.2s 1580 joules = float(np.trapz(ws, ts))        # watts x seconds = joules
3692.2s 1581 
3692.2s 1582 /tmp/ipykernel_23/1695028940.py:66: DeprecationWarning: `trapz` is deprecated. Use `trapezoid` instead, or one of the numerical integration functions in `scipy.integrate`.
3692.2s 1583 joules = float(np.trapz(ws, ts))        # watts x seconds = joules
3707.3s 1584 [ok] lisa_medium_classification_seed13  score=0.5267  628.26s  14.895GB  0.01107kWh
3707.9s 1585 [56/60] lisa | medium | classification | seed 42
3708.7s 1586 Qwen2ForSequenceClassification LOAD REPORT from: Qwen/Qwen2.5-1.5B
3708.7s 1587 Key          | Status  |
3708.7s 1588 -------------+---------+-
3708.7s 1589 score.weight | MISSING |
3708.7s 1590 
3708.7s 1591 Notes:
3708.7s 1592 - MISSING	:those params were newly initialized because missing from the checkpoint. Consider training on your downstream task.
3708.7s 1593 
3708.7s 1594 Qwen2ForSequenceClassification LOAD REPORT from: Qwen/Qwen2.5-1.5B
3708.7s 1595 Key          | Status  |
3708.7s 1596 -------------+---------+-
3708.7s 1597 score.weight | MISSING |
3708.7s 1598 
3708.7s 1599 Notes:
3708.7s 1600 - MISSING	:those params were newly initialized because missing from the checkpoint. Consider training on your downstream task.
3713.4s 1601 /usr/local/lib/python3.12/dist-packages/torch/autograd/function.py:583: UserWarning: Was asked to gather along dimension 0, but all input tensors were scalars; will instead unsqueeze and return a vector.
3713.4s 1602 return super().apply(*args, **kwargs)  # type: ignore[misc]
3713.4s 1603 
3713.4s 1604 /usr/local/lib/python3.12/dist-packages/torch/autograd/function.py:583: UserWarning: Was asked to gather along dimension 0, but all input tensors were scalars; will instead unsqueeze and return a vector.
3713.4s 1605 return super().apply(*args, **kwargs)  # type: ignore[misc]
4351.0s 1606 /tmp/ipykernel_23/1695028940.py:66: DeprecationWarning: `trapz` is deprecated. Use `trapezoid` instead, or one of the numerical integration functions in `scipy.integrate`.
4351.0s 1607 joules = float(np.trapz(ws, ts))        # watts x seconds = joules
4351.0s 1608 
4351.0s 1609 /tmp/ipykernel_23/1695028940.py:66: DeprecationWarning: `trapz` is deprecated. Use `trapezoid` instead, or one of the numerical integration functions in `scipy.integrate`.
4351.0s 1610 joules = float(np.trapz(ws, ts))        # watts x seconds = joules
4366.2s 1611 [ok] lisa_medium_classification_seed42  score=0.46  638.76s  14.937GB  0.01129kWh
4366.8s 1612 [57/60] lisa | medium | classification | seed 2024
4367.5s 1613 Qwen2ForSequenceClassification LOAD REPORT from: Qwen/Qwen2.5-1.5B
4367.5s 1614 Key          | Status  |
4367.5s 1615 -------------+---------+-
4367.5s 1616 score.weight | MISSING |
4367.5s 1617 
4367.5s 1618 Notes:
4367.5s 1619 - MISSING	:those params were newly initialized because missing from the checkpoint. Consider training on your downstream task.
4367.5s 1620 
4367.5s 1621 Qwen2ForSequenceClassification LOAD REPORT from: Qwen/Qwen2.5-1.5B
4367.5s 1622 Key          | Status  |
4367.5s 1623 -------------+---------+-
4367.5s 1624 score.weight | MISSING |
4367.5s 1625 
4367.5s 1626 Notes:
4367.5s 1627 - MISSING	:those params were newly initialized because missing from the checkpoint. Consider training on your downstream task.
4372.2s 1628 /usr/local/lib/python3.12/dist-packages/torch/autograd/function.py:583: UserWarning: Was asked to gather along dimension 0, but all input tensors were scalars; will instead unsqueeze and return a vector.
4372.2s 1629 return super().apply(*args, **kwargs)  # type: ignore[misc]
4372.2s 1630 
4372.2s 1631 /usr/local/lib/python3.12/dist-packages/torch/autograd/function.py:583: UserWarning: Was asked to gather along dimension 0, but all input tensors were scalars; will instead unsqueeze and return a vector.
4372.2s 1632 return super().apply(*args, **kwargs)  # type: ignore[misc]
5013.1s 1633 /tmp/ipykernel_23/1695028940.py:66: DeprecationWarning: `trapz` is deprecated. Use `trapezoid` instead, or one of the numerical integration functions in `scipy.integrate`.
5013.1s 1634 joules = float(np.trapz(ws, ts))        # watts x seconds = joules
5013.1s 1635 
5013.1s 1636 /tmp/ipykernel_23/1695028940.py:66: DeprecationWarning: `trapz` is deprecated. Use `trapezoid` instead, or one of the numerical integration functions in `scipy.integrate`.
5013.1s 1637 joules = float(np.trapz(ws, ts))        # watts x seconds = joules
5028.2s 1638 [ok] lisa_medium_classification_seed2024  score=0.48  641.97s  14.818GB  0.01137kWh
5028.8s 1639 [58/60] lisa | large | classification | seed 13
5029.7s 1640 Qwen2ForSequenceClassification LOAD REPORT from: Qwen/Qwen2.5-3B
5029.7s 1641 Key          | Status  |
5029.7s 1642 -------------+---------+-
5029.7s 1643 score.weight | MISSING |
5029.7s 1644 
5029.7s 1645 Notes:
5029.7s 1646 - MISSING	:those params were newly initialized because missing from the checkpoint. Consider training on your downstream task.
5029.7s 1647 
5029.7s 1648 Qwen2ForSequenceClassification LOAD REPORT from: Qwen/Qwen2.5-3B
5029.7s 1649 Key          | Status  |
5029.7s 1650 -------------+---------+-
5029.7s 1651 score.weight | MISSING |
5029.7s 1652 
5029.7s 1653 Notes:
5029.7s 1654 - MISSING	:those params were newly initialized because missing from the checkpoint. Consider training on your downstream task.
5036.7s 1655 /usr/local/lib/python3.12/dist-packages/torch/autograd/function.py:583: UserWarning: Was asked to gather along dimension 0, but all input tensors were scalars; will instead unsqueeze and return a vector.
5036.7s 1656 return super().apply(*args, **kwargs)  # type: ignore[misc]
5036.7s 1657 
5036.7s 1658 /usr/local/lib/python3.12/dist-packages/torch/autograd/function.py:583: UserWarning: Was asked to gather along dimension 0, but all input tensors were scalars; will instead unsqueeze and return a vector.
5036.7s 1659 return super().apply(*args, **kwargs)  # type: ignore[misc]
5041.5s 1660 [OOM] lisa_large_classification_seed13 -- out of memory (this is a valid result, recorded)
5042.2s 1661 [59/60] lisa | large | classification | seed 42
5043.2s 1662 Qwen2ForSequenceClassification LOAD REPORT from: Qwen/Qwen2.5-3B
5043.2s 1663 Key          | Status  |
5043.2s 1664 -------------+---------+-
5043.2s 1665 score.weight | MISSING |
5043.2s 1666 
5043.2s 1667 Notes:
5043.2s 1668 - MISSING	:those params were newly initialized because missing from the checkpoint. Consider training on your downstream task.
5043.2s 1669 
5043.2s 1670 Qwen2ForSequenceClassification LOAD REPORT from: Qwen/Qwen2.5-3B
5043.2s 1671 Key          | Status  |
5043.2s 1672 -------------+---------+-
5043.2s 1673 score.weight | MISSING |
5043.2s 1674 
5043.2s 1675 Notes:
5043.2s 1676 - MISSING	:those params were newly initialized because missing from the checkpoint. Consider training on your downstream task.
5049.8s 1677 /usr/local/lib/python3.12/dist-packages/torch/autograd/function.py:583: UserWarning: Was asked to gather along dimension 0, but all input tensors were scalars; will instead unsqueeze and return a vector.
5049.8s 1678 return super().apply(*args, **kwargs)  # type: ignore[misc]
5049.8s 1679 
5049.8s 1680 /usr/local/lib/python3.12/dist-packages/torch/autograd/function.py:583: UserWarning: Was asked to gather along dimension 0, but all input tensors were scalars; will instead unsqueeze and return a vector.
5049.8s 1681 return super().apply(*args, **kwargs)  # type: ignore[misc]
5054.3s 1682 [OOM] lisa_large_classification_seed42 -- out of memory (this is a valid result, recorded)
5055.0s 1683 [60/60] lisa | large | classification | seed 2024
5055.9s 1684 Qwen2ForSequenceClassification LOAD REPORT from: Qwen/Qwen2.5-3B
5055.9s 1685 Key          | Status  |
5055.9s 1686 -------------+---------+-
5055.9s 1687 score.weight | MISSING |
5055.9s 1688 
5055.9s 1689 Notes:
5055.9s 1690 - MISSING	:those params were newly initialized because missing from the checkpoint. Consider training on your downstream task.
5055.9s 1691 
5055.9s 1692 Qwen2ForSequenceClassification LOAD REPORT from: Qwen/Qwen2.5-3B
5055.9s 1693 Key          | Status  |
5055.9s 1694 -------------+---------+-
5055.9s 1695 score.weight | MISSING |
5055.9s 1696 
5055.9s 1697 Notes:
5055.9s 1698 - MISSING	:those params were newly initialized because missing from the checkpoint. Consider training on your downstream task.
5062.7s 1699 /usr/local/lib/python3.12/dist-packages/torch/autograd/function.py:583: UserWarning: Was asked to gather along dimension 0, but all input tensors were scalars; will instead unsqueeze and return a vector.
5062.7s 1700 return super().apply(*args, **kwargs)  # type: ignore[misc]
5062.7s 1701 
5062.7s 1702 /usr/local/lib/python3.12/dist-packages/torch/autograd/function.py:583: UserWarning: Was asked to gather along dimension 0, but all input tensors were scalars; will instead unsqueeze and return a vector.
5062.7s 1703 return super().apply(*args, **kwargs)  # type: ignore[misc]
5067.3s 1704 [OOM] lisa_large_classification_seed2024 -- out of memory (this is a valid result, recorded)
5067.9s 1705 ============================================================
5067.9s 1706 Sweep finished in 83.8 min
5067.9s 1707 Raw result files on disk: 60
5068.0s 1708 Total runs: 60 | usable: 12 | failed/OOM: 48
5068.0s 1709 
5068.0s 1710 Failures (these are findings, not bugs):
5068.0s 1711 method backbone status
5068.0s 1712 full_ft    large    oom
5068.0s 1713 full_ft    large    oom
5068.0s 1714 full_ft    large    oom
5068.0s 1715 full_ft   medium    oom
5068.0s 1716 full_ft   medium    oom
5068.0s 1717 full_ft   medium    oom
5068.0s 1718 full_ft    small    oom
5068.0s 1719 full_ft    small    oom
5068.0s 1720 full_ft    small    oom
5068.0s 1721 lisa    large    oom
5068.0s 1722 lisa    large    oom
5068.0s 1723 lisa    large    oom
5068.0s 1724 lora_fa    large  error
5068.0s 1725 lora_fa    large  error
5068.0s 1726 lora_fa    large  error
5068.0s 1727 lora_fa   medium  error
5068.0s 1728 lora_fa   medium  error
5068.0s 1729 lora_fa   medium  error
5068.0s 1730 lora_fa    small  error
5068.0s 1731 lora_fa    small  error
5068.0s 1732 lora_fa    small  error
5068.0s 1733 lora_fa     tiny  error
5068.0s 1734 lora_fa     tiny  error
5068.0s 1735 lora_fa     tiny  error
5068.0s 1736 lora    large  error
5068.0s 1737 lora    large  error
5068.0s 1738 lora    large  error
5068.0s 1739 lora   medium  error
5068.0s 1740 lora   medium  error
5068.0s 1741 lora   medium  error
5068.0s 1742 lora    small  error
5068.0s 1743 lora    small  error
5068.0s 1744 lora    small  error
5068.0s 1745 lora     tiny  error
5068.0s 1746 lora     tiny  error
5068.0s 1747 lora     tiny  error
5068.0s 1748 qlora    large  error
5068.0s 1749 qlora    large  error
5068.0s 1750 qlora    large  error
5068.0s 1751 qlora   medium  error
5068.0s 1752 qlora   medium  error
5068.0s 1753 qlora   medium  error
5068.0s 1754 qlora    small  error
5068.0s 1755 qlora    small  error
5068.0s 1756 qlora    small  error
5068.0s 1757 qlora     tiny  error
5068.0s 1758 qlora     tiny  error
5068.0s 1759 qlora     tiny  error
5068.0s 1760 
5068.0s 1761 Wrote aggregated.csv (4 configurations)
5068.1s 1762 Wrote aggregated_scored.csv
5068.1s 1763 
5068.1s 1764 Ranking by BALANCED profile:
5068.2s 1765 Wrote aggregated_gei.csv and pareto_fronts.csv
5068.2s 1766 
5068.2s 1767 GEI ranking (higher = greener per unit of accuracy):
5068.2s 1768 
5068.2s 1769 Pareto-optimal configurations: 4 of 4
5068.4s 1770 ======================================================================
5068.4s 1771 A. Consumer single GPU (16GB)
5068.4s 1772 Constraints: VRAM<=16GB, carbon<=1.0kg, time<=1000000000.0s, accuracy>=0.0
5068.4s 1773 Feasible: 4  ->  Pareto front: 3
5068.4s 1774 
5068.4s 1775 >>> RECOMMENDED: LISA on tiny backbone
5068.4s 1776 accuracy 0.5089 | VRAM 4.84 GB | energy 0.00324 kWh | carbon 0.00211 kg | GEI 1.0052
5068.4s 1777 ======================================================================
5068.4s 1778 B. Strict carbon ceiling
5068.4s 1779 Constraints: VRAM<=48GB, carbon<=0.05kg, time<=1000000000.0s, accuracy>=0.0
5068.4s 1780 Feasible: 4  ->  Pareto front: 3
5068.4s 1781 
5068.4s 1782 >>> RECOMMENDED: LISA on tiny backbone
5068.4s 1783 accuracy 0.5089 | VRAM 4.84 GB | energy 0.00324 kWh | carbon 0.00211 kg | GEI 1.0052
5068.4s 1784 ======================================================================
5068.4s 1785 C. High-accuracy production
5068.4s 1786 Constraints: VRAM<=48GB, carbon<=1.0kg, time<=1000000000.0s, accuracy>=0.0
5068.4s 1787 Feasible: 4  ->  Pareto front: 3
5068.4s 1788 
5068.4s 1789 >>> RECOMMENDED: LISA on tiny backbone
5068.4s 1790 accuracy 0.5089 | VRAM 4.84 GB | energy 0.00324 kWh | carbon 0.00211 kg | GEI 1.0052
5068.4s 1791 ======================================================================
5068.4s 1792 D. Tight deadline
5068.4s 1793 Constraints: VRAM<=48GB, carbon<=1.0kg, time<=600s, accuracy>=0.0
5068.4s 1794 Feasible: 3  ->  Pareto front: 3
5068.4s 1795 
5068.4s 1796 >>> RECOMMENDED: LISA on tiny backbone
5068.4s 1797 accuracy 0.5089 | VRAM 4.84 GB | energy 0.00324 kWh | carbon 0.00211 kg | GEI 1.0052
5069.5s 1798 Saved /kaggle/working/peft_bench/results/figures/benchmark_overview.png
5069.6s 1799 Bundle: /kaggle/working/peft_bench/sustainable_peft_benchmark_bundle.zip
5069.6s 1800 Size  : 0.14 MB
5069.6s 1801 
5069.6s 1802 Copied to /kaggle/working -> download it from the Output panel on the right.
5076.2s 1803 /usr/local/lib/python3.12/dist-packages/mistune.py:435: SyntaxWarning: invalid escape sequence '\|'
5076.2s 1804 cells[i][c] = re.sub('\\\\\|', '|', cell)
5076.5s 1805 /usr/local/lib/python3.12/dist-packages/nbconvert/filters/filter_links.py:36: SyntaxWarning: invalid escape sequence '\_'
5076.5s 1806 text = re.sub(r'_', '\_', text) # Escape underscores in display text
5078.1s 1807 [NbConvertApp] Converting notebook __notebook__.ipynb to notebook
5078.7s 1808 [NbConvertApp] Writing 1382990 bytes to __notebook__.ipynb
5081.1s 1809 [NbConvertApp] Converting notebook __notebook__.ipynb to html
5082.6s 1810 [NbConvertApp] Support files will be in __results___files/
5082.6s 1811 [NbConvertApp] Making directory __results___files
5082.6s 1812 [NbConvertApp] Writing 1441576 bytes to __results__.html