run_id,method,backbone,family,params_b,rank,quant_bits,is_adapter_method,gpu_total_gb,status,fits,trainable_param_pct,accuracy,peak_gpu_memory_gb,energy_kwh,carbon_kgco2eq,wall_clock_seconds,log_params_b,trainable_params_b,effective_vram_ratio,vram_per_param_mb,is_quantized
full_ft_tiny_classification_seed13,full_ft,tiny,qwen,0.5,0,32,0,15.6,ok,1,1.0,0.9117,11.462,0.00239411,0.00155617,132.28,-1.0,0.5,31.1994,31948.161,0
full_ft_tiny_classification_seed2024,full_ft,tiny,qwen,0.5,0,32,0,15.6,ok,1,1.0,0.8991,11.439,0.00240937,0.00156609,132.95,-1.0,0.5,31.1994,31948.161,0
full_ft_tiny_classification_seed42,full_ft,tiny,qwen,0.5,0,32,0,15.6,ok,1,1.0,0.9048,11.414,0.00237976,0.00154684,131.62,-1.0,0.5,31.1994,31948.161,0
lisa_tiny_classification_seed13,lisa,tiny,qwen,0.5,0,16,0,15.6,ok,1,0.724441,0.8635,5.143,0.00124387,0.00080852,69.08,-1.0,0.36222,31.1994,31948.161,0
lisa_tiny_classification_seed2024,lisa,tiny,qwen,0.5,0,16,0,15.6,ok,1,0.724441,0.8899,5.54,0.0012547,0.00081556,69.65,-1.0,0.36222,31.1994,31948.161,0
lisa_tiny_classification_seed42,lisa,tiny,qwen,0.5,0,16,0,15.6,ok,1,0.724441,0.9071,5.586,0.00127987,0.00083192,71.65,-1.0,0.36222,31.1994,31948.161,0
lora_tiny_classification_seed13,lora,tiny,qwen,0.5,16,16,1,15.6,ok,1,0.004362,0.9163,4.206,0.00115775,0.00075254,108.59,-1.0,0.002181,31.1994,31948.161,0
lora_tiny_classification_seed2024,lora,tiny,qwen,0.5,16,16,1,15.6,ok,1,0.004362,0.9186,4.879,0.0012918,0.00083967,105.65,-1.0,0.002181,31.1994,31948.161,0
lora_tiny_classification_seed42,lora,tiny,qwen,0.5,16,16,1,15.6,ok,1,0.004362,0.9174,4.877,0.00121608,0.00079045,105.4,-1.0,0.002181,31.1994,31948.161,0
lora_fa_tiny_classification_seed13,lora_fa,tiny,qwen,0.5,16,16,1,15.6,ok,1,0.001589,0.9174,4.084,0.0012967,0.00084285,102.81,-1.0,0.000794,31.1994,31948.161,0
lora_fa_tiny_classification_seed2024,lora_fa,tiny,qwen,0.5,16,16,1,15.6,ok,1,0.001589,0.914,4.865,0.00129812,0.00084378,100.83,-1.0,0.000794,31.1994,31948.161,0
lora_fa_tiny_classification_seed42,lora_fa,tiny,qwen,0.5,16,16,1,15.6,ok,1,0.001589,0.9151,4.873,0.00130385,0.0008475,101.96,-1.0,0.000794,31.1994,31948.161,0
qlora_tiny_classification_seed13,qlora,tiny,qwen,0.5,16,4,1,15.6,ok,1,0.006822,0.9025,3.64,0.00214066,0.00139143,162.23,-1.0,0.003411,31.1994,31948.161,1
qlora_tiny_classification_seed2024,qlora,tiny,qwen,0.5,16,4,1,15.6,ok,1,0.006822,0.9163,2.879,0.00216281,0.00140583,165.03,-1.0,0.003411,31.1994,31948.161,1
qlora_tiny_classification_seed42,qlora,tiny,qwen,0.5,16,4,1,15.6,ok,1,0.006822,0.9163,2.694,0.00213814,0.00138979,164.77,-1.0,0.003411,31.1994,31948.161,1
lisa_small_classification_seed13,lisa,small,llama,1.1,0,16,0,15.6,ok,1,0.936649,0.9186,11.223,0.00209492,0.0013617,116.47,0.1375,1.030314,14.1817,14522.0498,0
lisa_small_classification_seed2024,lisa,small,llama,1.1,0,16,0,15.6,ok,1,0.936649,0.9151,11.183,0.00209872,0.00136417,116.84,0.1375,1.030314,14.1817,14522.0498,0
lisa_small_classification_seed42,lisa,small,llama,1.1,0,16,0,15.6,ok,1,0.936649,0.9266,11.116,0.00207034,0.00134572,115.98,0.1375,1.030314,14.1817,14522.0498,0
lora_small_classification_seed13,lora,small,llama,1.1,16,16,1,15.6,ok,1,0.00434,0.9404,11.043,0.00180621,0.00117404,103.56,0.1375,0.004774,14.1817,14522.0498,0
lora_small_classification_seed2024,lora,small,llama,1.1,16,16,1,15.6,ok,1,0.00434,0.9415,9.044,0.00175148,0.00113846,99.52,0.1375,0.004774,14.1817,14522.0498,0
lora_small_classification_seed42,lora,small,llama,1.1,16,16,1,15.6,ok,1,0.00434,0.9495,9.12,0.00176415,0.0011467,100.16,0.1375,0.004774,14.1817,14522.0498,0
lora_fa_small_classification_seed13,lora_fa,small,llama,1.1,16,16,1,15.6,ok,1,0.001565,0.9243,7.945,0.00173334,0.00112667,98.22,0.1375,0.001722,14.1817,14522.0498,0
lora_fa_small_classification_seed2024,lora_fa,small,llama,1.1,16,16,1,15.6,ok,1,0.001565,0.9255,9.023,0.00173377,0.00112695,98.55,0.1375,0.001722,14.1817,14522.0498,0
lora_fa_small_classification_seed42,lora_fa,small,llama,1.1,16,16,1,15.6,ok,1,0.001565,0.9255,9.069,0.00172196,0.00111927,97.77,0.1375,0.001722,14.1817,14522.0498,0
qlora_small_classification_seed13,qlora,small,llama,1.1,16,4,1,15.6,ok,1,0.008132,0.9358,5.831,0.0027257,0.00177171,153.22,0.1375,0.008945,14.1817,14522.0498,1
qlora_small_classification_seed2024,qlora,small,llama,1.1,16,4,1,15.6,ok,1,0.008132,0.9358,3.518,0.00272738,0.0017728,154.39,0.1375,0.008945,14.1817,14522.0498,1
qlora_small_classification_seed42,qlora,small,llama,1.1,16,4,1,15.6,ok,1,0.008132,0.9427,3.493,0.00269835,0.00175393,152.61,0.1375,0.008945,14.1817,14522.0498,1
lisa_medium_classification_seed13,lisa,medium,qwen,1.5,0,16,0,15.6,ok,1,0.848823,0.9438,14.788,0.0025163,0.0016356,139.68,0.585,1.273234,10.3999,10649.529,0
lisa_medium_classification_seed2024,lisa,medium,qwen,1.5,0,16,0,15.6,ok,1,0.848823,0.9369,15.866,0.00253723,0.0016492,141.3,0.585,1.273234,10.3999,10649.529,0
lisa_medium_classification_seed42,lisa,medium,qwen,1.5,0,16,0,15.6,ok,1,0.848823,0.9335,15.896,0.00252961,0.00164425,140.82,0.585,1.273234,10.3999,10649.529,0
lora_medium_classification_seed2024,lora,medium,qwen,1.5,16,16,1,15.6,ok,1,0.002817,0.9495,13.316,0.00220031,0.0014302,125.38,0.585,0.004226,10.3999,10649.529,0
lora_medium_classification_seed42,lora,medium,qwen,1.5,16,16,1,15.6,ok,1,0.002817,0.9461,11.24,0.00216023,0.00140415,125.43,0.585,0.004226,10.3999,10649.529,0
lora_fa_medium_classification_seed13,lora_fa,medium,qwen,1.5,16,16,1,15.6,ok,1,0.001039,0.9438,10.894,0.00222269,0.00144475,122.02,0.585,0.001558,10.3999,10649.529,0
lora_fa_medium_classification_seed2024,lora_fa,medium,qwen,1.5,16,16,1,15.6,ok,1,0.001039,0.9461,13.283,0.00212259,0.00137968,122.44,0.585,0.001558,10.3999,10649.529,0
lora_fa_medium_classification_seed42,lora_fa,medium,qwen,1.5,16,16,1,15.6,ok,1,0.001039,0.9392,13.335,0.00213238,0.00138605,121.64,0.585,0.001558,10.3999,10649.529,0
qlora_medium_classification_seed13,qlora,medium,qwen,1.5,16,4,1,15.6,ok,1,0.004884,0.9438,8.642,0.00339605,0.00220743,191.64,0.585,0.007326,10.3999,10649.529,1
qlora_medium_classification_seed2024,qlora,medium,qwen,1.5,16,4,1,15.6,ok,1,0.004884,0.9461,5.034,0.00348174,0.00226313,195.61,0.585,0.007326,10.3999,10649.529,1
qlora_medium_classification_seed42,qlora,medium,qwen,1.5,16,4,1,15.6,ok,1,0.004884,0.9404,6.653,0.00343004,0.00222953,193.62,0.585,0.007326,10.3999,10649.529,1
qlora_large_classification_seed13,qlora,large,qwen,3.0,16,4,1,15.6,ok,1,0.004324,0.9472,7.457,0.00599847,0.00389901,332.38,1.585,0.012972,5.2,5324.7823,1
qlora_large_classification_seed2024,qlora,large,qwen,3.0,16,4,1,15.6,ok,1,0.004324,0.9484,7.448,0.0060281,0.00391826,335.11,1.585,0.012972,5.2,5324.7823,1
qlora_large_classification_seed42,qlora,large,qwen,3.0,16,4,1,15.6,ok,1,0.004324,0.9495,7.45,0.00601425,0.00390926,332.2,1.585,0.012972,5.2,5324.7823,1
leaderboard_0_llama_7.0,full_ft,medium,llama,7.0,0,16,0,24.0,ok,1,1.0,0.582,14.5751953125,0.00805,0.00309925,84.0,2.8074,7.0,3.4286,3510.8521,0
leaderboard_1_llama_7.0,full_ft,medium,llama,7.0,0,16,0,24.0,ok,1,1.0,0.582,14.5751953125,0.00805,0.00309925,84.0,2.8074,7.0,3.4286,3510.8521,0
leaderboard_5_gpt_20.0,full_ft,large,gpt,20.0,0,4,0,24.0,ok,1,1.0,0.558,10.9580078125,0.092,0.03542,960.0,4.3219,20.0,1.2,1228.7994,1
leaderboard_6_llama_7.0,full_ft,medium,llama,7.0,0,16,0,24.0,ok,1,1.0,0.582,14.5751953125,0.00805,0.00309925,84.0,2.8074,7.0,3.4286,3510.8521,0
leaderboard_7_mpt_30.0,full_ft,xlarge,mpt,30.0,0,4,0,24.0,ok,1,1.0,0.612,18.2431640625,0.138,0.05313,1440.0,4.9069,30.0,0.8,819.1997,1
leaderboard_9_mpt_7.0,full_ft,medium,mpt,7.0,0,16,0,24.0,ok,1,1.0,0.5,14.3779296875,0.00805,0.00309925,84.0,2.8074,7.0,3.4286,3510.8521,0
leaderboard_10_llama_7.0,full_ft,medium,llama,7.0,0,4,0,24.0,ok,1,1.0,0.582,6.0224609375,0.0322,0.012397,336.0,2.8074,7.0,3.4286,3510.8521,1
leaderboard_12_llama_7.0,full_ft,medium,llama,7.0,0,4,0,24.0,ok,1,1.0,0.582,6.0224609375,0.0322,0.012397,336.0,2.8074,7.0,3.4286,3510.8521,1
leaderboard_13_mpt_7.0,full_ft,medium,mpt,7.0,0,4,0,24.0,ok,1,1.0,0.5,5.8076171875,0.0322,0.012397,336.0,2.8074,7.0,3.4286,3510.8521,1
leaderboard_15_llama_10.0,full_ft,large,llama,10.0,0,4,0,24.0,ok,1,1.0,0.626,9.3818359375,0.046,0.01771,480.0,3.3219,10.0,2.4,2457.5975,1
leaderboard_16_thudm_6.0,full_ft,medium,thudm,6.0,0,4,0,24.0,ok,1,1.0,0.482,13.6708984375,0.0276,0.010626,288.0,2.585,6.0,4.0,4095.9932,1
leaderboard_17_thudm_6.0,full_ft,medium,thudm,6.0,0,32,0,24.0,ok,1,1.0,0.482,13.6708984375,0.00345,0.00132825,36.0,2.585,6.0,4.0,4095.9932,0
leaderboard_18_thudm_6.0,full_ft,medium,thudm,6.0,0,16,0,24.0,ok,1,1.0,0.482,13.6708984375,0.0069,0.0026565,72.0,2.585,6.0,4.0,4095.9932,0
leaderboard_19_thudm_6.0,full_ft,medium,thudm,6.0,0,8,0,24.0,ok,1,1.0,0.482,13.6708984375,0.0138,0.005313,144.0,2.585,6.0,4.0,4095.9932,1
leaderboard_20_llama_10.0,full_ft,large,llama,10.0,0,4,0,24.0,ok,1,1.0,0.626,9.3818359375,0.046,0.01771,480.0,3.3219,10.0,2.4,2457.5975,1
leaderboard_24_facebook_7.0,full_ft,medium,facebook,7.0,0,16,0,24.0,ok,1,1.0,0.419,14.3994140625,0.00805,0.00309925,84.0,2.8074,7.0,3.4286,3510.8521,0
leaderboard_25_baichuan_7.0,full_ft,medium,baichuan,7.0,0,16,0,24.0,ok,1,1.0,0.474,15.1494140625,0.00805,0.00309925,84.0,2.8074,7.0,3.4286,3510.8521,0
leaderboard_26_koboldai_7.0,full_ft,medium,koboldai,7.0,0,16,0,24.0,ok,1,1.0,0.426,14.3994140625,0.00805,0.00309925,84.0,2.8074,7.0,3.4286,3510.8521,0
leaderboard_27_llama_3.0,full_ft,medium,llama,3.0,0,32,0,24.0,ok,1,1.0,0.434,14.9443359375,0.001725,0.00066412,18.0,1.585,3.0,8.0,8191.9727,0
leaderboard_28_facebook_7.0,full_ft,medium,facebook,7.0,0,16,0,24.0,ok,1,1.0,0.419,14.3994140625,0.00805,0.00309925,84.0,2.8074,7.0,3.4286,3510.8521,0
leaderboard_29_writer_5.0,full_ft,medium,writer,5.0,0,16,0,24.0,ok,1,1.0,0.399,11.4951171875,0.00575,0.00221375,60.0,2.3219,5.0,4.8,4915.1902,0
leaderboard_30_writer_5.0,full_ft,medium,writer,5.0,0,4,0,24.0,ok,1,1.0,0.399,11.4970703125,0.023,0.008855,240.0,2.3219,5.0,4.8,4915.1902,1
leaderboard_31_llama_3.0,full_ft,medium,llama,3.0,0,16,0,24.0,ok,1,1.0,0.434,8.5400390625,0.00345,0.00132825,36.0,1.585,3.0,8.0,8191.9727,0
leaderboard_33_aisquared_3.0,full_ft,medium,aisquared,3.0,0,16,0,24.0,ok,1,1.0,0.406,7.1220703125,0.00345,0.00132825,36.0,1.585,3.0,8.0,8191.9727,0
leaderboard_34_writer_5.0,full_ft,medium,writer,5.0,0,8,0,24.0,ok,1,1.0,0.399,11.4951171875,0.0115,0.0044275,120.0,2.3219,5.0,4.8,4915.1902,1
leaderboard_35_writer_5.0,full_ft,medium,writer,5.0,0,4,0,24.0,ok,1,1.0,0.399,11.4951171875,0.023,0.008855,240.0,2.3219,5.0,4.8,4915.1902,1
leaderboard_36_writer_5.0,full_ft,medium,writer,5.0,0,16,0,24.0,ok,1,1.0,0.399,11.4951171875,0.00575,0.00221375,60.0,2.3219,5.0,4.8,4915.1902,0
leaderboard_37_llama_3.0,full_ft,medium,llama,3.0,0,16,0,24.0,ok,1,1.0,0.434,8.5400390625,0.00345,0.00132825,36.0,1.585,3.0,8.0,8191.9727,0
leaderboard_38_aisquared_3.0,full_ft,medium,aisquared,3.0,0,32,0,24.0,ok,1,1.0,0.406,12.0009765625,0.001725,0.00066412,18.0,1.585,3.0,8.0,8191.9727,0
leaderboard_40_gpt_7.0,full_ft,medium,gpt,7.0,0,16,0,24.0,ok,1,1.0,0.396,14.5146484375,0.00805,0.00309925,84.0,2.8074,7.0,3.4286,3510.8521,0
leaderboard_41_gpt_7.0,full_ft,medium,gpt,7.0,0,4,0,24.0,ok,1,1.0,0.396,14.5146484375,0.0322,0.012397,336.0,2.8074,7.0,3.4286,3510.8521,1
leaderboard_42_aisquared_3.0,full_ft,medium,aisquared,3.0,0,16,0,24.0,ok,1,1.0,0.406,7.1220703125,0.00345,0.00132825,36.0,1.585,3.0,8.0,8191.9727,0
leaderboard_43_baichuan_7.0,full_ft,medium,baichuan,7.0,0,4,0,24.0,ok,1,1.0,0.474,6.7763671875,0.0322,0.012397,336.0,2.8074,7.0,3.4286,3510.8521,1
leaderboard_44_koboldai_3.0,full_ft,medium,koboldai,3.0,0,32,0,24.0,ok,1,1.0,0.401,11.9990234375,0.001725,0.00066412,18.0,1.585,3.0,8.0,8191.9727,0
leaderboard_45_facebook_7.0,full_ft,medium,facebook,7.0,0,4,0,24.0,ok,1,1.0,0.419,5.8115234375,0.0322,0.012397,336.0,2.8074,7.0,3.4286,3510.8521,1
leaderboard_46_aisquared_1.0,full_ft,small,aisquared,1.0,0,16,0,24.0,ok,1,1.0,0.384,4.6259765625,0.0014375,0.00055344,15.0,0.0,1.0,23.9998,24575.7542,0
leaderboard_47_koboldai_3.0,full_ft,medium,koboldai,3.0,0,16,0,24.0,ok,1,1.0,0.401,7.1220703125,0.00345,0.00132825,36.0,1.585,3.0,8.0,8191.9727,0
leaderboard_49_llama_3.0,full_ft,medium,llama,3.0,0,4,0,24.0,ok,1,1.0,0.434,4.1552734375,0.0138,0.005313,144.0,1.585,3.0,8.0,8191.9727,1
leaderboard_50_koboldai_7.0,full_ft,medium,koboldai,7.0,0,4,0,24.0,ok,1,1.0,0.426,5.8115234375,0.0322,0.012397,336.0,2.8074,7.0,3.4286,3510.8521,1
leaderboard_51_facebook_30.0,full_ft,xlarge,facebook,30.0,0,4,0,24.0,ok,1,1.0,0.486,18.2099609375,0.138,0.05313,1440.0,4.9069,30.0,0.8,819.1997,1
leaderboard_52_togethercomputer_7.0,full_ft,medium,togethercomputer,7.0,0,16,0,24.0,ok,1,1.0,0.469,14.8857421875,0.00805,0.00309925,84.0,2.8074,7.0,3.4286,3510.8521,0
leaderboard_53_gpt_7.0,full_ft,medium,gpt,7.0,0,8,0,24.0,ok,1,1.0,0.396,14.5146484375,0.0161,0.0061985,168.0,2.8074,7.0,3.4286,3510.8521,1
leaderboard_54_aisquared_1.0,full_ft,small,aisquared,1.0,0,16,0,24.0,ok,1,1.0,0.384,4.6259765625,0.0014375,0.00055344,15.0,0.0,1.0,23.9998,24575.7542,0
leaderboard_55_aisquared_1.0,full_ft,small,aisquared,1.0,0,32,0,24.0,ok,1,1.0,0.384,6.8974609375,0.0014375,0.00055344,15.0,0.0,1.0,23.9998,24575.7542,0
leaderboard_56_llama_3.0,full_ft,medium,llama,3.0,0,4,0,24.0,ok,1,1.0,0.434,4.1552734375,0.0138,0.005313,144.0,1.585,3.0,8.0,8191.9727,1
leaderboard_57_facebook_9.0,full_ft,medium,facebook,9.0,0,16,0,24.0,ok,1,1.0,0.398,15.9697265625,0.01035,0.00398475,108.0,3.1699,9.0,2.6667,2730.6636,0
leaderboard_58_gpt_7.0,full_ft,medium,gpt,7.0,0,4,0,24.0,ok,1,1.0,0.396,14.5146484375,0.0322,0.012397,336.0,2.8074,7.0,3.4286,3510.8521,1
leaderboard_59_gpt_7.0,full_ft,medium,gpt,7.0,0,16,0,24.0,ok,1,1.0,0.396,14.5146484375,0.00805,0.00309925,84.0,2.8074,7.0,3.4286,3510.8521,0
leaderboard_61_facebook_7.0,full_ft,medium,facebook,7.0,0,4,0,24.0,ok,1,1.0,0.419,5.8115234375,0.0322,0.012397,336.0,2.8074,7.0,3.4286,3510.8521,1
leaderboard_63_koboldai_10.0,full_ft,large,koboldai,10.0,0,4,0,24.0,ok,1,1.0,0.426,9.1025390625,0.046,0.01771,480.0,3.3219,10.0,2.4,2457.5975,1
leaderboard_64_aisquared_3.0,full_ft,medium,aisquared,3.0,0,4,0,24.0,ok,1,1.0,0.406,3.5908203125,0.0138,0.005313,144.0,1.585,3.0,8.0,8191.9727,1
leaderboard_65_writer_5.0,full_ft,medium,writer,5.0,0,32,0,24.0,ok,1,1.0,0.399,20.8955078125,0.002875,0.00110688,30.0,2.3219,5.0,4.8,4915.1902,0
leaderboard_66_mbzuai_1.0,full_ft,small,mbzuai,1.0,0,32,0,24.0,ok,1,1.0,0.38,6.9853515625,0.0014375,0.00055344,15.0,0.0,1.0,23.9998,24575.7542,0
leaderboard_67_aisquared_1.0,full_ft,small,aisquared,1.0,0,4,0,24.0,ok,1,1.0,0.384,2.8310546875,0.0046,0.001771,48.0,0.0,1.0,23.9998,24575.7542,1
leaderboard_70_mbzuai_1.0,full_ft,small,mbzuai,1.0,0,16,0,24.0,ok,1,1.0,0.38,4.6259765625,0.0014375,0.00055344,15.0,0.0,1.0,23.9998,24575.7542,0
leaderboard_71_openassistant_8.0,full_ft,medium,openassistant,8.0,0,4,0,24.0,ok,1,1.0,0.384,7.2451171875,0.0368,0.014168,384.0,3.0,8.0,3.0,3071.9962,1
leaderboard_72_aisquared_1.0,full_ft,small,aisquared,1.0,0,4,0,24.0,ok,1,1.0,0.384,2.8310546875,0.0046,0.001771,48.0,0.0,1.0,23.9998,24575.7542,1
leaderboard_73_gpt_3.0,full_ft,medium,gpt,3.0,0,32,0,24.0,ok,1,1.0,0.39,12.1142578125,0.001725,0.00066412,18.0,1.585,3.0,8.0,8191.9727,0
leaderboard_74_aisquared_3.0,full_ft,medium,aisquared,3.0,0,4,0,24.0,ok,1,1.0,0.406,3.5908203125,0.0138,0.005313,144.0,1.585,3.0,8.0,8191.9727,1
leaderboard_75_openassistant_8.0,full_ft,medium,openassistant,8.0,0,16,0,24.0,ok,1,1.0,0.384,16.8994140625,0.0092,0.003542,96.0,3.0,8.0,3.0,3071.9962,0
leaderboard_79_openassistant_8.0,full_ft,medium,openassistant,8.0,0,4,0,24.0,ok,1,1.0,0.384,7.2451171875,0.0368,0.014168,384.0,3.0,8.0,3.0,3071.9962,1
leaderboard_80_gpt_3.0,full_ft,medium,gpt,3.0,0,16,0,24.0,ok,1,1.0,0.39,7.3017578125,0.00345,0.00132825,36.0,1.585,3.0,8.0,8191.9727,0
leaderboard_81_mbzuai_1.0,full_ft,small,mbzuai,1.0,0,4,0,24.0,ok,1,1.0,0.38,2.9130859375,0.0046,0.001771,48.0,0.0,1.0,23.9998,24575.7542,1
leaderboard_83_openassistant_8.0,full_ft,medium,openassistant,8.0,0,16,0,24.0,ok,1,1.0,0.384,16.8994140625,0.0092,0.003542,96.0,3.0,8.0,3.0,3071.9962,0
leaderboard_84_gpt_6.0,full_ft,medium,gpt,6.0,0,16,0,24.0,ok,1,1.0,0.496,13.3955078125,0.0069,0.0026565,72.0,2.585,6.0,4.0,4095.9932,0
leaderboard_85_gpt_3.0,full_ft,medium,gpt,3.0,0,4,0,24.0,ok,1,1.0,0.362,7.1767578125,0.0138,0.005313,144.0,1.585,3.0,8.0,8191.9727,1
leaderboard_86_togethercomputer_7.0,full_ft,medium,togethercomputer,7.0,0,4,0,24.0,ok,1,1.0,0.469,6.2998046875,0.0322,0.012397,336.0,2.8074,7.0,3.4286,3510.8521,1
leaderboard_87_gpt_3.0,full_ft,medium,gpt,3.0,0,16,0,24.0,ok,1,1.0,0.362,7.1767578125,0.00345,0.00132825,36.0,1.585,3.0,8.0,8191.9727,0
leaderboard_88_pygmalionai_1.0,full_ft,small,pygmalionai,1.0,0,16,0,24.0,ok,1,1.0,0.383,4.7177734375,0.0014375,0.00055344,15.0,0.0,1.0,23.9998,24575.7542,0
leaderboard_89_aisquared_0.8,full_ft,tiny,aisquared,0.8,0,16,0,24.0,ok,1,1.0,0.358,4.1865234375,0.0014375,0.00055344,15.0,-0.3219,0.8,29.9996,30719.616,0
leaderboard_90_facebook_9.0,full_ft,medium,facebook,9.0,0,4,0,24.0,ok,1,1.0,0.398,7.3837890625,0.0414,0.015939,432.0,3.1699,9.0,2.6667,2730.6636,1
leaderboard_91_gpt_3.0,full_ft,medium,gpt,3.0,0,16,0,24.0,ok,1,1.0,0.428,7.4130859375,0.00345,0.00132825,36.0,1.585,3.0,8.0,8191.9727,0
leaderboard_92_mbzuai_1.0,full_ft,small,mbzuai,1.0,0,4,0,24.0,ok,1,1.0,0.38,2.9130859375,0.0046,0.001771,48.0,0.0,1.0,23.9998,24575.7542,1
leaderboard_94_koboldai_10.0,full_ft,large,koboldai,10.0,0,4,0,24.0,ok,1,1.0,0.426,9.1025390625,0.046,0.01771,480.0,3.3219,10.0,2.4,2457.5975,1
leaderboard_95_openassistant_10.0,full_ft,large,openassistant,10.0,0,4,0,24.0,ok,1,1.0,0.454,9.0810546875,0.046,0.01771,480.0,3.3219,10.0,2.4,2457.5975,1
leaderboard_96_gpt_3.0,full_ft,medium,gpt,3.0,0,32,0,24.0,ok,1,1.0,0.362,12.0537109375,0.001725,0.00066412,18.0,1.585,3.0,8.0,8191.9727,0
leaderboard_97_gpt_3.0,full_ft,medium,gpt,3.0,0,16,0,24.0,ok,1,1.0,0.362,7.1787109375,0.00345,0.00132825,36.0,1.585,3.0,8.0,8191.9727,0
leaderboard_98_gpt_3.0,full_ft,medium,gpt,3.0,0,8,0,24.0,ok,1,1.0,0.362,7.1767578125,0.0069,0.0026565,72.0,1.585,3.0,8.0,8191.9727,1
leaderboard_99_pygmalionai_1.0,full_ft,small,pygmalionai,1.0,0,32,0,24.0,ok,1,1.0,0.383,7.3564453125,0.0014375,0.00055344,15.0,0.0,1.0,23.9998,24575.7542,0
leaderboard_100_togethercomputer_7.0,full_ft,medium,togethercomputer,7.0,0,16,0,24.0,ok,1,1.0,0.469,14.8876953125,0.00805,0.00309925,84.0,2.8074,7.0,3.4286,3510.8521,0
leaderboard_101_gpt_3.0,full_ft,medium,gpt,3.0,0,4,0,24.0,ok,1,1.0,0.362,7.1767578125,0.0138,0.005313,144.0,1.585,3.0,8.0,8191.9727,1
leaderboard_105_pygmalionai_1.0,full_ft,small,pygmalionai,1.0,0,4,0,24.0,ok,1,1.0,0.383,3.1005859375,0.0046,0.001771,48.0,0.0,1.0,23.9998,24575.7542,1
leaderboard_106_gpt_0.4,full_ft,tiny,gpt,0.4,0,16,0,24.0,ok,1,1.0,0.337,3.1435546875,0.0014375,0.00055344,15.0,-1.3219,0.4,59.9985,61438.464,0
leaderboard_107_gpt_0.4,full_ft,tiny,gpt,0.4,0,32,0,24.0,ok,1,1.0,0.337,4.1513671875,0.0014375,0.00055344,15.0,-1.3219,0.4,59.9985,61438.464,0
leaderboard_108_pygmalionai_1.0,full_ft,small,pygmalionai,1.0,0,16,0,24.0,ok,1,1.0,0.383,4.7177734375,0.0014375,0.00055344,15.0,0.0,1.0,23.9998,24575.7542,0
leaderboard_109_koboldai_0.4,full_ft,tiny,koboldai,0.4,0,32,0,24.0,ok,1,1.0,0.342,3.3330078125,0.0014375,0.00055344,15.0,-1.3219,0.4,59.9985,61438.464,0
leaderboard_110_koboldai_0.4,full_ft,tiny,koboldai,0.4,0,16,0,24.0,ok,1,1.0,0.342,2.6572265625,0.0014375,0.00055344,15.0,-1.3219,0.4,59.9985,61438.464,0
leaderboard_111_gpt_1.0,full_ft,small,gpt,1.0,0,16,0,24.0,ok,1,1.0,0.335,4.5439453125,0.0014375,0.00055344,15.0,0.0,1.0,23.9998,24575.7542,0
leaderboard_112_gpt_1.0,full_ft,small,gpt,1.0,0,4,0,24.0,ok,1,1.0,0.335,4.5439453125,0.0046,0.001771,48.0,0.0,1.0,23.9998,24575.7542,1
leaderboard_113_gpt_6.0,full_ft,medium,gpt,6.0,0,16,0,24.0,ok,1,1.0,0.496,13.3955078125,0.0069,0.0026565,72.0,2.585,6.0,4.0,4095.9932,0
leaderboard_114_gpt_3.0,full_ft,medium,gpt,3.0,0,4,0,24.0,ok,1,1.0,0.39,3.7275390625,0.0138,0.005313,144.0,1.585,3.0,8.0,8191.9727,1
leaderboard_115_aisquared_0.8,full_ft,tiny,aisquared,0.8,0,4,0,24.0,ok,1,1.0,0.358,3.5869140625,0.00368,0.0014168,38.400000000000006,-0.3219,0.8,29.9996,30719.616,1
leaderboard_116_stabilityai_4.0,full_ft,medium,stabilityai,4.0,0,16,0,24.0,ok,1,1.0,0.343,9.0205078125,0.0046,0.001771,48.0,2.0,4.0,6.0,6143.9846,0
leaderboard_117_gpt_3.0,full_ft,medium,gpt,3.0,0,32,0,24.0,ok,1,1.0,0.428,12.5205078125,0.001725,0.00066412,18.0,1.585,3.0,8.0,8191.9727,0
leaderboard_118_gpt_0.4,full_ft,tiny,gpt,0.4,0,16,0,24.0,ok,1,1.0,0.327,3.1591796875,0.0014375,0.00055344,15.0,-1.3219,0.4,59.9985,61438.464,0
leaderboard_119_aisquared_0.8,full_ft,tiny,aisquared,0.8,0,16,0,24.0,ok,1,1.0,0.358,3.5869140625,0.0014375,0.00055344,15.0,-0.3219,0.8,29.9996,30719.616,0
leaderboard_120_gpt_0.4,full_ft,tiny,gpt,0.4,0,4,0,24.0,ok,1,1.0,0.337,2.7001953125,0.00184,0.0007084,19.200000000000003,-1.3219,0.4,59.9985,61438.464,1
leaderboard_121_gpt_2.0,full_ft,small,gpt,2.0,0,16,0,24.0,ok,1,1.0,0.38,5.0048828125,0.0023,0.0008855,24.0,1.0,2.0,11.9999,12287.9386,0
leaderboard_122_gpt_1.0,full_ft,small,gpt,1.0,0,32,0,24.0,ok,1,1.0,0.335,6.9873046875,0.0014375,0.00055344,15.0,0.0,1.0,23.9998,24575.7542,0
leaderboard_123_gpt_1.0,full_ft,small,gpt,1.0,0,4,0,24.0,ok,1,1.0,0.335,4.5439453125,0.0046,0.001771,48.0,0.0,1.0,23.9998,24575.7542,1
leaderboard_124_facebook_5.0,full_ft,medium,facebook,5.0,0,32,0,24.0,ok,1,1.0,0.377,18.9736328125,0.002875,0.00110688,30.0,2.3219,5.0,4.8,4915.1902,0
leaderboard_125_breadai_0.3,full_ft,tiny,breadai,0.3,0,16,0,24.0,ok,1,1.0,0.322,3.1572265625,0.0014375,0.00055344,15.0,-1.737,0.3,79.9973,81917.2694,0
leaderboard_126_gpt_0.4,full_ft,tiny,gpt,0.4,0,16,0,24.0,ok,1,1.0,0.337,2.7001953125,0.0014375,0.00055344,15.0,-1.3219,0.4,59.9985,61438.464,0
leaderboard_127_gpt_1.0,full_ft,small,gpt,1.0,0,8,0,24.0,ok,1,1.0,0.335,4.5439453125,0.0023,0.0008855,24.0,0.0,1.0,23.9998,24575.7542,1
leaderboard_128_breadai_0.3,full_ft,tiny,breadai,0.3,0,32,0,24.0,ok,1,1.0,0.322,4.2060546875,0.0014375,0.00055344,15.0,-1.737,0.3,79.9973,81917.2694,0
leaderboard_129_gpt_0.2,full_ft,tiny,gpt,0.2,0,16,0,24.0,ok,1,1.0,0.321,2.6884765625,0.0014375,0.00055344,15.0,-2.3219,0.2,119.994,122873.8563,0
leaderboard_130_gpt_2.0,full_ft,small,gpt,2.0,0,4,0,24.0,ok,1,1.0,0.38,5.0048828125,0.0092,0.003542,96.0,1.0,2.0,11.9999,12287.9386,1
leaderboard_131_gpt_0.2,full_ft,tiny,gpt,0.2,0,32,0,24.0,ok,1,1.0,0.321,3.1591796875,0.0014375,0.00055344,15.0,-2.3219,0.2,119.994,122873.8563,0
leaderboard_132_gpt_0.4,full_ft,tiny,gpt,0.4,0,32,0,24.0,ok,1,1.0,0.337,3.3408203125,0.0014375,0.00055344,15.0,-1.3219,0.4,59.9985,61438.464,0
leaderboard_133_breadai_0.3,full_ft,tiny,breadai,0.3,0,16,0,24.0,ok,1,1.0,0.322,2.5458984375,0.0014375,0.00055344,15.0,-1.737,0.3,79.9973,81917.2694,0
leaderboard_134_breadai_0.3,full_ft,tiny,breadai,0.3,0,4,0,24.0,ok,1,1.0,0.322,2.5458984375,0.0014375,0.00055344,15.0,-1.737,0.3,79.9973,81917.2694,1
leaderboard_135_gpt_1.0,full_ft,small,gpt,1.0,0,16,0,24.0,ok,1,1.0,0.335,4.5439453125,0.0014375,0.00055344,15.0,0.0,1.0,23.9998,24575.7542,0
leaderboard_136_stabilityai_4.0,full_ft,medium,stabilityai,4.0,0,4,0,24.0,ok,1,1.0,0.343,4.7763671875,0.0184,0.007084,192.0,2.0,4.0,6.0,6143.9846,1
leaderboard_137_gpt_0.4,full_ft,tiny,gpt,0.4,0,16,0,24.0,ok,1,1.0,0.337,2.7001953125,0.0014375,0.00055344,15.0,-1.3219,0.4,59.9985,61438.464,0
leaderboard_138_pygmalionai_1.0,full_ft,small,pygmalionai,1.0,0,4,0,24.0,ok,1,1.0,0.383,3.1005859375,0.0046,0.001771,48.0,0.0,1.0,23.9998,24575.7542,1
leaderboard_139_gpt_0.2,full_ft,tiny,gpt,0.2,0,16,0,24.0,ok,1,1.0,0.321,2.2529296875,0.0014375,0.00055344,15.0,-2.3219,0.2,119.994,122873.8563,0
leaderboard_140_gpt_0.2,full_ft,tiny,gpt,0.2,0,4,0,24.0,ok,1,1.0,0.321,2.2529296875,0.0014375,0.00055344,15.0,-2.3219,0.2,119.994,122873.8563,1
leaderboard_141_breadai_0.3,full_ft,tiny,breadai,0.3,0,32,0,24.0,ok,1,1.0,0.322,3.0751953125,0.0014375,0.00055344,15.0,-1.737,0.3,79.9973,81917.2694,0
leaderboard_142_stabilityai_4.0,full_ft,medium,stabilityai,4.0,0,16,0,24.0,ok,1,1.0,0.343,9.0205078125,0.0046,0.001771,48.0,2.0,4.0,6.0,6143.9846,0
leaderboard_143_eleutherai_0.4,full_ft,tiny,eleutherai,0.4,0,32,0,24.0,ok,1,1.0,0.332,4.1513671875,0.0014375,0.00055344,15.0,-1.3219,0.4,59.9985,61438.464,0
leaderboard_144_breadai_0.3,full_ft,tiny,breadai,0.3,0,16,0,24.0,ok,1,1.0,0.322,2.5458984375,0.0014375,0.00055344,15.0,-1.737,0.3,79.9973,81917.2694,0
leaderboard_145_gpt_0.4,full_ft,tiny,gpt,0.4,0,4,0,24.0,ok,1,1.0,0.337,2.7001953125,0.00184,0.0007084,19.200000000000003,-1.3219,0.4,59.9985,61438.464,1
leaderboard_146_pygmalionai_0.4,full_ft,tiny,pygmalionai,0.4,0,16,0,24.0,ok,1,1.0,0.322,3.1591796875,0.0014375,0.00055344,15.0,-1.3219,0.4,59.9985,61438.464,0
leaderboard_147_gpt_3.0,full_ft,medium,gpt,3.0,0,4,0,24.0,ok,1,1.0,0.39,3.7275390625,0.0138,0.005313,144.0,1.585,3.0,8.0,8191.9727,1
leaderboard_148_breadai_0.3,full_ft,tiny,breadai,0.3,0,4,0,24.0,ok,1,1.0,0.322,2.5458984375,0.0014375,0.00055344,15.0,-1.737,0.3,79.9973,81917.2694,1
leaderboard_149_breadai_0.3,full_ft,tiny,breadai,0.3,0,8,0,24.0,ok,1,1.0,0.322,2.5458984375,0.0014375,0.00055344,15.0,-1.737,0.3,79.9973,81917.2694,1
leaderboard_150_gpt_0.4,full_ft,tiny,gpt,0.4,0,8,0,24.0,ok,1,1.0,0.337,2.7001953125,0.0014375,0.00055344,15.0,-1.3219,0.4,59.9985,61438.464,1
leaderboard_151_gpt_0.2,full_ft,tiny,gpt,0.2,0,16,0,24.0,ok,1,1.0,0.321,2.2529296875,0.0014375,0.00055344,15.0,-2.3219,0.2,119.994,122873.8563,0
leaderboard_152_gpt_0.2,full_ft,tiny,gpt,0.2,0,4,0,24.0,ok,1,1.0,0.321,2.2529296875,0.0014375,0.00055344,15.0,-2.3219,0.2,119.994,122873.8563,1
leaderboard_154_gpt_0.2,full_ft,tiny,gpt,0.2,0,8,0,24.0,ok,1,1.0,0.321,2.2529296875,0.0014375,0.00055344,15.0,-2.3219,0.2,119.994,122873.8563,1
leaderboard_155_aisquared_0.8,full_ft,tiny,aisquared,0.8,0,32,0,24.0,ok,1,1.0,0.358,5.0361328125,0.0014375,0.00055344,15.0,-0.3219,0.8,29.9996,30719.616,0
leaderboard_156_gpt_3.0,full_ft,medium,gpt,3.0,0,16,0,24.0,ok,1,1.0,0.428,7.4130859375,0.00345,0.00132825,36.0,1.585,3.0,8.0,8191.9727,0
leaderboard_157_breadai_0.07,full_ft,tiny,breadai,0.07,0,32,0,24.0,ok,1,1.0,0.316,2.6572265625,0.0014375,0.00055344,15.0,-3.8365,0.07,342.8082,351035.5663,0
leaderboard_158_facebook_5.0,full_ft,medium,facebook,5.0,0,16,0,24.0,ok,1,1.0,0.377,10.8505859375,0.00575,0.00221375,60.0,2.3219,5.0,4.8,4915.1902,0
leaderboard_159_gpt_0.1,full_ft,tiny,gpt,0.1,0,16,0,24.0,ok,1,1.0,0.315,2.6552734375,0.0014375,0.00055344,15.0,-3.3219,0.1,239.976,245735.4265,0
leaderboard_160_breadai_0.07,full_ft,tiny,breadai,0.07,0,16,0,24.0,ok,1,1.0,0.316,2.1533203125,0.0014375,0.00055344,15.0,-3.8365,0.07,342.8082,351035.5663,0
leaderboard_161_gpt_0.1,full_ft,tiny,gpt,0.1,0,32,0,24.0,ok,1,1.0,0.315,3.2822265625,0.0014375,0.00055344,15.0,-3.3219,0.1,239.976,245735.4265,0
leaderboard_163_breadai_0.07,full_ft,tiny,breadai,0.07,0,32,0,24.0,ok,1,1.0,0.316,2.2919921875,0.0014375,0.00055344,15.0,-3.8365,0.07,342.8082,351035.5663,0
leaderboard_164_breadai_0.07,full_ft,tiny,breadai,0.07,0,16,0,24.0,ok,1,1.0,0.316,2.1533203125,0.0014375,0.00055344,15.0,-3.8365,0.07,342.8082,351035.5663,0
leaderboard_166_gpt_0.1,full_ft,tiny,gpt,0.1,0,16,0,24.0,ok,1,1.0,0.315,2.2412109375,0.0014375,0.00055344,15.0,-3.3219,0.1,239.976,245735.4265,0
leaderboard_167_gpt_0.1,full_ft,tiny,gpt,0.1,0,4,0,24.0,ok,1,1.0,0.315,2.2412109375,0.0014375,0.00055344,15.0,-3.3219,0.1,239.976,245735.4265,1
leaderboard_168_gpt_3.0,full_ft,medium,gpt,3.0,0,4,0,24.0,ok,1,1.0,0.428,3.9521484375,0.0138,0.005313,144.0,1.585,3.0,8.0,8191.9727,1
leaderboard_169_breadai_0.07,full_ft,tiny,breadai,0.07,0,4,0,24.0,ok,1,1.0,0.316,2.1201171875,0.0014375,0.00055344,15.0,-3.8365,0.07,342.8082,351035.5663,1
leaderboard_170_pygmalionai_0.4,full_ft,tiny,pygmalionai,0.4,0,32,0,24.0,ok,1,1.0,0.322,4.1650390625,0.0014375,0.00055344,15.0,-1.3219,0.4,59.9985,61438.464,0
leaderboard_171_gpt_0.1,full_ft,tiny,gpt,0.1,0,16,0,24.0,ok,1,1.0,0.315,2.2412109375,0.0014375,0.00055344,15.0,-3.3219,0.1,239.976,245735.4265,0
leaderboard_172_aisquared_0.8,full_ft,tiny,aisquared,0.8,0,8,0,24.0,ok,1,1.0,0.358,3.5869140625,0.00184,0.0007084,19.200000000000003,-0.3219,0.8,29.9996,30719.616,1
leaderboard_173_pygmalionai_0.4,full_ft,tiny,pygmalionai,0.4,0,16,0,24.0,ok,1,1.0,0.322,2.6103515625,0.0014375,0.00055344,15.0,-1.3219,0.4,59.9985,61438.464,0
leaderboard_174_gpt_0.1,full_ft,tiny,gpt,0.1,0,32,0,24.0,ok,1,1.0,0.315,2.4697265625,0.0014375,0.00055344,15.0,-3.3219,0.1,239.976,245735.4265,0
leaderboard_175_koboldai_0.4,full_ft,tiny,koboldai,0.4,0,4,0,24.0,ok,1,1.0,0.342,2.2529296875,0.00184,0.0007084,19.200000000000003,-1.3219,0.4,59.9985,61438.464,1
leaderboard_176_breadai_0.07,full_ft,tiny,breadai,0.07,0,4,0,24.0,ok,1,1.0,0.316,2.1201171875,0.0014375,0.00055344,15.0,-3.8365,0.07,342.8082,351035.5663,1
leaderboard_177_gpt_0.1,full_ft,tiny,gpt,0.1,0,4,0,24.0,ok,1,1.0,0.315,2.2412109375,0.0014375,0.00055344,15.0,-3.3219,0.1,239.976,245735.4265,1
leaderboard_178_gpt_0.1,full_ft,tiny,gpt,0.1,0,8,0,24.0,ok,1,1.0,0.315,2.2412109375,0.0014375,0.00055344,15.0,-3.3219,0.1,239.976,245735.4265,1
leaderboard_179_koboldai_0.2,full_ft,tiny,koboldai,0.2,0,32,0,24.0,ok,1,1.0,0.315,2.4892578125,0.0014375,0.00055344,15.0,-2.3219,0.2,119.994,122873.8563,0
leaderboard_180_koboldai_0.2,full_ft,tiny,koboldai,0.2,0,16,0,24.0,ok,1,1.0,0.315,2.2216796875,0.0014375,0.00055344,15.0,-2.3219,0.2,119.994,122873.8563,0
leaderboard_181_aisquared_0.8,full_ft,tiny,aisquared,0.8,0,16,0,24.0,ok,1,1.0,0.358,3.5869140625,0.0014375,0.00055344,15.0,-0.3219,0.8,29.9996,30719.616,0
leaderboard_182_stabilityai_4.0,full_ft,medium,stabilityai,4.0,0,4,0,24.0,ok,1,1.0,0.343,4.7763671875,0.0184,0.007084,192.0,2.0,4.0,6.0,6143.9846,1
leaderboard_183_stabilityai_4.0,full_ft,medium,stabilityai,4.0,0,32,0,24.0,ok,1,1.0,0.343,15.7958984375,0.0023,0.0008855,24.0,2.0,4.0,6.0,6143.9846,0
leaderboard_184_gpt_0.2,full_ft,tiny,gpt,0.2,0,16,0,24.0,ok,1,1.0,0.312,2.7177734375,0.0014375,0.00055344,15.0,-2.3219,0.2,119.994,122873.8563,0
leaderboard_185_facebook_30.0,full_ft,xlarge,facebook,30.0,0,4,0,24.0,ok,1,1.0,0.486,18.2099609375,0.138,0.05313,1440.0,4.9069,30.0,0.8,819.1997,1
leaderboard_186_pygmalionai_0.4,full_ft,tiny,pygmalionai,0.4,0,32,0,24.0,ok,1,1.0,0.322,3.2373046875,0.0014375,0.00055344,15.0,-1.3219,0.4,59.9985,61438.464,0
leaderboard_187_togethercomputer_7.0,full_ft,medium,togethercomputer,7.0,0,4,0,24.0,ok,1,1.0,0.469,6.2998046875,0.0322,0.012397,336.0,2.8074,7.0,3.4286,3510.8521,1
leaderboard_188_gpt_0.2,full_ft,tiny,gpt,0.2,0,32,0,24.0,ok,1,1.0,0.312,3.1669921875,0.0014375,0.00055344,15.0,-2.3219,0.2,119.994,122873.8563,0
leaderboard_189_gpt_6.0,full_ft,medium,gpt,6.0,0,4,0,24.0,ok,1,1.0,0.496,5.8525390625,0.0276,0.010626,288.0,2.585,6.0,4.0,4095.9932,1
leaderboard_190_concedo_0.03,full_ft,tiny,concedo,0.03,0,16,0,24.0,ok,1,1.0,0.31,2.2236328125,0.0014375,0.00055344,15.0,-5.0589,0.03,799.7334,818927.0243,0
leaderboard_191_concedo_0.03,full_ft,tiny,concedo,0.03,0,32,0,24.0,ok,1,1.0,0.31,2.3232421875,0.0014375,0.00055344,15.0,-5.0589,0.03,799.7334,818927.0243,0
leaderboard_192_gpt_0.4,full_ft,tiny,gpt,0.4,0,32,0,24.0,ok,1,1.0,0.327,3.4072265625,0.0014375,0.00055344,15.0,-1.3219,0.4,59.9985,61438.464,0
leaderboard_193_concedo_0.03,full_ft,tiny,concedo,0.03,0,16,0,24.0,ok,1,1.0,0.31,2.0302734375,0.0014375,0.00055344,15.0,-5.0589,0.03,799.7334,818927.0243,0
leaderboard_194_pygmalionai_0.4,full_ft,tiny,pygmalionai,0.4,0,16,0,24.0,ok,1,1.0,0.322,2.6103515625,0.0014375,0.00055344,15.0,-1.3219,0.4,59.9985,61438.464,0
leaderboard_195_concedo_0.03,full_ft,tiny,concedo,0.03,0,32,0,24.0,ok,1,1.0,0.31,2.0654296875,0.0014375,0.00055344,15.0,-5.0589,0.03,799.7334,818927.0243,0
leaderboard_196_concedo_0.03,full_ft,tiny,concedo,0.03,0,16,0,24.0,ok,1,1.0,0.31,2.0302734375,0.0014375,0.00055344,15.0,-5.0589,0.03,799.7334,818927.0243,0
leaderboard_197_aisquared_0.8,full_ft,tiny,aisquared,0.8,0,4,0,24.0,ok,1,1.0,0.358,3.5869140625,0.00368,0.0014168,38.400000000000006,-0.3219,0.8,29.9996,30719.616,1
leaderboard_198_eleutherai_0.2,full_ft,tiny,eleutherai,0.2,0,32,0,24.0,ok,1,1.0,0.312,3.1416015625,0.0014375,0.00055344,15.0,-2.3219,0.2,119.994,122873.8563,0
leaderboard_199_gpt_0.2,full_ft,tiny,gpt,0.2,0,32,0,24.0,ok,1,1.0,0.312,2.5283203125,0.0014375,0.00055344,15.0,-2.3219,0.2,119.994,122873.8563,0
leaderboard_200_koboldai_0.2,full_ft,tiny,koboldai,0.2,0,4,0,24.0,ok,1,1.0,0.315,2.1220703125,0.0014375,0.00055344,15.0,-2.3219,0.2,119.994,122873.8563,1
leaderboard_201_facebook_0.2,full_ft,tiny,facebook,0.2,0,16,0,24.0,ok,1,1.0,0.308,2.6669921875,0.0014375,0.00055344,15.0,-2.3219,0.2,119.994,122873.8563,0
leaderboard_202_roneneldan_0.007,full_ft,tiny,roneneldan,0.007,0,16,0,24.0,ok,1,1.0,0.307,2.1630859375,0.0014375,0.00055344,15.0,-6.6439,0.007,3423.6805,3505848.7874,0
leaderboard_203_roneneldan_0.007,full_ft,tiny,roneneldan,0.007,0,32,0,24.0,ok,1,1.0,0.307,2.2177734375,0.0014375,0.00055344,15.0,-6.6439,0.007,3423.6805,3505848.7874,0
leaderboard_204_gpt_0.2,full_ft,tiny,gpt,0.2,0,16,0,24.0,ok,1,1.0,0.312,2.2802734375,0.0014375,0.00055344,15.0,-2.3219,0.2,119.994,122873.8563,0
leaderboard_205_bigcode_0.2,full_ft,tiny,bigcode,0.2,0,32,0,24.0,ok,1,1.0,0.311,2.7080078125,0.0014375,0.00055344,15.0,-2.3219,0.2,119.994,122873.8563,0
leaderboard_206_facebook_0.2,full_ft,tiny,facebook,0.2,0,16,0,24.0,ok,1,1.0,0.308,2.2216796875,0.0014375,0.00055344,15.0,-2.3219,0.2,119.994,122873.8563,0
leaderboard_207_gpt_0.4,full_ft,tiny,gpt,0.4,0,16,0,24.0,ok,1,1.0,0.327,2.7548828125,0.0014375,0.00055344,15.0,-1.3219,0.4,59.9985,61438.464,0
leaderboard_208_facebook_0.2,full_ft,tiny,facebook,0.2,0,32,0,24.0,ok,1,1.0,0.308,3.1591796875,0.0014375,0.00055344,15.0,-2.3219,0.2,119.994,122873.8563,0
leaderboard_209_bigcode_0.2,full_ft,tiny,bigcode,0.2,0,16,0,24.0,ok,1,1.0,0.311,2.3720703125,0.0014375,0.00055344,15.0,-2.3219,0.2,119.994,122873.8563,0
leaderboard_210_roneneldan_0.007,full_ft,tiny,roneneldan,0.007,0,32,0,24.0,ok,1,1.0,0.307,2.0478515625,0.0014375,0.00055344,15.0,-6.6439,0.007,3423.6805,3505848.7874,0
leaderboard_211_roneneldan_0.007,full_ft,tiny,roneneldan,0.007,0,16,0,24.0,ok,1,1.0,0.307,2.0341796875,0.0014375,0.00055344,15.0,-6.6439,0.007,3423.6805,3505848.7874,0
leaderboard_212_facebook_0.2,full_ft,tiny,facebook,0.2,0,32,0,24.0,ok,1,1.0,0.308,2.4912109375,0.0014375,0.00055344,15.0,-2.3219,0.2,119.994,122873.8563,0
leaderboard_213_facebook_0.2,full_ft,tiny,facebook,0.2,0,16,0,24.0,ok,1,1.0,0.308,2.2216796875,0.0014375,0.00055344,15.0,-2.3219,0.2,119.994,122873.8563,0
leaderboard_214_concedo_0.03,full_ft,tiny,concedo,0.03,0,4,0,24.0,ok,1,1.0,0.31,2.0244140625,0.0014375,0.00055344,15.0,-5.0589,0.03,799.7334,818927.0243,1
leaderboard_215_concedo_0.03,full_ft,tiny,concedo,0.03,0,4,0,24.0,ok,1,1.0,0.31,2.0244140625,0.0014375,0.00055344,15.0,-5.0589,0.03,799.7334,818927.0243,1
leaderboard_216_eleutherai_0.2,full_ft,tiny,eleutherai,0.2,0,16,0,24.0,ok,1,1.0,0.312,2.3525390625,0.0014375,0.00055344,15.0,-2.3219,0.2,119.994,122873.8563,0
leaderboard_217_roneneldan_0.007,full_ft,tiny,roneneldan,0.007,0,4,0,24.0,ok,1,1.0,0.307,2.0322265625,0.0014375,0.00055344,15.0,-6.6439,0.007,3423.6805,3505848.7874,1
leaderboard_218_roneneldan_0.1,full_ft,tiny,roneneldan,0.1,0,16,0,24.0,ok,1,1.0,0.303,2.6650390625,0.0014375,0.00055344,15.0,-3.3219,0.1,239.976,245735.4265,0
leaderboard_219_gpt_0.2,full_ft,tiny,gpt,0.2,0,4,0,24.0,ok,1,1.0,0.312,2.1611328125,0.0014375,0.00055344,15.0,-2.3219,0.2,119.994,122873.8563,1
leaderboard_220_gpt_0.2,full_ft,tiny,gpt,0.2,0,4,0,24.0,ok,1,1.0,0.312,2.1611328125,0.0014375,0.00055344,15.0,-2.3219,0.2,119.994,122873.8563,1
leaderboard_221_roneneldan_0.1,full_ft,tiny,roneneldan,0.1,0,32,0,24.0,ok,1,1.0,0.303,3.1845703125,0.0014375,0.00055344,15.0,-3.3219,0.1,239.976,245735.4265,0
leaderboard_222_roneneldan_0.007,full_ft,tiny,roneneldan,0.007,0,4,0,24.0,ok,1,1.0,0.307,2.0322265625,0.0014375,0.00055344,15.0,-6.6439,0.007,3423.6805,3505848.7874,1
leaderboard_223_roneneldan_0.1,full_ft,tiny,roneneldan,0.1,0,32,0,24.0,ok,1,1.0,0.303,2.2744140625,0.0014375,0.00055344,15.0,-3.3219,0.1,239.976,245735.4265,0
leaderboard_224_roneneldan_0.1,full_ft,tiny,roneneldan,0.1,0,16,0,24.0,ok,1,1.0,0.303,2.1435546875,0.0014375,0.00055344,15.0,-3.3219,0.1,239.976,245735.4265,0
leaderboard_225_roneneldan_0.1,full_ft,tiny,roneneldan,0.1,0,4,0,24.0,ok,1,1.0,0.303,2.1103515625,0.0014375,0.00055344,15.0,-3.3219,0.1,239.976,245735.4265,1
leaderboard_226_roneneldan_0.1,full_ft,tiny,roneneldan,0.1,0,4,0,24.0,ok,1,1.0,0.303,2.1103515625,0.0014375,0.00055344,15.0,-3.3219,0.1,239.976,245735.4265,1
leaderboard_227_facebook_0.2,full_ft,tiny,facebook,0.2,0,4,0,24.0,ok,1,1.0,0.308,2.1220703125,0.0014375,0.00055344,15.0,-2.3219,0.2,119.994,122873.8563,1
leaderboard_228_gpt_2.0,full_ft,small,gpt,2.0,0,32,0,24.0,ok,1,1.0,0.38,7.9697265625,0.0014375,0.00055344,15.0,1.0,2.0,11.9999,12287.9386,0
leaderboard_229_openassistant_10.0,full_ft,large,openassistant,10.0,0,4,0,24.0,ok,1,1.0,0.454,9.0810546875,0.046,0.01771,480.0,3.3219,10.0,2.4,2457.5975,1
leaderboard_230_llama_30.0,full_ft,xlarge,llama,30.0,0,4,0,24.0,ok,1,1.0,0.67,19.8935546875,0.138,0.05313,1440.0,4.9069,30.0,0.8,819.1997,1
leaderboard_231_eleutherai_0.2,full_ft,tiny,eleutherai,0.2,0,32,0,24.0,ok,1,1.0,0.312,2.6748046875,0.0014375,0.00055344,15.0,-2.3219,0.2,119.994,122873.8563,0
leaderboard_232_breadai_0.07,full_ft,tiny,breadai,0.07,0,8,0,24.0,ok,1,1.0,0.316,2.1376953125,0.0014375,0.00055344,15.0,-3.8365,0.07,342.8082,351035.5663,1
leaderboard_233_eleutherai_0.2,full_ft,tiny,eleutherai,0.2,0,16,0,24.0,ok,1,1.0,0.312,2.3525390625,0.0014375,0.00055344,15.0,-2.3219,0.2,119.994,122873.8563,0
leaderboard_234_facebook_0.2,full_ft,tiny,facebook,0.2,0,4,0,24.0,ok,1,1.0,0.308,2.1220703125,0.0014375,0.00055344,15.0,-2.3219,0.2,119.994,122873.8563,1
leaderboard_236_gpt_2.0,full_ft,small,gpt,2.0,0,16,0,24.0,ok,1,1.0,0.38,5.0048828125,0.0023,0.0008855,24.0,1.0,2.0,11.9999,12287.9386,0
leaderboard_237_gpt_2.0,full_ft,small,gpt,2.0,0,8,0,24.0,ok,1,1.0,0.38,5.0048828125,0.0046,0.001771,48.0,1.0,2.0,11.9999,12287.9386,1
leaderboard_238_bigcode_0.2,full_ft,tiny,bigcode,0.2,0,4,0,24.0,ok,1,1.0,0.311,2.1943359375,0.0014375,0.00055344,15.0,-2.3219,0.2,119.994,122873.8563,1
leaderboard_239_eleutherai_0.2,full_ft,tiny,eleutherai,0.2,0,4,0,24.0,ok,1,1.0,0.312,2.2333984375,0.0014375,0.00055344,15.0,-2.3219,0.2,119.994,122873.8563,1
leaderboard_240_gpt_2.0,full_ft,small,gpt,2.0,0,4,0,24.0,ok,1,1.0,0.38,5.0048828125,0.0092,0.003542,96.0,1.0,2.0,11.9999,12287.9386,1
leaderboard_241_roneneldan_0.01,full_ft,tiny,roneneldan,0.01,0,16,0,24.0,ok,1,1.0,0.3,2.2177734375,0.0014375,0.00055344,15.0,-6.6439,0.01,2397.6024,2455144.8551,0
leaderboard_242_facebook_0.8,full_ft,tiny,facebook,0.8,0,32,0,24.0,ok,1,1.0,0.312,4.1181640625,0.0014375,0.00055344,15.0,-0.3219,0.8,29.9996,30719.616,0
leaderboard_243_roneneldan_0.01,full_ft,tiny,roneneldan,0.01,0,32,0,24.0,ok,1,1.0,0.3,2.2880859375,0.0014375,0.00055344,15.0,-6.6439,0.01,2397.6024,2455144.8551,0
leaderboard_244_roneneldan_0.08,full_ft,tiny,roneneldan,0.08,0,16,0,24.0,ok,1,1.0,0.3,2.4169921875,0.0014375,0.00055344,15.0,-3.6439,0.08,299.9625,307161.6048,0
leaderboard_245_roneneldan_0.08,full_ft,tiny,roneneldan,0.08,0,32,0,24.0,ok,1,1.0,0.3,2.6533203125,0.0014375,0.00055344,15.0,-3.6439,0.08,299.9625,307161.6048,0
leaderboard_246_eleutherai_0.4,full_ft,tiny,eleutherai,0.4,0,16,0,24.0,ok,1,1.0,0.332,2.8544921875,0.0014375,0.00055344,15.0,-1.3219,0.4,59.9985,61438.464,0
leaderboard_247_gpt_6.0,full_ft,medium,gpt,6.0,0,4,0,24.0,ok,1,1.0,0.496,5.8525390625,0.0276,0.010626,288.0,2.585,6.0,4.0,4095.9932,1
leaderboard_248_gpt_1.0,full_ft,small,gpt,1.0,0,32,0,24.0,ok,1,1.0,0.306,6.1845703125,0.0014375,0.00055344,15.0,0.0,1.0,23.9998,24575.7542,0
leaderboard_249_roneneldan_0.03,full_ft,tiny,roneneldan,0.03,0,16,0,24.0,ok,1,1.0,0.299,2.2958984375,0.0014375,0.00055344,15.0,-5.0589,0.03,799.7334,818927.0243,0
leaderboard_250_pygmalionai_0.4,full_ft,tiny,pygmalionai,0.4,0,4,0,24.0,ok,1,1.0,0.322,2.2041015625,0.00184,0.0007084,19.200000000000003,-1.3219,0.4,59.9985,61438.464,1
leaderboard_251_gpt_0.08,full_ft,tiny,gpt,0.08,0,16,0,24.0,ok,1,1.0,0.31,2.1689453125,0.0014375,0.00055344,15.0,-3.6439,0.08,299.9625,307161.6048,0
leaderboard_252_gpt_0.08,full_ft,tiny,gpt,0.08,0,32,0,24.0,ok,1,1.0,0.31,2.3212890625,0.0014375,0.00055344,15.0,-3.6439,0.08,299.9625,307161.6048,0
leaderboard_253_roneneldan_0.03,full_ft,tiny,roneneldan,0.03,0,32,0,24.0,ok,1,1.0,0.299,2.4189453125,0.0014375,0.00055344,15.0,-5.0589,0.03,799.7334,818927.0243,0
leaderboard_254_roneneldan_0.08,full_ft,tiny,roneneldan,0.08,0,32,0,24.0,ok,1,1.0,0.3,2.2197265625,0.0014375,0.00055344,15.0,-3.6439,0.08,299.9625,307161.6048,0
leaderboard_255_roneneldan_0.01,full_ft,tiny,roneneldan,0.01,0,32,0,24.0,ok,1,1.0,0.3,2.0654296875,0.0014375,0.00055344,15.0,-6.6439,0.01,2397.6024,2455144.8551,0
leaderboard_256_facebook_0.8,full_ft,tiny,facebook,0.8,0,16,0,24.0,ok,1,1.0,0.312,3.0498046875,0.0014375,0.00055344,15.0,-0.3219,0.8,29.9996,30719.616,0
leaderboard_257_corianas_0.7,full_ft,tiny,corianas,0.7,0,16,0,24.0,ok,1,1.0,0.302,4.1435546875,0.0014375,0.00055344,15.0,-0.5146,0.7,34.2852,35108.0699,0
leaderboard_258_roneneldan_0.01,full_ft,tiny,roneneldan,0.01,0,16,0,24.0,ok,1,1.0,0.3,2.0498046875,0.0014375,0.00055344,15.0,-6.6439,0.01,2397.6024,2455144.8551,0
leaderboard_259_roneneldan_0.08,full_ft,tiny,roneneldan,0.08,0,16,0,24.0,ok,1,1.0,0.3,2.1162109375,0.0014375,0.00055344,15.0,-3.6439,0.08,299.9625,307161.6048,0
leaderboard_260_gpt_0.08,full_ft,tiny,gpt,0.08,0,16,0,24.0,ok,1,1.0,0.31,2.1689453125,0.0014375,0.00055344,15.0,-3.6439,0.08,299.9625,307161.6048,0
leaderboard_261_gpt_1.0,full_ft,small,gpt,1.0,0,16,0,24.0,ok,1,1.0,0.306,4.1728515625,0.0014375,0.00055344,15.0,0.0,1.0,23.9998,24575.7542,0
leaderboard_262_roneneldan_0.03,full_ft,tiny,roneneldan,0.03,0,32,0,24.0,ok,1,1.0,0.299,2.1044921875,0.0014375,0.00055344,15.0,-5.0589,0.03,799.7334,818927.0243,0
leaderboard_263_eleutherai_0.2,full_ft,tiny,eleutherai,0.2,0,4,0,24.0,ok,1,1.0,0.312,2.2353515625,0.0014375,0.00055344,15.0,-2.3219,0.2,119.994,122873.8563,1
leaderboard_264_roneneldan_0.03,full_ft,tiny,roneneldan,0.03,0,16,0,24.0,ok,1,1.0,0.299,2.0712890625,0.0014375,0.00055344,15.0,-5.0589,0.03,799.7334,818927.0243,0
leaderboard_265_corianas_0.7,full_ft,tiny,corianas,0.7,0,16,0,24.0,ok,1,1.0,0.302,3.1982421875,0.0014375,0.00055344,15.0,-0.5146,0.7,34.2852,35108.0699,0
leaderboard_266_corianas_0.7,full_ft,tiny,corianas,0.7,0,4,0,24.0,ok,1,1.0,0.302,3.1982421875,0.00322,0.0012397,33.599999999999994,-0.5146,0.7,34.2852,35108.0699,1
leaderboard_268_gpt_0.08,full_ft,tiny,gpt,0.08,0,4,0,24.0,ok,1,1.0,0.31,2.1474609375,0.0014375,0.00055344,15.0,-3.6439,0.08,299.9625,307161.6048,1
leaderboard_269_roneneldan_0.01,full_ft,tiny,roneneldan,0.01,0,4,0,24.0,ok,1,1.0,0.3,2.0458984375,0.0014375,0.00055344,15.0,-6.6439,0.01,2397.6024,2455144.8551,1
leaderboard_270_roneneldan_0.01,full_ft,tiny,roneneldan,0.01,0,4,0,24.0,ok,1,1.0,0.3,2.0458984375,0.0014375,0.00055344,15.0,-6.6439,0.01,2397.6024,2455144.8551,1
leaderboard_271_roneneldan_0.08,full_ft,tiny,roneneldan,0.08,0,4,0,24.0,ok,1,1.0,0.3,2.0927734375,0.0014375,0.00055344,15.0,-3.6439,0.08,299.9625,307161.6048,1
leaderboard_272_gpt_0.2,full_ft,tiny,gpt,0.2,0,32,0,24.0,ok,1,1.0,0.321,2.5009765625,0.0014375,0.00055344,15.0,-2.3219,0.2,119.994,122873.8563,0
leaderboard_273_roneneldan_0.08,full_ft,tiny,roneneldan,0.08,0,4,0,24.0,ok,1,1.0,0.3,2.0927734375,0.0014375,0.00055344,15.0,-3.6439,0.08,299.9625,307161.6048,1
leaderboard_274_roneneldan_0.1,full_ft,tiny,roneneldan,0.1,0,8,0,24.0,ok,1,1.0,0.303,2.1240234375,0.0014375,0.00055344,15.0,-3.3219,0.1,239.976,245735.4265,1
leaderboard_275_roneneldan_0.03,full_ft,tiny,roneneldan,0.03,0,4,0,24.0,ok,1,1.0,0.299,2.0615234375,0.0014375,0.00055344,15.0,-5.0589,0.03,799.7334,818927.0243,1
leaderboard_276_roneneldan_0.03,full_ft,tiny,roneneldan,0.03,0,4,0,24.0,ok,1,1.0,0.299,2.0615234375,0.0014375,0.00055344,15.0,-5.0589,0.03,799.7334,818927.0243,1
leaderboard_277_gpt_0.08,full_ft,tiny,gpt,0.08,0,4,0,24.0,ok,1,1.0,0.31,2.1474609375,0.0014375,0.00055344,15.0,-3.6439,0.08,299.9625,307161.6048,1
leaderboard_278_corianas_0.7,full_ft,tiny,corianas,0.7,0,32,0,24.0,ok,1,1.0,0.302,4.3076171875,0.0014375,0.00055344,15.0,-0.5146,0.7,34.2852,35108.0699,0
leaderboard_279_corianas_0.7,full_ft,tiny,corianas,0.7,0,8,0,24.0,ok,1,1.0,0.302,3.1982421875,0.00161,0.00061985,16.799999999999997,-0.5146,0.7,34.2852,35108.0699,1
leaderboard_280_pygmalionai_0.4,full_ft,tiny,pygmalionai,0.4,0,4,0,24.0,ok,1,1.0,0.322,2.2041015625,0.00184,0.0007084,19.200000000000003,-1.3219,0.4,59.9985,61438.464,1
leaderboard_281_corianas_0.7,full_ft,tiny,corianas,0.7,0,4,0,24.0,ok,1,1.0,0.302,3.1982421875,0.00322,0.0012397,33.599999999999994,-0.5146,0.7,34.2852,35108.0699,1
leaderboard_282_corianas_0.7,full_ft,tiny,corianas,0.7,0,16,0,24.0,ok,1,1.0,0.302,3.1982421875,0.0014375,0.00055344,15.0,-0.5146,0.7,34.2852,35108.0699,0
leaderboard_283_gpt_1.0,full_ft,small,gpt,1.0,0,4,0,24.0,ok,1,1.0,0.306,2.7626953125,0.0046,0.001771,48.0,0.0,1.0,23.9998,24575.7542,1
leaderboard_284_eleutherai_0.4,full_ft,tiny,eleutherai,0.4,0,32,0,24.0,ok,1,1.0,0.332,3.5927734375,0.0014375,0.00055344,15.0,-1.3219,0.4,59.9985,61438.464,0
leaderboard_285_gpt_3.0,full_ft,medium,gpt,3.0,0,4,0,24.0,ok,1,1.0,0.428,3.9521484375,0.0138,0.005313,144.0,1.585,3.0,8.0,8191.9727,1
leaderboard_286_gpt_0.4,full_ft,tiny,gpt,0.4,0,4,0,24.0,ok,1,1.0,0.327,2.3505859375,0.00184,0.0007084,19.200000000000003,-1.3219,0.4,59.9985,61438.464,1
leaderboard_287_eleutherai_0.4,full_ft,tiny,eleutherai,0.4,0,16,0,24.0,ok,1,1.0,0.332,2.8544921875,0.0014375,0.00055344,15.0,-1.3219,0.4,59.9985,61438.464,0
leaderboard_288_eleutherai_0.4,full_ft,tiny,eleutherai,0.4,0,4,0,24.0,ok,1,1.0,0.332,2.4521484375,0.00184,0.0007084,19.200000000000003,-1.3219,0.4,59.9985,61438.464,1
leaderboard_289_gpt_0.4,full_ft,tiny,gpt,0.4,0,4,0,24.0,ok,1,1.0,0.327,2.3505859375,0.00184,0.0007084,19.200000000000003,-1.3219,0.4,59.9985,61438.464,1
leaderboard_290_concedo_0.03,full_ft,tiny,concedo,0.03,0,8,0,24.0,ok,1,1.0,0.31,2.0341796875,0.0014375,0.00055344,15.0,-5.0589,0.03,799.7334,818927.0243,1
leaderboard_292_facebook_0.8,full_ft,tiny,facebook,0.8,0,4,0,24.0,ok,1,1.0,0.312,2.6455078125,0.00368,0.0014168,38.400000000000006,-0.3219,0.8,29.9996,30719.616,1
leaderboard_293_roneneldan_0.007,full_ft,tiny,roneneldan,0.007,0,8,0,24.0,ok,1,1.0,0.307,2.0400390625,0.0014375,0.00055344,15.0,-6.6439,0.007,3423.6805,3505848.7874,1
leaderboard_294_openassistant_8.0,full_ft,medium,openassistant,8.0,0,8,0,24.0,ok,1,1.0,0.384,10.5947265625,0.0184,0.007084,192.0,3.0,8.0,3.0,3071.9962,1
leaderboard_295_eleutherai_0.4,full_ft,tiny,eleutherai,0.4,0,4,0,24.0,ok,1,1.0,0.332,2.4521484375,0.00184,0.0007084,19.200000000000003,-1.3219,0.4,59.9985,61438.464,1
leaderboard_296_roneneldan_0.08,full_ft,tiny,roneneldan,0.08,0,8,0,24.0,ok,1,1.0,0.3,2.1142578125,0.0014375,0.00055344,15.0,-3.6439,0.08,299.9625,307161.6048,1
leaderboard_297_roneneldan_0.01,full_ft,tiny,roneneldan,0.01,0,8,0,24.0,ok,1,1.0,0.3,2.0556640625,0.0014375,0.00055344,15.0,-6.6439,0.01,2397.6024,2455144.8551,1
leaderboard_298_roneneldan_0.03,full_ft,tiny,roneneldan,0.03,0,8,0,24.0,ok,1,1.0,0.299,2.0732421875,0.0014375,0.00055344,15.0,-5.0589,0.03,799.7334,818927.0243,1
leaderboard_299_beomi_6.0,full_ft,medium,beomi,6.0,0,16,0,24.0,ok,1,1.0,0.319,13.0771484375,0.0069,0.0026565,72.0,2.585,6.0,4.0,4095.9932,0
leaderboard_300_llama_30.0,full_ft,xlarge,llama,30.0,0,4,0,24.0,ok,1,1.0,0.67,19.8935546875,0.138,0.05313,1440.0,4.9069,30.0,0.8,819.1997,1
leaderboard_301_gpt_0.08,full_ft,tiny,gpt,0.08,0,16,0,24.0,ok,1,1.0,0.31,2.4208984375,0.0014375,0.00055344,15.0,-3.6439,0.08,299.9625,307161.6048,0
leaderboard_302_eleutherai_0.2,full_ft,tiny,eleutherai,0.2,0,8,0,24.0,ok,1,1.0,0.312,2.2900390625,0.0014375,0.00055344,15.0,-2.3219,0.2,119.994,122873.8563,1
leaderboard_303_facebook_5.0,full_ft,medium,facebook,5.0,0,4,0,24.0,ok,1,1.0,0.377,5.0888671875,0.023,0.008855,240.0,2.3219,5.0,4.8,4915.1902,1
leaderboard_304_gpt_0.08,full_ft,tiny,gpt,0.08,0,32,0,24.0,ok,1,1.0,0.31,2.6767578125,0.0014375,0.00055344,15.0,-3.6439,0.08,299.9625,307161.6048,0
leaderboard_305_gpt_0.08,full_ft,tiny,gpt,0.08,0,8,0,24.0,ok,1,1.0,0.31,2.1650390625,0.0014375,0.00055344,15.0,-3.6439,0.08,299.9625,307161.6048,1
leaderboard_306_koboldai_0.2,full_ft,tiny,koboldai,0.2,0,8,0,24.0,ok,1,1.0,0.315,2.1630859375,0.0014375,0.00055344,15.0,-2.3219,0.2,119.994,122873.8563,1
leaderboard_308_facebook_0.2,full_ft,tiny,facebook,0.2,0,8,0,24.0,ok,1,1.0,0.308,2.1630859375,0.0014375,0.00055344,15.0,-2.3219,0.2,119.994,122873.8563,1
leaderboard_309_beomi_6.0,full_ft,medium,beomi,6.0,0,4,0,24.0,ok,1,1.0,0.319,5.5478515625,0.0276,0.010626,288.0,2.585,6.0,4.0,4095.9932,1
leaderboard_310_gpt_20.0,full_ft,large,gpt,20.0,0,4,0,24.0,ok,1,1.0,0.467,13.8994140625,0.092,0.03542,960.0,4.3219,20.0,1.2,1228.7994,1
leaderboard_311_salesforce_7.0,full_ft,medium,salesforce,7.0,0,16,0,24.0,ok,1,1.0,0.428,15.3056640625,0.00805,0.00309925,84.0,2.8074,7.0,3.4286,3510.8521,0
leaderboard_312_beomi_6.0,full_ft,medium,beomi,6.0,0,16,0,24.0,ok,1,1.0,0.319,13.0771484375,0.0069,0.0026565,72.0,2.585,6.0,4.0,4095.9932,0
leaderboard_313_gpt_0.2,full_ft,tiny,gpt,0.2,0,8,0,24.0,ok,1,1.0,0.312,2.2216796875,0.0014375,0.00055344,15.0,-2.3219,0.2,119.994,122873.8563,1
leaderboard_314_stabilityai_4.0,full_ft,medium,stabilityai,4.0,0,8,0,24.0,ok,1,1.0,0.343,6.1513671875,0.0092,0.003542,96.0,2.0,4.0,6.0,6143.9846,1
leaderboard_317_salesforce_20.0,full_ft,large,salesforce,20.0,0,4,0,24.0,ok,1,1.0,0.462,11.3955078125,0.092,0.03542,960.0,4.3219,20.0,1.2,1228.7994,1
leaderboard_318_bigcode_0.2,full_ft,tiny,bigcode,0.2,0,8,0,24.0,ok,1,1.0,0.311,2.2685546875,0.0014375,0.00055344,15.0,-2.3219,0.2,119.994,122873.8563,1
leaderboard_321_mpt_7.0,full_ft,medium,mpt,7.0,0,8,0,24.0,ok,1,1.0,0.5,8.5263671875,0.0161,0.0061985,168.0,2.8074,7.0,3.4286,3510.8521,1
leaderboard_323_beomi_6.0,full_ft,medium,beomi,6.0,0,4,0,24.0,ok,1,1.0,0.319,0.1875,0.0276,0.010626,288.0,2.585,6.0,4.0,4095.9932,1
leaderboard_324_salesforce_7.0,full_ft,medium,salesforce,7.0,0,16,0,24.0,ok,1,1.0,0.428,15.3056640625,0.00805,0.00309925,84.0,2.8074,7.0,3.4286,3510.8521,0
leaderboard_325_salesforce_7.0,full_ft,medium,salesforce,7.0,0,4,0,24.0,ok,1,1.0,0.428,6.4619140625,0.0322,0.012397,336.0,2.8074,7.0,3.4286,3510.8521,1
leaderboard_326_gpt_20.0,full_ft,large,gpt,20.0,0,4,0,24.0,ok,1,1.0,0.467,13.8994140625,0.092,0.03542,960.0,4.3219,20.0,1.2,1228.7994,1
leaderboard_328_salesforce_20.0,full_ft,large,salesforce,20.0,0,4,0,24.0,ok,1,1.0,0.462,11.3955078125,0.092,0.03542,960.0,4.3219,20.0,1.2,1228.7994,1
leaderboard_329_salesforce_7.0,full_ft,medium,salesforce,7.0,0,4,0,24.0,ok,1,1.0,0.428,6.4619140625,0.0322,0.012397,336.0,2.8074,7.0,3.4286,3510.8521,1
leaderboard_331_gpt_1.0,full_ft,small,gpt,1.0,0,8,0,24.0,ok,1,1.0,0.306,3.2314453125,0.0023,0.0008855,24.0,0.0,1.0,23.9998,24575.7542,1
leaderboard_332_gpt_20.0,full_ft,large,gpt,20.0,0,8,0,24.0,ok,1,1.0,0.558,18.0224609375,0.046,0.01771,480.0,4.3219,20.0,1.2,1228.7994,1
leaderboard_333_pygmalionai_1.0,full_ft,small,pygmalionai,1.0,0,8,0,24.0,ok,1,1.0,0.383,3.6416015625,0.0023,0.0008855,24.0,0.0,1.0,23.9998,24575.7542,1
leaderboard_334_aisquared_1.0,full_ft,small,aisquared,1.0,0,8,0,24.0,ok,1,1.0,0.384,3.3603515625,0.0023,0.0008855,24.0,0.0,1.0,23.9998,24575.7542,1
leaderboard_336_koboldai_0.4,full_ft,tiny,koboldai,0.4,0,8,0,24.0,ok,1,1.0,0.342,2.4091796875,0.0014375,0.00055344,15.0,-1.3219,0.4,59.9985,61438.464,1
leaderboard_337_eleutherai_0.4,full_ft,tiny,eleutherai,0.4,0,8,0,24.0,ok,1,1.0,0.332,2.6123046875,0.0014375,0.00055344,15.0,-1.3219,0.4,59.9985,61438.464,1
leaderboard_338_mbzuai_1.0,full_ft,small,mbzuai,1.0,0,8,0,24.0,ok,1,1.0,0.38,3.4541015625,0.0023,0.0008855,24.0,0.0,1.0,23.9998,24575.7542,1
leaderboard_339_salesforce_20.0,full_ft,large,salesforce,20.0,0,32,0,24.0,ok,1,1.0,0.462,0.1875,0.0115,0.0044275,120.0,4.3219,20.0,1.2,1228.7994,0
leaderboard_340_facebook_0.8,full_ft,tiny,facebook,0.8,0,8,0,24.0,ok,1,1.0,0.312,2.8017578125,0.00184,0.0007084,19.200000000000003,-0.3219,0.8,29.9996,30719.616,1
leaderboard_341_pygmalionai_0.4,full_ft,tiny,pygmalionai,0.4,0,8,0,24.0,ok,1,1.0,0.322,2.3603515625,0.0014375,0.00055344,15.0,-1.3219,0.4,59.9985,61438.464,1
leaderboard_343_gpt_0.4,full_ft,tiny,gpt,0.4,0,8,0,24.0,ok,1,1.0,0.327,2.4873046875,0.0014375,0.00055344,15.0,-1.3219,0.4,59.9985,61438.464,1
leaderboard_344_beomi_6.0,full_ft,medium,beomi,6.0,0,8,0,24.0,ok,1,1.0,0.319,7.9658203125,0.0138,0.005313,144.0,2.585,6.0,4.0,4095.9932,1
leaderboard_345_gpt_3.0,full_ft,medium,gpt,3.0,0,8,0,24.0,ok,1,1.0,0.428,5.2099609375,0.0069,0.0026565,72.0,1.585,3.0,8.0,8191.9727,1
leaderboard_346_togethercomputer_7.0,full_ft,medium,togethercomputer,7.0,0,8,0,24.0,ok,1,1.0,0.469,9.0439453125,0.0161,0.0061985,168.0,2.8074,7.0,3.4286,3510.8521,1
leaderboard_347_facebook_7.0,full_ft,medium,facebook,7.0,0,8,0,24.0,ok,1,1.0,0.419,8.5009765625,0.0161,0.0061985,168.0,2.8074,7.0,3.4286,3510.8521,1
leaderboard_349_koboldai_7.0,full_ft,medium,koboldai,7.0,0,8,0,24.0,ok,1,1.0,0.426,8.4853515625,0.0161,0.0061985,168.0,2.8074,7.0,3.4286,3510.8521,1
leaderboard_350_baichuan_7.0,full_ft,medium,baichuan,7.0,0,8,0,24.0,ok,1,1.0,0.474,9.6630859375,0.0161,0.0061985,168.0,2.8074,7.0,3.4286,3510.8521,1
leaderboard_351_aisquared_3.0,full_ft,medium,aisquared,3.0,0,8,0,24.0,ok,1,1.0,0.406,4.7275390625,0.0069,0.0026565,72.0,1.585,3.0,8.0,8191.9727,1
leaderboard_352_koboldai_3.0,full_ft,medium,koboldai,3.0,0,8,0,24.0,ok,1,1.0,0.401,4.7275390625,0.0069,0.0026565,72.0,1.585,3.0,8.0,8191.9727,1
leaderboard_353_facebook_9.0,full_ft,medium,facebook,9.0,0,8,0,24.0,ok,1,1.0,0.398,10.0712890625,0.0207,0.0079695,216.0,3.1699,9.0,2.6667,2730.6636,1
leaderboard_355_openassistant_10.0,full_ft,large,openassistant,10.0,0,8,0,24.0,ok,1,1.0,0.454,13.9091796875,0.023,0.008855,240.0,3.3219,10.0,2.4,2457.5975,1
leaderboard_356_llama_3.0,full_ft,medium,llama,3.0,0,8,0,24.0,ok,1,1.0,0.434,5.7216796875,0.0069,0.0026565,72.0,1.585,3.0,8.0,8191.9727,1
leaderboard_357_gpt_3.0,full_ft,medium,gpt,3.0,0,8,0,24.0,ok,1,1.0,0.39,4.9130859375,0.0069,0.0026565,72.0,1.585,3.0,8.0,8191.9727,1
leaderboard_358_llama_7.0,full_ft,medium,llama,7.0,0,8,0,24.0,ok,1,1.0,0.582,8.9736328125,0.0161,0.0061985,168.0,2.8074,7.0,3.4286,3510.8521,1
leaderboard_359_gpt_6.0,full_ft,medium,gpt,6.0,0,8,0,24.0,ok,1,1.0,0.496,8.2548828125,0.0138,0.005313,144.0,2.585,6.0,4.0,4095.9932,1
leaderboard_360_salesforce_20.0,full_ft,large,salesforce,20.0,0,8,0,24.0,ok,1,1.0,0.462,18.0166015625,0.046,0.01771,480.0,4.3219,20.0,1.2,1228.7994,1
leaderboard_361_salesforce_7.0,full_ft,medium,salesforce,7.0,0,8,0,24.0,ok,1,1.0,0.428,9.2548828125,0.0161,0.0061985,168.0,2.8074,7.0,3.4286,3510.8521,1
leaderboard_362_koboldai_10.0,full_ft,large,koboldai,10.0,0,8,0,24.0,ok,1,1.0,0.426,14.3896484375,0.023,0.008855,240.0,3.3219,10.0,2.4,2457.5975,1
leaderboard_363_gpt_20.0,full_ft,large,gpt,20.0,0,8,0,24.0,ok,1,1.0,0.467,22.2451171875,0.046,0.01771,480.0,4.3219,20.0,1.2,1228.7994,1
leaderboard_365_llama_10.0,full_ft,large,llama,10.0,0,8,0,24.0,ok,1,1.0,0.626,15.1591796875,0.023,0.008855,240.0,3.3219,10.0,2.4,2457.5975,1
leaderboard_366_facebook_5.0,full_ft,medium,facebook,5.0,0,8,0,24.0,ok,1,1.0,0.377,6.7880859375,0.0115,0.0044275,120.0,2.3219,5.0,4.8,4915.1902,1
energy_0_gpt_175.0,full_ft,huge,gpt,175.0,0,16,0,80.0,ok,1,1.0,0.462,72.0,1287000.0,552000.0,1278720.0,7.4512,175.0,0.4571,468.1143,0
energy_1_gpt_1800.0,full_ft,huge,gpt,1800.0,0,16,0,80.0,ok,1,1.0,0.462,72.0,16099378.0,5184000.0,7776000.0,10.8138,1800.0,0.0444,45.5111,0
energy_2_palm_540.0,full_ft,huge,palm,540.0,0,16,0,80.0,ok,1,1.0,0.462,72.0,3436000.0,271400.0,4320000.0,9.0768,540.0,0.1481,151.7037,0
energy_3_bloom_176.0,full_ft,huge,bloom,176.0,0,16,0,80.0,ok,1,1.0,0.462,72.0,433196.0,24700.0,10152000.0,7.4594,176.0,0.4545,465.4545,0
energy_4_deepseek_671.0,full_ft,huge,deepseek,671.0,0,16,0,80.0,ok,1,1.0,0.462,72.0,1123598.0,629215.0,4899600.0,9.3902,671.0,0.1192,122.0864,0
energy_5_llama_405.0,full_ft,huge,llama,405.0,0,16,0,80.0,ok,1,1.0,0.462,72.0,24841800.0,8930000.0,6940800.0,8.6618,405.0,0.1975,202.2716,0
energy_6_claude_2000.0,full_ft,huge,claude,2000.0,0,16,0,80.0,ok,1,1.0,0.462,72.0,3.45,1.32825,24000.0,10.9658,2000.0,0.04,40.96,0
energy_7_claude_70.0,full_ft,xlarge,claude,70.0,0,16,0,80.0,ok,1,1.0,0.462,72.0,0.12075,0.04648875,840.0,6.1293,70.0,1.1429,1170.2855,0
energy_8_claude_20.0,full_ft,large,claude,20.0,0,16,0,80.0,ok,1,1.0,0.462,40.0,0.0345,0.0132825,240.0,4.3219,20.0,4.0,4095.998,0
energy_9_gemini10ultra_550.0,full_ft,huge,gemini10ultra,550.0,0,16,0,80.0,ok,1,1.0,0.462,72.0,0.94875,0.36526875,6600.0,9.1033,550.0,0.1455,148.9455,0
energy_10_gemini15pro_nan,full_ft,medium,gemini15pro,7.0,0,16,0,80.0,ok,1,1.0,0.462,14.0,0.012075,0.00464888,84.0,2.8074,7.0,11.4286,11702.8404,0
energy_11_t5_11.0,full_ft,large,t5,11.0,0,16,0,80.0,ok,1,1.0,0.462,22.0,123900.0,46700.0,1728000.0,3.4594,11.0,7.2727,7447.266,0
energy_12_gshard_619.0,full_ft,huge,gshard,619.0,0,16,0,80.0,ok,1,1.0,0.462,72.0,36403.0,4300.0,267840.0,9.2738,619.0,0.1292,132.3425,0
energy_13_switch_1500.0,full_ft,huge,switch,1500.0,0,16,0,80.0,ok,1,1.0,0.462,72.0,320760.0,59100.0,2332800.0,10.5507,1500.0,0.0533,54.6133,0
energy_14_xlm_0.55,full_ft,tiny,xlm,0.55,0,16,0,80.0,ok,1,1.0,0.462,1.5,82637.0,39000.0,1762560.0,-0.8625,0.55,145.4519,148942.7465,0
energy_15_chinchilla_70.0,full_ft,xlarge,chinchilla,70.0,0,16,0,80.0,ok,1,1.0,0.462,72.0,0.12075,0.04648875,840.0,6.1293,70.0,1.1429,1170.2855,0
energy_16_glam_1200.0,full_ft,huge,glam,1200.0,0,16,0,80.0,ok,1,1.0,0.462,72.0,429000.0,165165.0,14400.0,10.2288,1200.0,0.0667,68.2667,0
energy_17_falcon_180.0,full_ft,huge,falcon,180.0,0,16,0,80.0,ok,1,1.0,0.462,72.0,3222000.0,1870000.0,6152400.0,7.4919,180.0,0.4444,455.1111,0
energy_18_mistral_7.3,full_ft,medium,mistral,7.3,0,16,0,80.0,ok,1,1.0,0.81,14.6,0.0125925,0.00484811,87.6,2.8679,7.3,10.9589,11221.9024,0
energy_19_mistral_47.0,full_ft,xlarge,mistral,47.0,0,16,0,80.0,ok,1,1.0,0.462,72.0,0.081075,0.03121388,564.0,5.5546,47.0,1.7021,1742.9784,0
energy_20_qwen_72.0,full_ft,xlarge,qwen,72.0,0,16,0,80.0,ok,1,1.0,0.462,72.0,0.1242,0.047817,864.0,6.1699,72.0,1.1111,1137.7776,0
energy_21_yi_34.0,full_ft,xlarge,yi,34.0,0,16,0,80.0,ok,1,1.0,0.462,68.0,15360.0,5913.6,864000.0,5.0875,34.0,2.3529,2409.4111,0
energy_22_grok3_2700.0,full_ft,huge,grok3,2700.0,0,16,0,80.0,ok,1,1.0,0.462,72.0,154000000.0,49588000.0,3600000.0,11.3987,2700.0,0.0296,30.3407,0
energy_23_gopher_280.0,full_ft,huge,gopher,280.0,0,16,0,80.0,ok,1,1.0,0.462,72.0,1066000.0,352000.0,3360.0,8.1293,280.0,0.2857,292.5714,0
energy_24_opt_175.0,full_ft,huge,opt,175.0,0,16,0,80.0,ok,1,1.0,0.462,72.0,324000.0,124740.0,2100.0,7.4512,175.0,0.4571,468.1143,0
energy_25_gemma_7.0,full_ft,medium,gemma,7.0,0,16,0,80.0,ok,1,1.0,0.462,14.0,0.012075,0.00464888,84.0,2.8074,7.0,11.4286,11702.8404,0
energy_26_vicuna_7.0,full_ft,medium,vicuna,7.0,0,16,0,80.0,ok,1,1.0,0.462,14.0,0.012075,0.00464888,84.0,2.8074,7.0,11.4286,11702.8404,0
pricing_0_aaopennessindex_nan,full_ft,medium,aaopennessindex,7.0,0,16,0,24.0,ok,1,1.0,0.462,14.0,0.00805,0.00309925,84.0,2.8074,7.0,3.4286,3510.8521,0
pricing_1_aammlu_nan,full_ft,medium,aammlu,7.0,0,16,0,24.0,ok,1,1.0,0.462,14.0,0.00805,0.00309925,84.0,2.8074,7.0,3.4286,3510.8521,0
pricing_2_mmlu_nan,full_ft,medium,mmlu,7.0,0,16,0,24.0,ok,1,1.0,0.462,14.0,0.00805,0.00309925,84.0,2.8074,7.0,3.4286,3510.8521,0
pricing_3_gpqa_nan,full_ft,medium,gpqa,7.0,0,16,0,24.0,ok,1,1.0,0.462,14.0,0.00805,0.00309925,84.0,2.8074,7.0,3.4286,3510.8521,0
pricing_4_gpqa_nan,full_ft,medium,gpqa,7.0,0,16,0,24.0,ok,1,1.0,0.462,14.0,0.00805,0.00309925,84.0,2.8074,7.0,3.4286,3510.8521,0
pricing_5_supergpqa_nan,full_ft,medium,supergpqa,7.0,0,16,0,24.0,ok,1,1.0,0.462,14.0,0.00805,0.00309925,84.0,2.8074,7.0,3.4286,3510.8521,0
pricing_6_mmlu_nan,full_ft,medium,mmlu,7.0,0,16,0,24.0,ok,1,1.0,0.462,14.0,0.00805,0.00309925,84.0,2.8074,7.0,3.4286,3510.8521,0
pricing_7_agieval_nan,full_ft,medium,agieval,7.0,0,16,0,24.0,ok,1,1.0,0.462,14.0,0.00805,0.00309925,84.0,2.8074,7.0,3.4286,3510.8521,0
pricing_8_hle_nan,full_ft,medium,hle,7.0,0,16,0,24.0,ok,1,1.0,0.462,14.0,0.00805,0.00309925,84.0,2.8074,7.0,3.4286,3510.8521,0
pricing_9_frontierscience_nan,full_ft,medium,frontierscience,7.0,0,16,0,24.0,ok,1,1.0,0.462,14.0,0.00805,0.00309925,84.0,2.8074,7.0,3.4286,3510.8521,0
pricing_10_artificialanalysisintelligenceindex_nan,full_ft,medium,artificialanalysisintelligenceindex,7.0,0,16,0,24.0,ok,1,1.0,0.462,14.0,0.00805,0.00309925,84.0,2.8074,7.0,3.4286,3510.8521,0
pricing_11_aa_nan,full_ft,medium,aa,7.0,0,16,0,24.0,ok,1,1.0,0.462,14.0,0.00805,0.00309925,84.0,2.8074,7.0,3.4286,3510.8521,0
pricing_12_aa_nan,full_ft,medium,aa,7.0,0,16,0,24.0,ok,1,1.0,0.462,14.0,0.00805,0.00309925,84.0,2.8074,7.0,3.4286,3510.8521,0
pricing_13_aa_nan,full_ft,medium,aa,7.0,0,16,0,24.0,ok,1,1.0,0.462,14.0,0.00805,0.00309925,84.0,2.8074,7.0,3.4286,3510.8521,0
pricing_14_aa_nan,full_ft,medium,aa,7.0,0,16,0,24.0,ok,1,1.0,0.462,14.0,0.00805,0.00309925,84.0,2.8074,7.0,3.4286,3510.8521,0
pricing_15_aa_nan,full_ft,medium,aa,7.0,0,16,0,24.0,ok,1,1.0,0.462,14.0,0.00805,0.00309925,84.0,2.8074,7.0,3.4286,3510.8521,0
pricing_16_simpleqa_nan,full_ft,medium,simpleqa,7.0,0,16,0,24.0,ok,1,1.0,0.462,14.0,0.00805,0.00309925,84.0,2.8074,7.0,3.4286,3510.8521,0
pricing_17_chinese_nan,full_ft,medium,chinese,7.0,0,16,0,24.0,ok,1,1.0,0.462,14.0,0.00805,0.00309925,84.0,2.8074,7.0,3.4286,3510.8521,0
pricing_18_openbookqa_nan,full_ft,medium,openbookqa,7.0,0,16,0,24.0,ok,1,1.0,0.462,14.0,0.00805,0.00309925,84.0,2.8074,7.0,3.4286,3510.8521,0
pricing_19_healthbenchhard_nan,full_ft,medium,healthbenchhard,7.0,0,16,0,24.0,ok,1,1.0,0.462,14.0,0.00805,0.00309925,84.0,2.8074,7.0,3.4286,3510.8521,0
pricing_20_healthbenchprofessional_nan,full_ft,medium,healthbenchprofessional,7.0,0,16,0,24.0,ok,1,1.0,0.462,14.0,0.00805,0.00309925,84.0,2.8074,7.0,3.4286,3510.8521,0
pricing_21_medxpertqatext_nan,full_ft,medium,medxpertqatext,7.0,0,16,0,24.0,ok,1,1.0,0.462,14.0,0.00805,0.00309925,84.0,2.8074,7.0,3.4286,3510.8521,0
pricing_22_frontierscienceresearch_nan,full_ft,medium,frontierscienceresearch,7.0,0,16,0,24.0,ok,1,1.0,0.462,14.0,0.00805,0.00309925,84.0,2.8074,7.0,3.4286,3510.8521,0
pricing_23_truthfulqa_nan,full_ft,medium,truthfulqa,7.0,0,16,0,24.0,ok,1,1.0,0.462,14.0,0.00805,0.00309925,84.0,2.8074,7.0,3.4286,3510.8521,0
pricing_24_hlew_nan,full_ft,medium,hlew,7.0,0,16,0,24.0,ok,1,1.0,0.462,14.0,0.00805,0.00309925,84.0,2.8074,7.0,3.4286,3510.8521,0
pricing_25_mmlu_nan,full_ft,medium,mmlu,7.0,0,16,0,24.0,ok,1,1.0,0.462,14.0,0.00805,0.00309925,84.0,2.8074,7.0,3.4286,3510.8521,0
pricing_26_mmlu_nan,full_ft,medium,mmlu,7.0,0,16,0,24.0,ok,1,1.0,0.462,14.0,0.00805,0.00309925,84.0,2.8074,7.0,3.4286,3510.8521,0
pricing_27_mmmlu_nan,full_ft,medium,mmmlu,7.0,0,16,0,24.0,ok,1,1.0,0.462,14.0,0.00805,0.00309925,84.0,2.8074,7.0,3.4286,3510.8521,0
pricing_28_c_nan,full_ft,medium,c,7.0,0,16,0,24.0,ok,1,1.0,0.462,14.0,0.00805,0.00309925,84.0,2.8074,7.0,3.4286,3510.8521,0
pricing_29_cmmlu_nan,full_ft,medium,cmmlu,7.0,0,16,0,24.0,ok,1,1.0,0.462,14.0,0.00805,0.00309925,84.0,2.8074,7.0,3.4286,3510.8521,0
pricing_30_multiloko_nan,full_ft,medium,multiloko,7.0,0,16,0,24.0,ok,1,1.0,0.462,14.0,0.00805,0.00309925,84.0,2.8074,7.0,3.4286,3510.8521,0
pricing_31_factsparametric_nan,full_ft,medium,factsparametric,7.0,0,16,0,24.0,ok,1,1.0,0.462,14.0,0.00805,0.00309925,84.0,2.8074,7.0,3.4286,3510.8521,0
pricing_32_triviaqa_nan,full_ft,medium,triviaqa,7.0,0,16,0,24.0,ok,1,1.0,0.462,14.0,0.00805,0.00309925,84.0,2.8074,7.0,3.4286,3510.8521,0
pricing_33_aalivecodebench_nan,full_ft,medium,aalivecodebench,7.0,0,16,0,24.0,ok,1,1.0,0.462,14.0,0.00805,0.00309925,84.0,2.8074,7.0,3.4286,3510.8521,0
pricing_34_aaterminal_2.1,full_ft,small,aaterminal,2.1,0,16,0,24.0,ok,1,1.0,0.462,4.2,0.002415,0.00092978,25.200000000000003,1.0704,2.1,11.4285,11702.8014,0
pricing_35_humaneval_nan,full_ft,medium,humaneval,7.0,0,16,0,24.0,ok,1,1.0,0.462,14.0,0.00805,0.00309925,84.0,2.8074,7.0,3.4286,3510.8521,0
pricing_36_bigcodebench_nan,full_ft,medium,bigcodebench,7.0,0,16,0,24.0,ok,1,1.0,0.462,14.0,0.00805,0.00309925,84.0,2.8074,7.0,3.4286,3510.8521,0
pricing_37_codeforces_nan,full_ft,medium,codeforces,7.0,0,16,0,24.0,ok,1,1.0,0.462,14.0,0.00805,0.00309925,84.0,2.8074,7.0,3.4286,3510.8521,0
pricing_38_terminal_2.0,full_ft,small,terminal,2.0,0,16,0,24.0,ok,1,1.0,0.462,4.0,0.0023,0.0008855,24.0,1.0,2.0,11.9999,12287.9386,0
pricing_39_swe_nan,full_ft,medium,swe,7.0,0,16,0,24.0,ok,1,1.0,0.462,14.0,0.00805,0.00309925,84.0,2.8074,7.0,3.4286,3510.8521,0
pricing_40_swe_nan,full_ft,medium,swe,7.0,0,16,0,24.0,ok,1,1.0,0.462,14.0,0.00805,0.00309925,84.0,2.8074,7.0,3.4286,3510.8521,0
pricing_41_livecodebench_nan,full_ft,medium,livecodebench,7.0,0,16,0,24.0,ok,1,1.0,0.462,14.0,0.00805,0.00309925,84.0,2.8074,7.0,3.4286,3510.8521,0
pricing_42_livecodebenchv6_6.0,full_ft,medium,livecodebenchv6,6.0,0,16,0,24.0,ok,1,1.0,0.462,12.0,0.0069,0.0026565,72.0,2.585,6.0,4.0,4095.9932,0
pricing_43_livecodebenchv5_5.0,full_ft,medium,livecodebenchv5,5.0,0,16,0,24.0,ok,1,1.0,0.462,10.0,0.00575,0.00221375,60.0,2.3219,5.0,4.8,4915.1902,0
pricing_44_livecodebenchpass1_1.0,full_ft,small,livecodebenchpass1,1.0,0,16,0,24.0,ok,1,1.0,0.462,2.0,0.0014375,0.00055344,15.0,0.0,1.0,23.9998,24575.7542,0
pricing_45_livecodebenchpro_nan,full_ft,medium,livecodebenchpro,7.0,0,16,0,24.0,ok,1,1.0,0.462,14.0,0.00805,0.00309925,84.0,2.8074,7.0,3.4286,3510.8521,0
pricing_46_flteval_nan,full_ft,medium,flteval,7.0,0,16,0,24.0,ok,1,1.0,0.462,14.0,0.00805,0.00309925,84.0,2.8074,7.0,3.4286,3510.8521,0
pricing_47_swe_nan,full_ft,medium,swe,7.0,0,16,0,24.0,ok,1,1.0,0.462,14.0,0.00805,0.00309925,84.0,2.8074,7.0,3.4286,3510.8521,0
pricing_48_seniorswe_nan,full_ft,medium,seniorswe,7.0,0,16,0,24.0,ok,1,1.0,0.462,14.0,0.00805,0.00309925,84.0,2.8074,7.0,3.4286,3510.8521,0
pricing_49_frontiercode_nan,full_ft,medium,frontiercode,7.0,0,16,0,24.0,ok,1,1.0,0.462,14.0,0.00805,0.00309925,84.0,2.8074,7.0,3.4286,3510.8521,0
pricing_50_frontiercode11extended_1.1,full_ft,small,frontiercode11extended,1.1,0,16,0,24.0,ok,1,1.0,0.462,2.2,0.0014375,0.00055344,15.0,0.1375,1.1,21.818,22341.6151,0
pricing_51_swemultilingual_nan,full_ft,medium,swemultilingual,7.0,0,16,0,24.0,ok,1,1.0,0.462,14.0,0.00805,0.00309925,84.0,2.8074,7.0,3.4286,3510.8521,0
pricing_52_swemultimodal_nan,full_ft,medium,swemultimodal,7.0,0,16,0,24.0,ok,1,1.0,0.462,14.0,0.00805,0.00309925,84.0,2.8074,7.0,3.4286,3510.8521,0
pricing_53_cursorbench_nan,full_ft,medium,cursorbench,7.0,0,16,0,24.0,ok,1,1.0,0.462,14.0,0.00805,0.00309925,84.0,2.8074,7.0,3.4286,3510.8521,0
pricing_54_multi_nan,full_ft,medium,multi,7.0,0,16,0,24.0,ok,1,1.0,0.462,14.0,0.00805,0.00309925,84.0,2.8074,7.0,3.4286,3510.8521,0
pricing_55_vibe_nan,full_ft,medium,vibe,7.0,0,16,0,24.0,ok,1,1.0,0.462,14.0,0.00805,0.00309925,84.0,2.8074,7.0,3.4286,3510.8521,0
pricing_56_vibecodebench_nan,full_ft,medium,vibecodebench,7.0,0,16,0,24.0,ok,1,1.0,0.462,14.0,0.00805,0.00309925,84.0,2.8074,7.0,3.4286,3510.8521,0
pricing_57_programbench_nan,full_ft,medium,programbench,7.0,0,16,0,24.0,ok,1,1.0,0.462,14.0,0.00805,0.00309925,84.0,2.8074,7.0,3.4286,3510.8521,0
pricing_58_kimicodebenchv2_2.0,full_ft,small,kimicodebenchv2,2.0,0,16,0,24.0,ok,1,1.0,0.462,4.0,0.0023,0.0008855,24.0,1.0,2.0,11.9999,12287.9386,0
pricing_59_mls_nan,full_ft,medium,mls,7.0,0,16,0,24.0,ok,1,1.0,0.462,14.0,0.00805,0.00309925,84.0,2.8074,7.0,3.4286,3510.8521,0
pricing_60_nl2repo_2.0,full_ft,small,nl2repo,2.0,0,16,0,24.0,ok,1,1.0,0.462,4.0,0.0023,0.0008855,24.0,1.0,2.0,11.9999,12287.9386,0
pricing_61_reactnativeevals_nan,full_ft,medium,reactnativeevals,7.0,0,16,0,24.0,ok,1,1.0,0.462,14.0,0.00805,0.00309925,84.0,2.8074,7.0,3.4286,3510.8521,0
pricing_62_nextjsevals_nan,full_ft,medium,nextjsevals,7.0,0,16,0,24.0,ok,1,1.0,0.462,14.0,0.00805,0.00309925,84.0,2.8074,7.0,3.4286,3510.8521,0
pricing_63_swe_nan,full_ft,medium,swe,7.0,0,16,0,24.0,ok,1,1.0,0.462,14.0,0.00805,0.00309925,84.0,2.8074,7.0,3.4286,3510.8521,0
pricing_64_spider20_2.0,full_ft,small,spider20,2.0,0,16,0,24.0,ok,1,1.0,0.462,4.0,0.0023,0.0008855,24.0,1.0,2.0,11.9999,12287.9386,0
pricing_65_scicode_nan,full_ft,medium,scicode,7.0,0,16,0,24.0,ok,1,1.0,0.462,14.0,0.00805,0.00309925,84.0,2.8074,7.0,3.4286,3510.8521,0
pricing_66_aacodingindex_nan,full_ft,medium,aacodingindex,7.0,0,16,0,24.0,ok,1,1.0,0.462,14.0,0.00805,0.00309925,84.0,2.8074,7.0,3.4286,3510.8521,0
pricing_67_aacodingagents_nan,full_ft,medium,aacodingagents,7.0,0,16,0,24.0,ok,1,1.0,0.462,14.0,0.00805,0.00309925,84.0,2.8074,7.0,3.4286,3510.8521,0
pricing_68_aa_nan,full_ft,medium,aa,7.0,0,16,0,24.0,ok,1,1.0,0.462,14.0,0.00805,0.00309925,84.0,2.8074,7.0,3.4286,3510.8521,0
pricing_69_terminal_nan,full_ft,medium,terminal,7.0,0,16,0,24.0,ok,1,1.0,0.462,14.0,0.00805,0.00309925,84.0,2.8074,7.0,3.4286,3510.8521,0
pricing_70_vibev2_2.0,full_ft,small,vibev2,2.0,0,16,0,24.0,ok,1,1.0,0.462,4.0,0.0023,0.0008855,24.0,1.0,2.0,11.9999,12287.9386,0
pricing_71_svg_nan,full_ft,medium,svg,7.0,0,16,0,24.0,ok,1,1.0,0.462,14.0,0.00805,0.00309925,84.0,2.8074,7.0,3.4286,3510.8521,0
pricing_72_kernelbenchhard_nan,full_ft,medium,kernelbenchhard,7.0,0,16,0,24.0,ok,1,1.0,0.462,14.0,0.00805,0.00309925,84.0,2.8074,7.0,3.4286,3510.8521,0
pricing_73_edgebench_nan,full_ft,medium,edgebench,7.0,0,16,0,24.0,ok,1,1.0,0.462,14.0,0.00805,0.00309925,84.0,2.8074,7.0,3.4286,3510.8521,0
pricing_74_aaaime2025_2025.0,full_ft,huge,aaaime2025,2025.0,0,16,0,24.0,ok,1,1.0,0.462,21.6,2.32875,0.89656875,24300.0,10.9837,2025.0,0.0119,12.1363,0
pricing_75_aamath_500.0,full_ft,huge,aamath,500.0,0,16,0,24.0,ok,1,1.0,0.462,21.6,0.575,0.221375,6000.0,8.9658,500.0,0.048,49.152,0
pricing_76_aime2023_2023.0,full_ft,huge,aime2023,2023.0,0,16,0,24.0,ok,1,1.0,0.462,21.6,2.32645,0.89568325,24276.0,10.9823,2023.0,0.0119,12.1483,0
pricing_77_aime2024_2024.0,full_ft,huge,aime2024,2024.0,0,16,0,24.0,ok,1,1.0,0.462,21.6,2.3276,0.896126,24288.0,10.983,2024.0,0.0119,12.1423,0
pricing_78_aime2025_2025.0,full_ft,huge,aime2025,2025.0,0,16,0,24.0,ok,1,1.0,0.462,21.6,2.32875,0.89656875,24300.0,10.9837,2025.0,0.0119,12.1363,0
pricing_79_gsm8k_8.0,full_ft,medium,gsm8k,8.0,0,16,0,24.0,ok,1,1.0,0.462,16.0,0.0092,0.003542,96.0,3.0,8.0,3.0,3071.9962,0
pricing_80_math_nan,full_ft,medium,math,7.0,0,16,0,24.0,ok,1,1.0,0.462,14.0,0.00805,0.00309925,84.0,2.8074,7.0,3.4286,3510.8521,0
pricing_81_cmath_nan,full_ft,medium,cmath,7.0,0,16,0,24.0,ok,1,1.0,0.462,14.0,0.00805,0.00309925,84.0,2.8074,7.0,3.4286,3510.8521,0
pricing_82_aime25arcee_25.0,full_ft,large,aime25arcee,25.0,0,16,0,24.0,ok,1,1.0,0.462,21.6,0.02875,0.01106875,300.0,4.6439,25.0,0.96,983.0396,0
pricing_83_hmmtfeb2023_2023.0,full_ft,huge,hmmtfeb2023,2023.0,0,16,0,24.0,ok,1,1.0,0.462,21.6,2.32645,0.89568325,24276.0,10.9823,2023.0,0.0119,12.1483,0
pricing_84_hmmtfeb2024_2024.0,full_ft,huge,hmmtfeb2024,2024.0,0,16,0,24.0,ok,1,1.0,0.462,21.6,2.3276,0.896126,24288.0,10.983,2024.0,0.0119,12.1423,0
pricing_85_hmmtfeb2025_2025.0,full_ft,huge,hmmtfeb2025,2025.0,0,16,0,24.0,ok,1,1.0,0.462,21.6,2.32875,0.89656875,24300.0,10.9837,2025.0,0.0119,12.1363,0
pricing_86_brumo2025_2025.0,full_ft,huge,brumo2025,2025.0,0,16,0,24.0,ok,1,1.0,0.462,21.6,2.32875,0.89656875,24300.0,10.9837,2025.0,0.0119,12.1363,0
pricing_87_math_500.0,full_ft,huge,math,500.0,0,16,0,24.0,ok,1,1.0,0.462,21.6,0.575,0.221375,6000.0,8.9658,500.0,0.048,49.152,0
pricing_88_aime26_26.0,full_ft,large,aime26,26.0,0,16,0,24.0,ok,1,1.0,0.462,21.6,0.0299,0.0115115,312.0,4.7004,26.0,0.9231,945.2304,0
pricing_89_ipho2025theory_2025.0,full_ft,huge,ipho2025theory,2025.0,0,16,0,24.0,ok,1,1.0,0.462,21.6,2.32875,0.89656875,24300.0,10.9837,2025.0,0.0119,12.1363,0
pricing_90_hmmtfeb2025_2025.0,full_ft,huge,hmmtfeb2025,2025.0,0,16,0,24.0,ok,1,1.0,0.462,21.6,2.32875,0.89656875,24300.0,10.9837,2025.0,0.0119,12.1363,0
pricing_91_hmmtnov2025_2025.0,full_ft,huge,hmmtnov2025,2025.0,0,16,0,24.0,ok,1,1.0,0.462,21.6,2.32875,0.89656875,24300.0,10.9837,2025.0,0.0119,12.1363,0
pricing_92_hmmtfeb2026_2026.0,full_ft,huge,hmmtfeb2026,2026.0,0,16,0,24.0,ok,1,1.0,0.462,21.6,2.3299,0.8970115,24312.0,10.9844,2026.0,0.0118,12.1303,0
pricing_93_imoanswerbench_nan,full_ft,medium,imoanswerbench,7.0,0,16,0,24.0,ok,1,1.0,0.462,14.0,0.00805,0.00309925,84.0,2.8074,7.0,3.4286,3510.8521,0
pricing_94_apex_nan,full_ft,medium,apex,7.0,0,16,0,24.0,ok,1,1.0,0.462,14.0,0.00805,0.00309925,84.0,2.8074,7.0,3.4286,3510.8521,0
pricing_95_apexshortlist_nan,full_ft,medium,apexshortlist,7.0,0,16,0,24.0,ok,1,1.0,0.462,14.0,0.00805,0.00309925,84.0,2.8074,7.0,3.4286,3510.8521,0
pricing_96_mmanswerbench_nan,full_ft,medium,mmanswerbench,7.0,0,16,0,24.0,ok,1,1.0,0.462,14.0,0.00805,0.00309925,84.0,2.8074,7.0,3.4286,3510.8521,0
pricing_97_frontiermathlegacy_nan,full_ft,medium,frontiermathlegacy,7.0,0,16,0,24.0,ok,1,1.0,0.462,14.0,0.00805,0.00309925,84.0,2.8074,7.0,3.4286,3510.8521,0
pricing_98_frontiermathv2tiers1_2.0,full_ft,small,frontiermathv2tiers1,2.0,0,16,0,24.0,ok,1,1.0,0.462,4.0,0.0023,0.0008855,24.0,1.0,2.0,11.9999,12287.9386,0
pricing_99_frontiermathv2tier4_2.0,full_ft,small,frontiermathv2tier4,2.0,0,16,0,24.0,ok,1,1.0,0.462,4.0,0.0023,0.0008855,24.0,1.0,2.0,11.9999,12287.9386,0
pricing_100_usamo2026_2026.0,full_ft,huge,usamo2026,2026.0,0,16,0,24.0,ok,1,1.0,0.462,21.6,2.3299,0.8970115,24312.0,10.9844,2026.0,0.0118,12.1303,0
pricing_101_musr_nan,full_ft,medium,musr,7.0,0,16,0,24.0,ok,1,1.0,0.462,14.0,0.00805,0.00309925,84.0,2.8074,7.0,3.4286,3510.8521,0
pricing_102_bbh_nan,full_ft,medium,bbh,7.0,0,16,0,24.0,ok,1,1.0,0.462,14.0,0.00805,0.00309925,84.0,2.8074,7.0,3.4286,3510.8521,0
pricing_103_drop_nan,full_ft,medium,drop,7.0,0,16,0,24.0,ok,1,1.0,0.462,14.0,0.00805,0.00309925,84.0,2.8074,7.0,3.4286,3510.8521,0
pricing_104_hellaswag_nan,full_ft,medium,hellaswag,7.0,0,16,0,24.0,ok,1,1.0,0.462,14.0,0.00805,0.00309925,84.0,2.8074,7.0,3.4286,3510.8521,0
pricing_105_winogrande_nan,full_ft,medium,winogrande,7.0,0,16,0,24.0,ok,1,1.0,0.462,14.0,0.00805,0.00309925,84.0,2.8074,7.0,3.4286,3510.8521,0
pricing_106_cluewsc_nan,full_ft,medium,cluewsc,7.0,0,16,0,24.0,ok,1,1.0,0.462,14.0,0.00805,0.00309925,84.0,2.8074,7.0,3.4286,3510.8521,0
pricing_107_lisanbench_nan,full_ft,medium,lisanbench,7.0,0,16,0,24.0,ok,1,1.0,0.462,14.0,0.00805,0.00309925,84.0,2.8074,7.0,3.4286,3510.8521,0
pricing_108_pencilpuzzlebench_nan,full_ft,medium,pencilpuzzlebench,7.0,0,16,0,24.0,ok,1,1.0,0.462,14.0,0.00805,0.00309925,84.0,2.8074,7.0,3.4286,3510.8521,0
pricing_109_longbenchv2_2.0,full_ft,small,longbenchv2,2.0,0,16,0,24.0,ok,1,1.0,0.462,4.0,0.0023,0.0008855,24.0,1.0,2.0,11.9999,12287.9386,0
pricing_110_mrcrv2_2.0,full_ft,small,mrcrv2,2.0,0,16,0,24.0,ok,1,1.0,0.462,4.0,0.0023,0.0008855,24.0,1.0,2.0,11.9999,12287.9386,0
pricing_111_mrcrv264k_2.0,full_ft,small,mrcrv264k,2.0,0,16,0,24.0,ok,1,1.0,0.462,4.0,0.0023,0.0008855,24.0,1.0,2.0,11.9999,12287.9386,0
pricing_112_mrcrv2128k_2.0,full_ft,small,mrcrv2128k,2.0,0,16,0,24.0,ok,1,1.0,0.462,4.0,0.0023,0.0008855,24.0,1.0,2.0,11.9999,12287.9386,0
pricing_113_graphwalksbfs128k_128.0,full_ft,huge,graphwalksbfs128k,128.0,0,16,0,24.0,ok,1,1.0,0.462,21.6,0.1472,0.056672,1536.0,7.0,128.0,0.1875,192.0,0
pricing_114_graphwalksparents128k_128.0,full_ft,huge,graphwalksparents128k,128.0,0,16,0,24.0,ok,1,1.0,0.462,21.6,0.1472,0.056672,1536.0,7.0,128.0,0.1875,192.0,0
pricing_115_mrcr1m_0.001,full_ft,tiny,mrcr1m,0.001,0,16,0,24.0,ok,1,1.0,0.462,1.5,0.0014375,0.00055344,15.0,-6.6439,0.001,23762.3762,24332673.2673,0
pricing_116_corpusqa1m_0.001,full_ft,tiny,corpusqa1m,0.001,0,16,0,24.0,ok,1,1.0,0.462,1.5,0.0014375,0.00055344,15.0,-6.6439,0.001,23762.3762,24332673.2673,0
pricing_117_arc_2.0,full_ft,small,arc,2.0,0,16,0,24.0,ok,1,1.0,0.462,4.0,0.0023,0.0008855,24.0,1.0,2.0,11.9999,12287.9386,0
pricing_118_arc_3.0,full_ft,medium,arc,3.0,0,16,0,24.0,ok,1,1.0,0.462,6.0,0.00345,0.00132825,36.0,1.585,3.0,8.0,8191.9727,0
pricing_119_genebench_nan,full_ft,medium,genebench,7.0,0,16,0,24.0,ok,1,1.0,0.462,14.0,0.00805,0.00309925,84.0,2.8074,7.0,3.4286,3510.8521,0
pricing_120_ai_nan,full_ft,medium,ai,7.0,0,16,0,24.0,ok,1,1.0,0.462,14.0,0.00805,0.00309925,84.0,2.8074,7.0,3.4286,3510.8521,0
pricing_121_gpqadiamond_nan,full_ft,medium,gpqadiamond,7.0,0,16,0,24.0,ok,1,1.0,0.462,14.0,0.00805,0.00309925,84.0,2.8074,7.0,3.4286,3510.8521,0
pricing_122_aa_nan,full_ft,medium,aa,7.0,0,16,0,24.0,ok,1,1.0,0.462,14.0,0.00805,0.00309925,84.0,2.8074,7.0,3.4286,3510.8521,0
pricing_123_critpt_nan,full_ft,medium,critpt,7.0,0,16,0,24.0,ok,1,1.0,0.462,14.0,0.00805,0.00309925,84.0,2.8074,7.0,3.4286,3510.8521,0
pricing_124_bullshitbenchv2_2.0,full_ft,small,bullshitbenchv2,2.0,0,16,0,24.0,ok,1,1.0,0.462,4.0,0.0023,0.0008855,24.0,1.0,2.0,11.9999,12287.9386,0
pricing_125_wildbench_nan,full_ft,medium,wildbench,7.0,0,16,0,24.0,ok,1,1.0,0.462,14.0,0.00805,0.00309925,84.0,2.8074,7.0,3.4286,3510.8521,0
pricing_126_ifeval_nan,full_ft,medium,ifeval,7.0,0,16,0,24.0,ok,1,1.0,0.462,14.0,0.00805,0.00309925,84.0,2.8074,7.0,3.4286,3510.8521,0
pricing_127_ifbench_nan,full_ft,medium,ifbench,7.0,0,16,0,24.0,ok,1,1.0,0.462,14.0,0.00805,0.00309925,84.0,2.8074,7.0,3.4286,3510.8521,0
pricing_128_aa_nan,full_ft,medium,aa,7.0,0,16,0,24.0,ok,1,1.0,0.462,14.0,0.00805,0.00309925,84.0,2.8074,7.0,3.4286,3510.8521,0
pricing_129_sobvalueacc_nan,full_ft,medium,sobvalueacc,7.0,0,16,0,24.0,ok,1,1.0,0.462,14.0,0.00805,0.00309925,84.0,2.8074,7.0,3.4286,3510.8521,0
pricing_130_aaglobal_nan,full_ft,medium,aaglobal,7.0,0,16,0,24.0,ok,1,1.0,0.462,14.0,0.00805,0.00309925,84.0,2.8074,7.0,3.4286,3510.8521,0
pricing_131_mgsm_nan,full_ft,medium,mgsm,7.0,0,16,0,24.0,ok,1,1.0,0.462,14.0,0.00805,0.00309925,84.0,2.8074,7.0,3.4286,3510.8521,0
pricing_132_mmlu_nan,full_ft,medium,mmlu,7.0,0,16,0,24.0,ok,1,1.0,0.462,14.0,0.00805,0.00309925,84.0,2.8074,7.0,3.4286,3510.8521,0
pricing_133_nova_63.0,full_ft,xlarge,nova,63.0,0,16,0,24.0,ok,1,1.0,0.462,21.6,0.07245,0.02789325,756.0,5.9773,63.0,0.381,390.0952,0
pricing_134_include_nan,full_ft,medium,include,7.0,0,16,0,24.0,ok,1,1.0,0.462,14.0,0.00805,0.00309925,84.0,2.8074,7.0,3.4286,3510.8521,0
pricing_135_polymath_nan,full_ft,medium,polymath,7.0,0,16,0,24.0,ok,1,1.0,0.462,14.0,0.00805,0.00309925,84.0,2.8074,7.0,3.4286,3510.8521,0
pricing_136_vwt2k_2.0,full_ft,small,vwt2k,2.0,0,16,0,24.0,ok,1,1.0,0.462,4.0,0.0023,0.0008855,24.0,1.0,2.0,11.9999,12287.9386,0
pricing_137_maxife_nan,full_ft,medium,maxife,7.0,0,16,0,24.0,ok,1,1.0,0.462,14.0,0.00805,0.00309925,84.0,2.8074,7.0,3.4286,3510.8521,0
pricing_138_swemultilingual_nan,full_ft,medium,swemultilingual,7.0,0,16,0,24.0,ok,1,1.0,0.462,14.0,0.00805,0.00309925,84.0,2.8074,7.0,3.4286,3510.8521,0
pricing_139_nanobeirmultilingual_nan,full_ft,medium,nanobeirmultilingual,7.0,0,16,0,24.0,ok,1,1.0,0.462,14.0,0.00805,0.00309925,84.0,2.8074,7.0,3.4286,3510.8521,0
pricing_140_mkqa_11.0,full_ft,large,mkqa,11.0,0,16,0,24.0,ok,1,1.0,0.462,21.6,0.01265,0.00487025,132.0,3.4594,11.0,2.1818,2234.1798,0
pricing_141_designarenaagenticwebdev_nan,full_ft,medium,designarenaagenticwebdev,7.0,0,16,0,24.0,ok,1,1.0,0.462,14.0,0.00805,0.00309925,84.0,2.8074,7.0,3.4286,3510.8521,0
pricing_142_aabriefcase_nan,full_ft,medium,aabriefcase,7.0,0,16,0,24.0,ok,1,1.0,0.462,14.0,0.00805,0.00309925,84.0,2.8074,7.0,3.4286,3510.8521,0
pricing_143_aaautomationbench_nan,full_ft,medium,aaautomationbench,7.0,0,16,0,24.0,ok,1,1.0,0.462,14.0,0.00805,0.00309925,84.0,2.8074,7.0,3.4286,3510.8521,0
pricing_144_aaenterpriseops_nan,full_ft,medium,aaenterpriseops,7.0,0,16,0,24.0,ok,1,1.0,0.462,14.0,0.00805,0.00309925,84.0,2.8074,7.0,3.4286,3510.8521,0
pricing_145_aaharveylab_nan,full_ft,medium,aaharveylab,7.0,0,16,0,24.0,ok,1,1.0,0.462,14.0,0.00805,0.00309925,84.0,2.8074,7.0,3.4286,3510.8521,0
pricing_146_aaitbench_nan,full_ft,medium,aaitbench,7.0,0,16,0,24.0,ok,1,1.0,0.462,14.0,0.00805,0.00309925,84.0,2.8074,7.0,3.4286,3510.8521,0
pricing_147_aatau3banking_3.0,full_ft,medium,aatau3banking,3.0,0,16,0,24.0,ok,1,1.0,0.462,6.0,0.00345,0.00132825,36.0,1.585,3.0,8.0,8191.9727,0
pricing_148_terminal_2.0,full_ft,small,terminal,2.0,0,16,0,24.0,ok,1,1.0,0.462,4.0,0.0023,0.0008855,24.0,1.0,2.0,11.9999,12287.9386,0
pricing_149_browsecomp_nan,full_ft,medium,browsecomp,7.0,0,16,0,24.0,ok,1,1.0,0.462,14.0,0.00805,0.00309925,84.0,2.8074,7.0,3.4286,3510.8521,0
pricing_150_hlew_nan,full_ft,medium,hlew,7.0,0,16,0,24.0,ok,1,1.0,0.462,14.0,0.00805,0.00309925,84.0,2.8074,7.0,3.4286,3510.8521,0
pricing_151_gdpval_nan,full_ft,medium,gdpval,7.0,0,16,0,24.0,ok,1,1.0,0.462,14.0,0.00805,0.00309925,84.0,2.8074,7.0,3.4286,3510.8521,0
pricing_152_gdpval_nan,full_ft,medium,gdpval,7.0,0,16,0,24.0,ok,1,1.0,0.462,14.0,0.00805,0.00309925,84.0,2.8074,7.0,3.4286,3510.8521,0
pricing_153_aaagenticindex_nan,full_ft,medium,aaagenticindex,7.0,0,16,0,24.0,ok,1,1.0,0.462,14.0,0.00805,0.00309925,84.0,2.8074,7.0,3.4286,3510.8521,0
pricing_154_apex_nan,full_ft,medium,apex,7.0,0,16,0,24.0,ok,1,1.0,0.462,14.0,0.00805,0.00309925,84.0,2.8074,7.0,3.4286,3510.8521,0
pricing_155_gertlabs_nan,full_ft,medium,gertlabs,7.0,0,16,0,24.0,ok,1,1.0,0.462,14.0,0.00805,0.00309925,84.0,2.8074,7.0,3.4286,3510.8521,0
pricing_156_osworld_nan,full_ft,medium,osworld,7.0,0,16,0,24.0,ok,1,1.0,0.462,14.0,0.00805,0.00309925,84.0,2.8074,7.0,3.4286,3510.8521,0
pricing_157_osworld20_2.0,full_ft,small,osworld20,2.0,0,16,0,24.0,ok,1,1.0,0.462,4.0,0.0023,0.0008855,24.0,1.0,2.0,11.9999,12287.9386,0
pricing_158_cybergym_nan,full_ft,medium,cybergym,7.0,0,16,0,24.0,ok,1,1.0,0.462,14.0,0.00805,0.00309925,84.0,2.8074,7.0,3.4286,3510.8521,0
pricing_159_cybench_nan,full_ft,medium,cybench,7.0,0,16,0,24.0,ok,1,1.0,0.462,14.0,0.00805,0.00309925,84.0,2.8074,7.0,3.4286,3510.8521,0
pricing_160_exploitgym_nan,full_ft,medium,exploitgym,7.0,0,16,0,24.0,ok,1,1.0,0.462,14.0,0.00805,0.00309925,84.0,2.8074,7.0,3.4286,3510.8521,0
pricing_161_jobbench_nan,full_ft,medium,jobbench,7.0,0,16,0,24.0,ok,1,1.0,0.462,14.0,0.00805,0.00309925,84.0,2.8074,7.0,3.4286,3510.8521,0
pricing_162_browsecomp_nan,full_ft,medium,browsecomp,7.0,0,16,0,24.0,ok,1,1.0,0.462,14.0,0.00805,0.00309925,84.0,2.8074,7.0,3.4286,3510.8521,0
pricing_163_osworld_nan,full_ft,medium,osworld,7.0,0,16,0,24.0,ok,1,1.0,0.462,14.0,0.00805,0.00309925,84.0,2.8074,7.0,3.4286,3510.8521,0
pricing_164_androidworld_nan,full_ft,medium,androidworld,7.0,0,16,0,24.0,ok,1,1.0,0.462,14.0,0.00805,0.00309925,84.0,2.8074,7.0,3.4286,3510.8521,0
pricing_165_webvoyager_nan,full_ft,medium,webvoyager,7.0,0,16,0,24.0,ok,1,1.0,0.462,14.0,0.00805,0.00309925,84.0,2.8074,7.0,3.4286,3510.8521,0
pricing_166_mcpatlas_nan,full_ft,medium,mcpatlas,7.0,0,16,0,24.0,ok,1,1.0,0.462,14.0,0.00805,0.00309925,84.0,2.8074,7.0,3.4286,3510.8521,0
pricing_167_kimiclaw24_24.0,full_ft,large,kimiclaw24,24.0,0,16,0,24.0,ok,1,1.0,0.462,21.6,0.0276,0.010626,288.0,4.585,24.0,1.0,1023.9996,0
pricing_168_mcpmarkverified_nan,full_ft,medium,mcpmarkverified,7.0,0,16,0,24.0,ok,1,1.0,0.462,14.0,0.00805,0.00309925,84.0,2.8074,7.0,3.4286,3510.8521,0
pricing_169_toolathlon_nan,full_ft,medium,toolathlon,7.0,0,16,0,24.0,ok,1,1.0,0.462,14.0,0.00805,0.00309925,84.0,2.8074,7.0,3.4286,3510.8521,0
pricing_170_zclawbench_nan,full_ft,medium,zclawbench,7.0,0,16,0,24.0,ok,1,1.0,0.462,14.0,0.00805,0.00309925,84.0,2.8074,7.0,3.4286,3510.8521,0
pricing_171_unknown_nan,full_ft,medium,unknown,7.0,0,16,0,24.0,ok,1,1.0,0.462,14.0,0.00805,0.00309925,84.0,2.8074,7.0,3.4286,3510.8521,0
pricing_172_deepsearchqa_nan,full_ft,medium,deepsearchqa,7.0,0,16,0,24.0,ok,1,1.0,0.462,14.0,0.00805,0.00309925,84.0,2.8074,7.0,3.4286,3510.8521,0
pricing_173_unknown_nan,full_ft,medium,unknown,7.0,0,16,0,24.0,ok,1,1.0,0.462,14.0,0.00805,0.00309925,84.0,2.8074,7.0,3.4286,3510.8521,0
pricing_174_pinchbench_nan,full_ft,medium,pinchbench,7.0,0,16,0,24.0,ok,1,1.0,0.462,14.0,0.00805,0.00309925,84.0,2.8074,7.0,3.4286,3510.8521,0
pricing_175_openhandsindex_nan,full_ft,medium,openhandsindex,7.0,0,16,0,24.0,ok,1,1.0,0.462,14.0,0.00805,0.00309925,84.0,2.8074,7.0,3.4286,3510.8521,0
pricing_176_swe_nan,full_ft,medium,swe,7.0,0,16,0,24.0,ok,1,1.0,0.462,14.0,0.00805,0.00309925,84.0,2.8074,7.0,3.4286,3510.8521,0
pricing_177_inferencebench_nan,full_ft,medium,inferencebench,7.0,0,16,0,24.0,ok,1,1.0,0.462,14.0,0.00805,0.00309925,84.0,2.8074,7.0,3.4286,3510.8521,0
pricing_178_edgebench_nan,full_ft,medium,edgebench,7.0,0,16,0,24.0,ok,1,1.0,0.462,14.0,0.00805,0.00309925,84.0,2.8074,7.0,3.4286,3510.8521,0
pricing_179_bfclv4_4.0,full_ft,medium,bfclv4,4.0,0,16,0,24.0,ok,1,1.0,0.462,8.0,0.0046,0.001771,48.0,2.0,4.0,6.0,6143.9846,0
pricing_180_mle_nan,full_ft,medium,mle,7.0,0,16,0,24.0,ok,1,1.0,0.462,14.0,0.00805,0.00309925,84.0,2.8074,7.0,3.4286,3510.8521,0
pricing_181_mm_nan,full_ft,medium,mm,7.0,0,16,0,24.0,ok,1,1.0,0.462,14.0,0.00805,0.00309925,84.0,2.8074,7.0,3.4286,3510.8521,0
pricing_182_claw_nan,full_ft,medium,claw,7.0,0,16,0,24.0,ok,1,1.0,0.462,14.0,0.00805,0.00309925,84.0,2.8074,7.0,3.4286,3510.8521,0
pricing_183_researchclawbench_nan,full_ft,medium,researchclawbench,7.0,0,16,0,24.0,ok,1,1.0,0.462,14.0,0.00805,0.00309925,84.0,2.8074,7.0,3.4286,3510.8521,0
pricing_184_qwen_nan,full_ft,medium,qwen,7.0,0,16,0,24.0,ok,1,1.0,0.9438,14.0,0.00805,0.00309925,84.0,2.8074,7.0,3.4286,3510.8521,0
pricing_185_qwen_nan,full_ft,medium,qwen,7.0,0,16,0,24.0,ok,1,1.0,0.9438,14.0,0.00805,0.00309925,84.0,2.8074,7.0,3.4286,3510.8521,0
pricing_186_unknown_nan,full_ft,medium,unknown,7.0,0,16,0,24.0,ok,1,1.0,0.462,14.0,0.00805,0.00309925,84.0,2.8074,7.0,3.4286,3510.8521,0
pricing_187_vita_nan,full_ft,medium,vita,7.0,0,16,0,24.0,ok,1,1.0,0.462,14.0,0.00805,0.00309925,84.0,2.8074,7.0,3.4286,3510.8521,0
pricing_188_deepplanning_nan,full_ft,medium,deepplanning,7.0,0,16,0,24.0,ok,1,1.0,0.462,14.0,0.00805,0.00309925,84.0,2.8074,7.0,3.4286,3510.8521,0
pricing_189_mcp_nan,full_ft,medium,mcp,7.0,0,16,0,24.0,ok,1,1.0,0.462,14.0,0.00805,0.00309925,84.0,2.8074,7.0,3.4286,3510.8521,0
pricing_190_wideresearch_nan,full_ft,medium,wideresearch,7.0,0,16,0,24.0,ok,1,1.0,0.462,14.0,0.00805,0.00309925,84.0,2.8074,7.0,3.4286,3510.8521,0
pricing_191_gaia_nan,full_ft,medium,gaia,7.0,0,16,0,24.0,ok,1,1.0,0.462,14.0,0.00805,0.00309925,84.0,2.8074,7.0,3.4286,3510.8521,0
pricing_192_tau_nan,full_ft,medium,tau,7.0,0,16,0,24.0,ok,1,1.0,0.462,14.0,0.00805,0.00309925,84.0,2.8074,7.0,3.4286,3510.8521,0
pricing_193_webarena_nan,full_ft,medium,webarena,7.0,0,16,0,24.0,ok,1,1.0,0.462,14.0,0.00805,0.00309925,84.0,2.8074,7.0,3.4286,3510.8521,0
pricing_194_webarena_nan,full_ft,medium,webarena,7.0,0,16,0,24.0,ok,1,1.0,0.462,14.0,0.00805,0.00309925,84.0,2.8074,7.0,3.4286,3510.8521,0
pricing_195_mewc_nan,full_ft,medium,mewc,7.0,0,16,0,24.0,ok,1,1.0,0.462,14.0,0.00805,0.00309925,84.0,2.8074,7.0,3.4286,3510.8521,0
pricing_196_financeagentv2_2.0,full_ft,small,financeagentv2,2.0,0,16,0,24.0,ok,1,1.0,0.462,4.0,0.0023,0.0008855,24.0,1.0,2.0,11.9999,12287.9386,0
pricing_197_gdpvalrubrics_nan,full_ft,medium,gdpvalrubrics,7.0,0,16,0,24.0,ok,1,1.0,0.462,14.0,0.00805,0.00309925,84.0,2.8074,7.0,3.4286,3510.8521,0
pricing_198_bankertoolbench_nan,full_ft,medium,bankertoolbench,7.0,0,16,0,24.0,ok,1,1.0,0.462,14.0,0.00805,0.00309925,84.0,2.8074,7.0,3.4286,3510.8521,0
pricing_199_mmmu_nan,full_ft,medium,mmmu,7.0,0,16,0,24.0,ok,1,1.0,0.462,14.0,0.00805,0.00309925,84.0,2.8074,7.0,3.4286,3510.8521,0
pricing_200_mmmu_nan,full_ft,medium,mmmu,7.0,0,16,0,24.0,ok,1,1.0,0.462,14.0,0.00805,0.00309925,84.0,2.8074,7.0,3.4286,3510.8521,0
pricing_201_aa_nan,full_ft,medium,aa,7.0,0,16,0,24.0,ok,1,1.0,0.462,14.0,0.00805,0.00309925,84.0,2.8074,7.0,3.4286,3510.8521,0
pricing_202_ocrbenchv2_2.0,full_ft,small,ocrbenchv2,2.0,0,16,0,24.0,ok,1,1.0,0.462,4.0,0.0023,0.0008855,24.0,1.0,2.0,11.9999,12287.9386,0
pricing_203_olmocr_nan,full_ft,medium,olmocr,7.0,0,16,0,24.0,ok,1,1.0,0.462,14.0,0.00805,0.00309925,84.0,2.8074,7.0,3.4286,3510.8521,0
pricing_204_voxpopuliwer_nan,full_ft,medium,voxpopuliwer,7.0,0,16,0,24.0,ok,1,1.0,0.462,14.0,0.00805,0.00309925,84.0,2.8074,7.0,3.4286,3510.8521,0
pricing_205_designarenawebsite_nan,full_ft,medium,designarenawebsite,7.0,0,16,0,24.0,ok,1,1.0,0.462,14.0,0.00805,0.00309925,84.0,2.8074,7.0,3.4286,3510.8521,0
pricing_206_officeqapro_nan,full_ft,medium,officeqapro,7.0,0,16,0,24.0,ok,1,1.0,0.462,14.0,0.00805,0.00309925,84.0,2.8074,7.0,3.4286,3510.8521,0
pricing_207_mmmu_nan,full_ft,medium,mmmu,7.0,0,16,0,24.0,ok,1,1.0,0.462,14.0,0.00805,0.00309925,84.0,2.8074,7.0,3.4286,3510.8521,0
pricing_208_omnidocbench15_1.5,full_ft,small,omnidocbench15,1.5,0,16,0,24.0,ok,1,1.0,0.462,3.0,0.001725,0.00066412,18.0,0.585,1.5,15.9999,16383.8908,0
pricing_209_liquidextractjsonvalidity_nan,full_ft,medium,liquidextractjsonvalidity,7.0,0,16,0,24.0,ok,1,1.0,0.462,14.0,0.00805,0.00309925,84.0,2.8074,7.0,3.4286,3510.8521,0
pricing_210_liquidextractf1_1.0,full_ft,small,liquidextractf1,1.0,0,16,0,24.0,ok,1,1.0,0.462,2.0,0.0014375,0.00055344,15.0,0.0,1.0,23.9998,24575.7542,0
pricing_211_liquidextractvlmjudge_nan,full_ft,medium,liquidextractvlmjudge,7.0,0,16,0,24.0,ok,1,1.0,0.462,14.0,0.00805,0.00309925,84.0,2.8074,7.0,3.4286,3510.8521,0
pricing_212_realworldqa_nan,full_ft,medium,realworldqa,7.0,0,16,0,24.0,ok,1,1.0,0.462,14.0,0.00805,0.00309925,84.0,2.8074,7.0,3.4286,3510.8521,0
pricing_213_video_nan,full_ft,medium,video,7.0,0,16,0,24.0,ok,1,1.0,0.462,14.0,0.00805,0.00309925,84.0,2.8074,7.0,3.4286,3510.8521,0
pricing_214_video_nan,full_ft,medium,video,7.0,0,16,0,24.0,ok,1,1.0,0.462,14.0,0.00805,0.00309925,84.0,2.8074,7.0,3.4286,3510.8521,0
pricing_215_video_nan,full_ft,medium,video,7.0,0,16,0,24.0,ok,1,1.0,0.462,14.0,0.00805,0.00309925,84.0,2.8074,7.0,3.4286,3510.8521,0
pricing_216_mathvision_nan,full_ft,medium,mathvision,7.0,0,16,0,24.0,ok,1,1.0,0.462,14.0,0.00805,0.00309925,84.0,2.8074,7.0,3.4286,3510.8521,0
pricing_217_we_nan,full_ft,medium,we,7.0,0,16,0,24.0,ok,1,1.0,0.462,14.0,0.00805,0.00309925,84.0,2.8074,7.0,3.4286,3510.8521,0
pricing_218_dynamath_nan,full_ft,medium,dynamath,7.0,0,16,0,24.0,ok,1,1.0,0.462,14.0,0.00805,0.00309925,84.0,2.8074,7.0,3.4286,3510.8521,0
pricing_219_mstar_nan,full_ft,medium,mstar,7.0,0,16,0,24.0,ok,1,1.0,0.462,14.0,0.00805,0.00309925,84.0,2.8074,7.0,3.4286,3510.8521,0
pricing_220_chatcvqa_nan,full_ft,medium,chatcvqa,7.0,0,16,0,24.0,ok,1,1.0,0.462,14.0,0.00805,0.00309925,84.0,2.8074,7.0,3.4286,3510.8521,0
pricing_221_mmlongbench_nan,full_ft,medium,mmlongbench,7.0,0,16,0,24.0,ok,1,1.0,0.462,14.0,0.00805,0.00309925,84.0,2.8074,7.0,3.4286,3510.8521,0
pricing_222_cc_nan,full_ft,medium,cc,7.0,0,16,0,24.0,ok,1,1.0,0.462,14.0,0.00805,0.00309925,84.0,2.8074,7.0,3.4286,3510.8521,0
pricing_223_ai2dtest_2.0,full_ft,small,ai2dtest,2.0,0,16,0,24.0,ok,1,1.0,0.462,4.0,0.0023,0.0008855,24.0,1.0,2.0,11.9999,12287.9386,0
pricing_224_countbench_nan,full_ft,medium,countbench,7.0,0,16,0,24.0,ok,1,1.0,0.462,14.0,0.00805,0.00309925,84.0,2.8074,7.0,3.4286,3510.8521,0
pricing_225_refcocoavg_nan,full_ft,medium,refcocoavg,7.0,0,16,0,24.0,ok,1,1.0,0.462,14.0,0.00805,0.00309925,84.0,2.8074,7.0,3.4286,3510.8521,0
pricing_226_odinw13_13.0,full_ft,large,odinw13,13.0,0,16,0,24.0,ok,1,1.0,0.462,21.6,0.01495,0.00575575,156.0,3.7004,13.0,1.8462,1890.4601,0
pricing_227_erqa_nan,full_ft,medium,erqa,7.0,0,16,0,24.0,ok,1,1.0,0.462,14.0,0.00805,0.00309925,84.0,2.8074,7.0,3.4286,3510.8521,0
pricing_228_videommmu_nan,full_ft,medium,videommmu,7.0,0,16,0,24.0,ok,1,1.0,0.462,14.0,0.00805,0.00309925,84.0,2.8074,7.0,3.4286,3510.8521,0
pricing_229_mlvum_nan,full_ft,medium,mlvum,7.0,0,16,0,24.0,ok,1,1.0,0.462,14.0,0.00805,0.00309925,84.0,2.8074,7.0,3.4286,3510.8521,0
pricing_230_mmvu_nan,full_ft,medium,mmvu,7.0,0,16,0,24.0,ok,1,1.0,0.462,14.0,0.00805,0.00309925,84.0,2.8074,7.0,3.4286,3510.8521,0
pricing_231_screenspotpro_nan,full_ft,medium,screenspotpro,7.0,0,16,0,24.0,ok,1,1.0,0.462,14.0,0.00805,0.00309925,84.0,2.8074,7.0,3.4286,3510.8521,0
pricing_232_tir_nan,full_ft,medium,tir,7.0,0,16,0,24.0,ok,1,1.0,0.462,14.0,0.00805,0.00309925,84.0,2.8074,7.0,3.4286,3510.8521,0
pricing_233_gdpval_nan,full_ft,medium,gdpval,7.0,0,16,0,24.0,ok,1,1.0,0.462,14.0,0.00805,0.00309925,84.0,2.8074,7.0,3.4286,3510.8521,0
pricing_234_medxpertqamm_nan,full_ft,medium,medxpertqamm,7.0,0,16,0,24.0,ok,1,1.0,0.462,14.0,0.00805,0.00309925,84.0,2.8074,7.0,3.4286,3510.8521,0
pricing_235_zerobench_nan,full_ft,medium,zerobench,7.0,0,16,0,24.0,ok,1,1.0,0.462,14.0,0.00805,0.00309925,84.0,2.8074,7.0,3.4286,3510.8521,0
pricing_236_design2code_2.0,full_ft,small,design2code,2.0,0,16,0,24.0,ok,1,1.0,0.462,4.0,0.0023,0.0008855,24.0,1.0,2.0,11.9999,12287.9386,0
pricing_237_flame_nan,full_ft,medium,flame,7.0,0,16,0,24.0,ok,1,1.0,0.462,14.0,0.00805,0.00309925,84.0,2.8074,7.0,3.4286,3510.8521,0
pricing_238_vision2web_2.0,full_ft,small,vision2web,2.0,0,16,0,24.0,ok,1,1.0,0.462,4.0,0.0023,0.0008855,24.0,1.0,2.0,11.9999,12287.9386,0
pricing_239_imagemining_nan,full_ft,medium,imagemining,7.0,0,16,0,24.0,ok,1,1.0,0.462,14.0,0.00805,0.00309925,84.0,2.8074,7.0,3.4286,3510.8521,0
pricing_240_mmsearch_nan,full_ft,medium,mmsearch,7.0,0,16,0,24.0,ok,1,1.0,0.462,14.0,0.00805,0.00309925,84.0,2.8074,7.0,3.4286,3510.8521,0
pricing_241_mmsearch_nan,full_ft,medium,mmsearch,7.0,0,16,0,24.0,ok,1,1.0,0.462,14.0,0.00805,0.00309925,84.0,2.8074,7.0,3.4286,3510.8521,0
pricing_242_simplevqa_nan,full_ft,medium,simplevqa,7.0,0,16,0,24.0,ok,1,1.0,0.462,14.0,0.00805,0.00309925,84.0,2.8074,7.0,3.4286,3510.8521,0
pricing_243_facts_nan,full_ft,medium,facts,7.0,0,16,0,24.0,ok,1,1.0,0.462,14.0,0.00805,0.00309925,84.0,2.8074,7.0,3.4286,3510.8521,0
pricing_244_v_nan,full_ft,medium,v,7.0,0,16,0,24.0,ok,1,1.0,0.462,14.0,0.00805,0.00309925,84.0,2.8074,7.0,3.4286,3510.8521,0
pricing_245_charxiv_nan,full_ft,medium,charxiv,7.0,0,16,0,24.0,ok,1,1.0,0.462,14.0,0.00805,0.00309925,84.0,2.8074,7.0,3.4286,3510.8521,0
pricing_246_charxivw_nan,full_ft,medium,charxivw,7.0,0,16,0,24.0,ok,1,1.0,0.462,14.0,0.00805,0.00309925,84.0,2.8074,7.0,3.4286,3510.8521,0
pricing_247_babyvision_nan,full_ft,medium,babyvision,7.0,0,16,0,24.0,ok,1,1.0,0.462,14.0,0.00805,0.00309925,84.0,2.8074,7.0,3.4286,3510.8521,0
pricing_248_swe_nan,full_ft,medium,swe,7.0,0,16,0,24.0,ok,1,1.0,0.462,14.0,0.00805,0.00309925,84.0,2.8074,7.0,3.4286,3510.8521,0
pricing_249_blueprint_2.0,full_ft,small,blueprint,2.0,0,16,0,24.0,ok,1,1.0,0.462,4.0,0.0023,0.0008855,24.0,1.0,2.0,11.9999,12287.9386,0
pricing_250_kmmlu_nan,full_ft,medium,kmmlu,7.0,0,16,0,24.0,ok,1,1.0,0.462,14.0,0.00805,0.00309925,84.0,2.8074,7.0,3.4286,3510.8521,0
pricing_251_kmmlu_nan,full_ft,medium,kmmlu,7.0,0,16,0,24.0,ok,1,1.0,0.462,14.0,0.00805,0.00309925,84.0,2.8074,7.0,3.4286,3510.8521,0
pricing_252_kmmlu_nan,full_ft,medium,kmmlu,7.0,0,16,0,24.0,ok,1,1.0,0.462,14.0,0.00805,0.00309925,84.0,2.8074,7.0,3.4286,3510.8521,0
pricing_253_kmmlu_nan,full_ft,medium,kmmlu,7.0,0,16,0,24.0,ok,1,1.0,0.462,14.0,0.00805,0.00309925,84.0,2.8074,7.0,3.4286,3510.8521,0
pricing_254_click_nan,full_ft,medium,click,7.0,0,16,0,24.0,ok,1,1.0,0.462,14.0,0.00805,0.00309925,84.0,2.8074,7.0,3.4286,3510.8521,0
pricing_255_kobalt_nan,full_ft,medium,kobalt,7.0,0,16,0,24.0,ok,1,1.0,0.462,14.0,0.00805,0.00309925,84.0,2.8074,7.0,3.4286,3510.8521,0
pricing_256_koreancsat_nan,full_ft,medium,koreancsat,7.0,0,16,0,24.0,ok,1,1.0,0.462,14.0,0.00805,0.00309925,84.0,2.8074,7.0,3.4286,3510.8521,0
pricing_257_hrm8k_8.0,full_ft,medium,hrm8k,8.0,0,16,0,24.0,ok,1,1.0,0.462,16.0,0.0092,0.003542,96.0,3.0,8.0,3.0,3071.9962,0
pricing_258_valsindex_nan,full_ft,medium,valsindex,7.0,0,16,0,24.0,ok,1,1.0,0.462,14.0,0.00805,0.00309925,84.0,2.8074,7.0,3.4286,3510.8521,0
pricing_259_valsmultimodalindex_nan,full_ft,medium,valsmultimodalindex,7.0,0,16,0,24.0,ok,1,1.0,0.462,14.0,0.00805,0.00309925,84.0,2.8074,7.0,3.4286,3510.8521,0
pricing_260_corpfinv2_2.0,full_ft,small,corpfinv2,2.0,0,16,0,24.0,ok,1,1.0,0.462,4.0,0.0023,0.0008855,24.0,1.0,2.0,11.9999,12287.9386,0
pricing_261_medcode_nan,full_ft,medium,medcode,7.0,0,16,0,24.0,ok,1,1.0,0.462,14.0,0.00805,0.00309925,84.0,2.8074,7.0,3.4286,3510.8521,0
pricing_262_medscribe_nan,full_ft,medium,medscribe,7.0,0,16,0,24.0,ok,1,1.0,0.462,14.0,0.00805,0.00309925,84.0,2.8074,7.0,3.4286,3510.8521,0
pricing_263_mortgagetax_nan,full_ft,medium,mortgagetax,7.0,0,16,0,24.0,ok,1,1.0,0.462,14.0,0.00805,0.00309925,84.0,2.8074,7.0,3.4286,3510.8521,0
pricing_264_proofbench_nan,full_ft,medium,proofbench,7.0,0,16,0,24.0,ok,1,1.0,0.462,14.0,0.00805,0.00309925,84.0,2.8074,7.0,3.4286,3510.8521,0
pricing_265_legalbench_nan,full_ft,medium,legalbench,7.0,0,16,0,24.0,ok,1,1.0,0.462,14.0,0.00805,0.00309925,84.0,2.8074,7.0,3.4286,3510.8521,0
pricing_266_caselawv2_2.0,full_ft,small,caselawv2,2.0,0,16,0,24.0,ok,1,1.0,0.462,4.0,0.0023,0.0008855,24.0,1.0,2.0,11.9999,12287.9386,0
pricing_267_deepswe_nan,full_ft,medium,deepswe,7.0,0,16,0,24.0,ok,1,1.0,0.462,14.0,0.00805,0.00309925,84.0,2.8074,7.0,3.4286,3510.8521,0
pricing_268_swe_nan,full_ft,medium,swe,7.0,0,16,0,24.0,ok,1,1.0,0.462,14.0,0.00805,0.00309925,84.0,2.8074,7.0,3.4286,3510.8521,0
pricing_269_exploitbench_nan,full_ft,medium,exploitbench,7.0,0,16,0,24.0,ok,1,1.0,0.462,14.0,0.00805,0.00309925,84.0,2.8074,7.0,3.4286,3510.8521,0
pricing_270_gba_nan,full_ft,medium,gba,7.0,0,16,0,24.0,ok,1,1.0,0.462,14.0,0.00805,0.00309925,84.0,2.8074,7.0,3.4286,3510.8521,0
pricing_271_caistextleaderboard_nan,full_ft,medium,caistextleaderboard,7.0,0,16,0,24.0,ok,1,1.0,0.462,14.0,0.00805,0.00309925,84.0,2.8074,7.0,3.4286,3510.8521,0
pricing_272_weirdml_nan,full_ft,medium,weirdml,7.0,0,16,0,24.0,ok,1,1.0,0.462,14.0,0.00805,0.00309925,84.0,2.8074,7.0,3.4286,3510.8521,0
pricing_273_ale_nan,full_ft,medium,ale,7.0,0,16,0,24.0,ok,1,1.0,0.462,14.0,0.00805,0.00309925,84.0,2.8074,7.0,3.4286,3510.8521,0
pricing_274_runescape_nan,full_ft,medium,runescape,7.0,0,16,0,24.0,ok,1,1.0,0.462,14.0,0.00805,0.00309925,84.0,2.8074,7.0,3.4286,3510.8521,0
pricing_275_tolokaarena_nan,full_ft,medium,tolokaarena,7.0,0,16,0,24.0,ok,1,1.0,0.462,14.0,0.00805,0.00309925,84.0,2.8074,7.0,3.4286,3510.8521,0
pricing_276_valsswe_nan,full_ft,medium,valsswe,7.0,0,16,0,24.0,ok,1,1.0,0.462,14.0,0.00805,0.00309925,84.0,2.8074,7.0,3.4286,3510.8521,0
pricing_277_valsterminal_0.002,full_ft,tiny,valsterminal,0.002,0,16,0,24.0,ok,1,1.0,0.462,1.5,0.0014375,0.00055344,15.0,-6.6439,0.002,11940.2985,12226865.6716,0
pricing_278_valslivecodebenchmirror_nan,full_ft,medium,valslivecodebenchmirror,7.0,0,16,0,24.0,ok,1,1.0,0.462,14.0,0.00805,0.00309925,84.0,2.8074,7.0,3.4286,3510.8521,0
pricing_279_valsgpqadiamondmirror_nan,full_ft,medium,valsgpqadiamondmirror,7.0,0,16,0,24.0,ok,1,1.0,0.462,14.0,0.00805,0.00309925,84.0,2.8074,7.0,3.4286,3510.8521,0
pricing_280_valsmmlu_nan,full_ft,medium,valsmmlu,7.0,0,16,0,24.0,ok,1,1.0,0.462,14.0,0.00805,0.00309925,84.0,2.8074,7.0,3.4286,3510.8521,0
pricing_281_emb_nan,full_ft,medium,emb,7.0,0,16,0,24.0,ok,1,1.0,0.462,14.0,0.00805,0.00309925,84.0,2.8074,7.0,3.4286,3510.8521,0
pricing_282_cyberbench_nan,full_ft,medium,cyberbench,7.0,0,16,0,24.0,ok,1,1.0,0.462,14.0,0.00805,0.00309925,84.0,2.8074,7.0,3.4286,3510.8521,0
pricing_283_taxevalv2_2.0,full_ft,small,taxevalv2,2.0,0,16,0,24.0,ok,1,1.0,0.462,4.0,0.0023,0.0008855,24.0,1.0,2.0,11.9999,12287.9386,0
pricing_284_harveyslegalagentbenchmark_nan,full_ft,medium,harveyslegalagentbenchmark,7.0,0,16,0,24.0,ok,1,1.0,0.462,14.0,0.00805,0.00309925,84.0,2.8074,7.0,3.4286,3510.8521,0
pricing_285_terminal_2.1,full_ft,small,terminal,2.1,0,16,0,24.0,ok,1,1.0,0.462,4.2,0.002415,0.00092978,25.200000000000003,1.0704,2.1,11.4285,11702.8014,0
pricing_286_codemigration_nan,full_ft,medium,codemigration,7.0,0,16,0,24.0,ok,1,1.0,0.462,14.0,0.00805,0.00309925,84.0,2.8074,7.0,3.4286,3510.8521,0
pricing_287_legalresearchbench_nan,full_ft,medium,legalresearchbench,7.0,0,16,0,24.0,ok,1,1.0,0.462,14.0,0.00805,0.00309925,84.0,2.8074,7.0,3.4286,3510.8521,0
pricing_288_medqa_nan,full_ft,medium,medqa,7.0,0,16,0,24.0,ok,1,1.0,0.462,14.0,0.00805,0.00309925,84.0,2.8074,7.0,3.4286,3510.8521,0
pricing_289_aime_nan,full_ft,medium,aime,7.0,0,16,0,24.0,ok,1,1.0,0.462,14.0,0.00805,0.00309925,84.0,2.8074,7.0,3.4286,3510.8521,0
pricing_290_math500_500.0,full_ft,huge,math500,500.0,0,16,0,24.0,ok,1,1.0,0.462,21.6,0.575,0.221375,6000.0,8.9658,500.0,0.048,49.152,0
pricing_291_mgsm_nan,full_ft,medium,mgsm,7.0,0,16,0,24.0,ok,1,1.0,0.462,14.0,0.00805,0.00309925,84.0,2.8074,7.0,3.4286,3510.8521,0
pricing_292_mmmu_nan,full_ft,medium,mmmu,7.0,0,16,0,24.0,ok,1,1.0,0.462,14.0,0.00805,0.00309925,84.0,2.8074,7.0,3.4286,3510.8521,0
pricing_293_sage_nan,full_ft,medium,sage,7.0,0,16,0,24.0,ok,1,1.0,0.462,14.0,0.00805,0.00309925,84.0,2.8074,7.0,3.4286,3510.8521,0
pricing_294_ioi_nan,full_ft,medium,ioi,7.0,0,16,0,24.0,ok,1,1.0,0.462,14.0,0.00805,0.00309925,84.0,2.8074,7.0,3.4286,3510.8521,0
pricing_295_programbench_nan,full_ft,medium,programbench,7.0,0,16,0,24.0,ok,1,1.0,0.462,14.0,0.00805,0.00309925,84.0,2.8074,7.0,3.4286,3510.8521,0
pricing_296_skillsbench_nan,full_ft,medium,skillsbench,7.0,0,16,0,24.0,ok,1,1.0,0.462,14.0,0.00805,0.00309925,84.0,2.8074,7.0,3.4286,3510.8521,0
pricing_297_agentpokerbench_nan,full_ft,medium,agentpokerbench,7.0,0,16,0,24.0,ok,1,1.0,0.462,14.0,0.00805,0.00309925,84.0,2.8074,7.0,3.4286,3510.8521,0
pricing_298_publicbenefitsbenchv11_1.1,full_ft,small,publicbenefitsbenchv11,1.1,0,16,0,24.0,ok,1,1.0,0.462,2.2,0.0014375,0.00055344,15.0,0.1375,1.1,21.818,22341.6151,0
pricing_299_publicbenefitsbenchv1_1.0,full_ft,small,publicbenefitsbenchv1,1.0,0,16,0,24.0,ok,1,1.0,0.462,2.0,0.0014375,0.00055344,15.0,0.0,1.0,23.9998,24575.7542,0
comparison_0_deepseek_4.0,full_ft,medium,deepseek,4.0,0,16,0,24.0,ok,1,1.0,0.85,8.0,0.00026258,0.00010109,2.74,2.0,4.0,6.0,6143.9846,0
comparison_1_llama_8.0,full_ft,medium,llama,8.0,0,16,0,24.0,ok,1,1.0,0.71,16.0,0.00030762,0.00011843,3.21,3.0,8.0,3.0,3071.9962,0
comparison_2_llama_5.0,full_ft,medium,llama,5.0,0,16,0,24.0,ok,1,1.0,0.85,10.0,0.00028271,0.00010884,2.95,2.3219,5.0,4.8,4915.1902,0
comparison_3_deepseek_3.0,full_ft,medium,deepseek,3.0,0,16,0,24.0,ok,1,1.0,0.72,6.0,0.00123529,0.00047559,12.89,1.585,3.0,8.0,8191.9727,0
comparison_4_deepseek_8.0,full_ft,medium,deepseek,8.0,0,16,0,24.0,ok,1,1.0,0.77,16.0,0.00036417,0.00014021,3.8,3.0,8.0,3.0,3071.9962,0
comparison_5_llama_4.0,full_ft,medium,llama,4.0,0,16,0,24.0,ok,1,1.0,0.84,8.0,0.00067467,0.00025975,7.04,2.0,4.0,6.0,6143.9846,0
comparison_6_nova_8.0,full_ft,medium,nova,8.0,0,16,0,24.0,ok,1,1.0,0.92,16.0,0.00172117,0.00066265,17.96,3.0,8.0,3.0,3071.9962,0
comparison_7_claude_6.0,full_ft,medium,claude,6.0,0,16,0,24.0,ok,1,1.0,0.71,12.0,0.00091808,0.00035346,9.58,2.585,6.0,4.0,4095.9932,0
comparison_8_llama_2.0,full_ft,small,llama,2.0,0,16,0,24.0,ok,1,1.0,0.63,4.0,0.00128608,0.00049514,13.42,1.0,2.0,11.9999,12287.9386,0
comparison_9_nova_6.0,full_ft,medium,nova,6.0,0,16,0,24.0,ok,1,1.0,0.64,12.0,0.00034596,0.00013319,3.61,2.585,6.0,4.0,4095.9932,0
comparison_10_gemini_5.0,full_ft,medium,gemini,5.0,0,16,0,24.0,ok,1,1.0,0.67,10.0,0.00038429,0.00014795,4.01,2.3219,5.0,4.8,4915.1902,0
comparison_11_gpt_6.0,full_ft,medium,gpt,6.0,0,16,0,24.0,ok,1,1.0,0.87,12.0,9.679e-05,3.726e-05,1.01,2.585,6.0,4.0,4095.9932,0
comparison_12_llama_9.0,full_ft,medium,llama,9.0,0,16,0,24.0,ok,1,1.0,0.9,18.0,0.00033925,0.00013061,3.54,3.1699,9.0,2.6667,2730.6636,0
comparison_13_gpt_3.0,full_ft,medium,gpt,3.0,0,16,0,24.0,ok,1,1.0,0.68,6.0,0.00054817,0.00021105,5.72,1.585,3.0,8.0,8191.9727,0
comparison_14_command_7.0,full_ft,medium,command,7.0,0,16,0,24.0,ok,1,1.0,0.88,14.0,0.00035458,0.00013651,3.7,2.8074,7.0,3.4286,3510.8521,0
comparison_15_command_9.0,full_ft,medium,command,9.0,0,16,0,24.0,ok,1,1.0,0.73,18.0,0.00018783,7.231e-05,1.96,3.1699,9.0,2.6667,2730.6636,0
comparison_16_claude_5.0,full_ft,medium,claude,5.0,0,16,0,24.0,ok,1,1.0,0.81,10.0,0.00024821,9.556e-05,2.59,2.3219,5.0,4.8,4915.1902,0
comparison_17_claude_7.0,full_ft,medium,claude,7.0,0,16,0,24.0,ok,1,1.0,0.7,14.0,0.00089317,0.00034387,9.32,2.8074,7.0,3.4286,3510.8521,0
comparison_18_llama_9.0,full_ft,medium,llama,9.0,0,16,0,24.0,ok,1,1.0,0.82,18.0,0.00041112,0.00015828,4.29,3.1699,9.0,2.6667,2730.6636,0
comparison_19_deepseek_2.0,full_ft,small,deepseek,2.0,0,16,0,24.0,ok,1,1.0,0.6,4.0,0.00071012,0.0002734,7.41,1.0,2.0,11.9999,12287.9386,0
comparison_20_command_9.0,full_ft,medium,command,9.0,0,16,0,24.0,ok,1,1.0,0.8,18.0,0.00097462,0.00037523,10.17,3.1699,9.0,2.6667,2730.6636,0
comparison_21_command_2.0,full_ft,small,command,2.0,0,16,0,24.0,ok,1,1.0,0.85,4.0,0.00132921,0.00051175,13.87,1.0,2.0,11.9999,12287.9386,0
comparison_22_gemini_9.0,full_ft,medium,gemini,9.0,0,16,0,24.0,ok,1,1.0,0.82,18.0,9.392e-05,3.616e-05,0.98,3.1699,9.0,2.6667,2730.6636,0
comparison_23_gemini_5.0,full_ft,medium,gemini,5.0,0,16,0,24.0,ok,1,1.0,0.6,10.0,0.00153621,0.00059144,16.03,2.3219,5.0,4.8,4915.1902,0
comparison_24_gemini_4.0,full_ft,medium,gemini,4.0,0,16,0,24.0,ok,1,1.0,0.74,8.0,0.00121038,0.000466,12.63,2.0,4.0,6.0,6143.9846,0
comparison_25_command_7.0,full_ft,medium,command,7.0,0,16,0,24.0,ok,1,1.0,0.8,14.0,0.00017442,6.715e-05,1.82,2.8074,7.0,3.4286,3510.8521,0
comparison_26_command_8.0,full_ft,medium,command,8.0,0,16,0,24.0,ok,1,1.0,0.68,16.0,0.00167708,0.00064568,17.5,3.0,8.0,3.0,3071.9962,0
comparison_27_deepseek_3.0,full_ft,medium,deepseek,3.0,0,16,0,24.0,ok,1,1.0,0.68,6.0,0.00176621,0.00067999,18.43,1.585,3.0,8.0,8191.9727,0
comparison_28_mistral_1.0,full_ft,small,mistral,1.0,0,16,0,24.0,ok,1,1.0,0.69,2.0,0.00013512,5.202e-05,1.41,0.0,1.0,23.9998,24575.7542,0
comparison_29_command_2.0,full_ft,small,command,2.0,0,16,0,24.0,ok,1,1.0,0.85,4.0,0.00054433,0.00020957,5.68,1.0,2.0,11.9999,12287.9386,0
comparison_30_nova_4.0,full_ft,medium,nova,4.0,0,16,0,24.0,ok,1,1.0,0.94,8.0,0.00154867,0.00059624,16.16,2.0,4.0,6.0,6143.9846,0
comparison_31_gemini_6.0,full_ft,medium,gemini,6.0,0,16,0,24.0,ok,1,1.0,0.84,12.0,0.00143942,0.00055418,15.02,2.585,6.0,4.0,4095.9932,0
comparison_32_mistral_4.0,full_ft,medium,mistral,4.0,0,16,0,24.0,ok,1,1.0,0.85,8.0,0.00036896,0.00014205,3.85,2.0,4.0,6.0,6143.9846,0
comparison_33_mistral_2.0,full_ft,small,mistral,2.0,0,16,0,24.0,ok,1,1.0,0.7,4.0,0.00041687,0.00016049,4.35,1.0,2.0,11.9999,12287.9386,0
comparison_34_gemini_2.0,full_ft,small,gemini,2.0,0,16,0,24.0,ok,1,1.0,0.61,4.0,0.00072258,0.00027819,7.54,1.0,2.0,11.9999,12287.9386,0
comparison_35_gemini_4.0,full_ft,medium,gemini,4.0,0,16,0,24.0,ok,1,1.0,0.66,8.0,0.00093821,0.00036121,9.79,2.0,4.0,6.0,6143.9846,0
comparison_36_mistral_8.0,full_ft,medium,mistral,8.0,0,16,0,24.0,ok,1,1.0,0.77,16.0,0.00119217,0.00045899,12.44,3.0,8.0,3.0,3071.9962,0
comparison_37_mistral_7.0,full_ft,medium,mistral,7.0,0,16,0,24.0,ok,1,1.0,0.86,14.0,0.00071875,0.00027672,7.5,2.8074,7.0,3.4286,3510.8521,0
comparison_38_command_9.0,full_ft,medium,command,9.0,0,16,0,24.0,ok,1,1.0,0.93,18.0,0.000897,0.00034534,9.36,3.1699,9.0,2.6667,2730.6636,0
comparison_39_mistral_8.0,full_ft,medium,mistral,8.0,0,16,0,24.0,ok,1,1.0,0.86,16.0,0.0014375,0.00055344,15.0,3.0,8.0,3.0,3071.9962,0
comparison_40_llama_2.0,full_ft,small,llama,2.0,0,16,0,24.0,ok,1,1.0,0.76,4.0,8.913e-05,3.432e-05,0.93,1.0,2.0,11.9999,12287.9386,0
comparison_41_deepseek_5.0,full_ft,medium,deepseek,5.0,0,16,0,24.0,ok,1,1.0,0.83,10.0,0.00049833,0.00019186,5.2,2.3219,5.0,4.8,4915.1902,0
comparison_42_nova_9.0,full_ft,medium,nova,9.0,0,16,0,24.0,ok,1,1.0,0.84,18.0,0.00137233,0.00052835,14.32,3.1699,9.0,2.6667,2730.6636,0
comparison_43_command_9.0,full_ft,medium,command,9.0,0,16,0,24.0,ok,1,1.0,0.66,18.0,0.00171829,0.00066154,17.93,3.1699,9.0,2.6667,2730.6636,0
comparison_44_llama_1.0,full_ft,small,llama,1.0,0,16,0,24.0,ok,1,1.0,0.65,2.0,0.00098996,0.00038113,10.33,0.0,1.0,23.9998,24575.7542,0
comparison_45_gpt_7.0,full_ft,medium,gpt,7.0,0,16,0,24.0,ok,1,1.0,0.83,14.0,0.00102925,0.00039626,10.74,2.8074,7.0,3.4286,3510.8521,0
comparison_46_gpt_8.0,full_ft,medium,gpt,8.0,0,16,0,24.0,ok,1,1.0,0.92,16.0,0.00022233,8.56e-05,2.32,3.0,8.0,3.0,3071.9962,0
comparison_47_gpt_8.0,full_ft,medium,gpt,8.0,0,16,0,24.0,ok,1,1.0,0.88,16.0,0.00086825,0.00033428,9.06,3.0,8.0,3.0,3071.9962,0
comparison_48_nova_3.0,full_ft,medium,nova,3.0,0,16,0,24.0,ok,1,1.0,0.81,6.0,0.00103021,0.00039663,10.75,1.585,3.0,8.0,8191.9727,0
comparison_49_gpt_8.0,full_ft,medium,gpt,8.0,0,16,0,24.0,ok,1,1.0,0.85,16.0,0.00047917,0.00018448,5.0,3.0,8.0,3.0,3071.9962,0
comparison_50_claude_3.0,full_ft,medium,claude,3.0,0,16,0,24.0,ok,1,1.0,0.87,6.0,0.00052996,0.00020403,5.53,1.585,3.0,8.0,8191.9727,0
comparison_51_gpt_5.0,full_ft,medium,gpt,5.0,0,16,0,24.0,ok,1,1.0,0.8,10.0,0.00073504,0.00028299,7.67,2.3219,5.0,4.8,4915.1902,0
comparison_52_gemini_7.0,full_ft,medium,gemini,7.0,0,16,0,24.0,ok,1,1.0,0.66,14.0,5.75e-05,2.214e-05,0.6,2.8074,7.0,3.4286,3510.8521,0
comparison_53_gemini_9.0,full_ft,medium,gemini,9.0,0,16,0,24.0,ok,1,1.0,0.76,18.0,0.00063058,0.00024277,6.58,3.1699,9.0,2.6667,2730.6636,0
comparison_54_command_7.0,full_ft,medium,command,7.0,0,16,0,24.0,ok,1,1.0,0.79,14.0,0.00042071,0.00016197,4.39,2.8074,7.0,3.4286,3510.8521,0
comparison_55_gpt_8.0,full_ft,medium,gpt,8.0,0,16,0,24.0,ok,1,1.0,0.79,16.0,0.00064017,0.00024647,6.68,3.0,8.0,3.0,3071.9962,0
comparison_56_command_2.0,full_ft,small,command,2.0,0,16,0,24.0,ok,1,1.0,0.81,4.0,0.00024629,9.482e-05,2.57,1.0,2.0,11.9999,12287.9386,0
comparison_57_gpt_7.0,full_ft,medium,gpt,7.0,0,16,0,24.0,ok,1,1.0,0.87,14.0,0.00170871,0.00065785,17.83,2.8074,7.0,3.4286,3510.8521,0
comparison_58_deepseek_8.0,full_ft,medium,deepseek,8.0,0,16,0,24.0,ok,1,1.0,0.66,16.0,0.00114521,0.00044091,11.95,3.0,8.0,3.0,3071.9962,0
comparison_59_llama_3.0,full_ft,medium,llama,3.0,0,16,0,24.0,ok,1,1.0,0.6,6.0,0.00130812,0.00050363,13.65,1.585,3.0,8.0,8191.9727,0
comparison_60_command_8.0,full_ft,medium,command,8.0,0,16,0,24.0,ok,1,1.0,0.91,16.0,0.00151704,0.00058406,15.83,3.0,8.0,3.0,3071.9962,0
comparison_61_mistral_3.0,full_ft,medium,mistral,3.0,0,16,0,24.0,ok,1,1.0,0.72,6.0,0.00096504,0.00037154,10.07,1.585,3.0,8.0,8191.9727,0
comparison_62_gpt_3.0,full_ft,medium,gpt,3.0,0,16,0,24.0,ok,1,1.0,0.89,6.0,0.000184,7.084e-05,1.92,1.585,3.0,8.0,8191.9727,0
comparison_63_llama_3.0,full_ft,medium,llama,3.0,0,16,0,24.0,ok,1,1.0,0.82,6.0,0.00103788,0.00039958,10.83,1.585,3.0,8.0,8191.9727,0
comparison_64_gpt_5.0,full_ft,medium,gpt,5.0,0,16,0,24.0,ok,1,1.0,0.78,10.0,0.00113275,0.00043611,11.82,2.3219,5.0,4.8,4915.1902,0
comparison_65_gemini_7.0,full_ft,medium,gemini,7.0,0,16,0,24.0,ok,1,1.0,0.91,14.0,0.00143367,0.00055196,14.96,2.8074,7.0,3.4286,3510.8521,0
comparison_66_deepseek_7.0,full_ft,medium,deepseek,7.0,0,16,0,24.0,ok,1,1.0,0.89,14.0,0.00083854,0.00032284,8.75,2.8074,7.0,3.4286,3510.8521,0
comparison_67_claude_9.0,full_ft,medium,claude,9.0,0,16,0,24.0,ok,1,1.0,0.88,18.0,0.00026163,0.00010073,2.73,3.1699,9.0,2.6667,2730.6636,0
comparison_68_deepseek_3.0,full_ft,medium,deepseek,3.0,0,16,0,24.0,ok,1,1.0,0.88,6.0,0.00055775,0.00021473,5.82,1.585,3.0,8.0,8191.9727,0
comparison_69_deepseek_7.0,full_ft,medium,deepseek,7.0,0,16,0,24.0,ok,1,1.0,0.89,14.0,0.00070821,0.00027266,7.39,2.8074,7.0,3.4286,3510.8521,0
comparison_70_gpt_4.0,full_ft,medium,gpt,4.0,0,16,0,24.0,ok,1,1.0,0.75,8.0,0.00124488,0.00047928,12.99,2.0,4.0,6.0,6143.9846,0
comparison_71_llama_4.0,full_ft,medium,llama,4.0,0,16,0,24.0,ok,1,1.0,0.78,8.0,0.00110208,0.0004243,11.5,2.0,4.0,6.0,6143.9846,0
comparison_72_mistral_5.0,full_ft,medium,mistral,5.0,0,16,0,24.0,ok,1,1.0,0.77,10.0,0.00069479,0.00026749,7.25,2.3219,5.0,4.8,4915.1902,0
comparison_73_deepseek_7.0,full_ft,medium,deepseek,7.0,0,16,0,24.0,ok,1,1.0,0.6,14.0,0.00189079,0.00072795,19.73,2.8074,7.0,3.4286,3510.8521,0
comparison_74_llama_4.0,full_ft,medium,llama,4.0,0,16,0,24.0,ok,1,1.0,0.73,8.0,0.00116821,0.00044976,12.19,2.0,4.0,6.0,6143.9846,0
comparison_75_llama_7.0,full_ft,medium,llama,7.0,0,16,0,24.0,ok,1,1.0,0.61,14.0,0.00046958,0.00018079,4.9,2.8074,7.0,3.4286,3510.8521,0
comparison_76_claude_3.0,full_ft,medium,claude,3.0,0,16,0,24.0,ok,1,1.0,0.87,6.0,0.00021275,8.191e-05,2.22,1.585,3.0,8.0,8191.9727,0
comparison_77_mistral_2.0,full_ft,small,mistral,2.0,0,16,0,24.0,ok,1,1.0,0.89,4.0,0.00030954,0.00011917,3.23,1.0,2.0,11.9999,12287.9386,0
comparison_78_gemini_9.0,full_ft,medium,gemini,9.0,0,16,0,24.0,ok,1,1.0,0.63,18.0,0.00048588,0.00018706,5.07,3.1699,9.0,2.6667,2730.6636,0
comparison_79_llama_6.0,full_ft,medium,llama,6.0,0,16,0,24.0,ok,1,1.0,0.6,12.0,0.00032392,0.00012471,3.38,2.585,6.0,4.0,4095.9932,0
comparison_80_command_4.0,full_ft,medium,command,4.0,0,16,0,24.0,ok,1,1.0,0.67,8.0,0.00037279,0.00014352,3.89,2.0,4.0,6.0,6143.9846,0
comparison_81_mistral_7.0,full_ft,medium,mistral,7.0,0,16,0,24.0,ok,1,1.0,0.88,14.0,0.00055967,0.00021547,5.84,2.8074,7.0,3.4286,3510.8521,0
comparison_82_command_9.0,full_ft,medium,command,9.0,0,16,0,24.0,ok,1,1.0,0.62,18.0,0.00034788,0.00013393,3.63,3.1699,9.0,2.6667,2730.6636,0
comparison_83_deepseek_1.0,full_ft,small,deepseek,1.0,0,16,0,24.0,ok,1,1.0,0.91,2.0,0.00172117,0.00066265,17.96,0.0,1.0,23.9998,24575.7542,0
comparison_84_gpt_9.0,full_ft,medium,gpt,9.0,0,16,0,24.0,ok,1,1.0,0.69,18.0,0.00017154,6.604e-05,1.79,3.1699,9.0,2.6667,2730.6636,0
comparison_85_claude_9.0,full_ft,medium,claude,9.0,0,16,0,24.0,ok,1,1.0,0.69,18.0,0.00101488,0.00039073,10.59,3.1699,9.0,2.6667,2730.6636,0
comparison_86_command_9.0,full_ft,medium,command,9.0,0,16,0,24.0,ok,1,1.0,0.78,18.0,0.00079829,0.00030734,8.33,3.1699,9.0,2.6667,2730.6636,0
comparison_87_claude_7.0,full_ft,medium,claude,7.0,0,16,0,24.0,ok,1,1.0,0.93,14.0,0.00188312,0.000725,19.65,2.8074,7.0,3.4286,3510.8521,0
comparison_88_mistral_8.0,full_ft,medium,mistral,8.0,0,16,0,24.0,ok,1,1.0,0.92,16.0,0.00023192,8.929e-05,2.42,3.0,8.0,3.0,3071.9962,0
comparison_89_claude_9.0,full_ft,medium,claude,9.0,0,16,0,24.0,ok,1,1.0,0.82,18.0,0.00077433,0.00029812,8.08,3.1699,9.0,2.6667,2730.6636,0
comparison_90_mistral_5.0,full_ft,medium,mistral,5.0,0,16,0,24.0,ok,1,1.0,0.87,10.0,0.00185917,0.00071578,19.4,2.3219,5.0,4.8,4915.1902,0
comparison_91_gpt_3.0,full_ft,medium,gpt,3.0,0,16,0,24.0,ok,1,1.0,0.91,6.0,0.00166175,0.00063977,17.34,1.585,3.0,8.0,8191.9727,0
comparison_92_gemini_8.0,full_ft,medium,gemini,8.0,0,16,0,24.0,ok,1,1.0,0.66,16.0,0.00156975,0.00060435,16.38,3.0,8.0,3.0,3071.9962,0
comparison_93_deepseek_6.0,full_ft,medium,deepseek,6.0,0,16,0,24.0,ok,1,1.0,0.88,12.0,0.00050888,0.00019592,5.31,2.585,6.0,4.0,4095.9932,0
comparison_94_nova_8.0,full_ft,medium,nova,8.0,0,16,0,24.0,ok,1,1.0,0.67,16.0,0.00034308,0.00013209,3.58,3.0,8.0,3.0,3071.9962,0
comparison_95_gpt_4.0,full_ft,medium,gpt,4.0,0,16,0,24.0,ok,1,1.0,0.6,8.0,0.001288,0.00049588,13.44,2.0,4.0,6.0,6143.9846,0
comparison_96_gpt_1.0,full_ft,small,gpt,1.0,0,16,0,24.0,ok,1,1.0,0.62,2.0,0.0017825,0.00068626,18.6,0.0,1.0,23.9998,24575.7542,0
comparison_97_gemini_4.0,full_ft,medium,gemini,4.0,0,16,0,24.0,ok,1,1.0,0.83,8.0,0.00107525,0.00041397,11.22,2.0,4.0,6.0,6143.9846,0
comparison_98_command_7.0,full_ft,medium,command,7.0,0,16,0,24.0,ok,1,1.0,0.82,14.0,0.001104,0.00042504,11.52,2.8074,7.0,3.4286,3510.8521,0
comparison_99_gemini_3.0,full_ft,medium,gemini,3.0,0,16,0,24.0,ok,1,1.0,0.67,6.0,0.00055008,0.00021178,5.74,1.585,3.0,8.0,8191.9727,0
comparison_100_gpt_5.0,full_ft,medium,gpt,5.0,0,16,0,24.0,ok,1,1.0,0.62,10.0,0.00147967,0.00056967,15.44,2.3219,5.0,4.8,4915.1902,0
comparison_101_gpt_8.0,full_ft,medium,gpt,8.0,0,16,0,24.0,ok,1,1.0,0.92,16.0,0.00037375,0.00014389,3.9,3.0,8.0,3.0,3071.9962,0
comparison_102_gpt_1.0,full_ft,small,gpt,1.0,0,16,0,24.0,ok,1,1.0,0.87,2.0,0.00063346,0.00024388,6.61,0.0,1.0,23.9998,24575.7542,0
comparison_103_gemini_2.0,full_ft,small,gemini,2.0,0,16,0,24.0,ok,1,1.0,0.67,4.0,0.00082608,0.00031804,8.62,1.0,2.0,11.9999,12287.9386,0
comparison_104_command_6.0,full_ft,medium,command,6.0,0,16,0,24.0,ok,1,1.0,0.93,12.0,0.00098229,0.00037818,10.25,2.585,6.0,4.0,4095.9932,0
comparison_105_deepseek_5.0,full_ft,medium,deepseek,5.0,0,16,0,24.0,ok,1,1.0,0.94,10.0,0.00047917,0.00018448,5.0,2.3219,5.0,4.8,4915.1902,0
comparison_106_nova_1.0,full_ft,small,nova,1.0,0,16,0,24.0,ok,1,1.0,0.91,2.0,0.00023671,9.113e-05,2.47,0.0,1.0,23.9998,24575.7542,0
comparison_107_gpt_3.0,full_ft,medium,gpt,3.0,0,16,0,24.0,ok,1,1.0,0.83,6.0,0.00117779,0.00045345,12.29,1.585,3.0,8.0,8191.9727,0
comparison_108_mistral_2.0,full_ft,small,mistral,2.0,0,16,0,24.0,ok,1,1.0,0.73,4.0,0.00056638,0.00021806,5.91,1.0,2.0,11.9999,12287.9386,0
comparison_109_llama_6.0,full_ft,medium,llama,6.0,0,16,0,24.0,ok,1,1.0,0.91,12.0,0.00112221,0.00043205,11.71,2.585,6.0,4.0,4095.9932,0
comparison_110_nova_7.0,full_ft,medium,nova,7.0,0,16,0,24.0,ok,1,1.0,0.75,14.0,0.00031242,0.00012028,3.26,2.8074,7.0,3.4286,3510.8521,0
comparison_111_command_7.0,full_ft,medium,command,7.0,0,16,0,24.0,ok,1,1.0,0.63,14.0,0.00093246,0.000359,9.73,2.8074,7.0,3.4286,3510.8521,0
comparison_112_claude_8.0,full_ft,medium,claude,8.0,0,16,0,24.0,ok,1,1.0,0.8,16.0,0.00103021,0.00039663,10.75,3.0,8.0,3.0,3071.9962,0
comparison_113_claude_1.0,full_ft,small,claude,1.0,0,16,0,24.0,ok,1,1.0,0.73,2.0,0.00011788,4.538e-05,1.23,0.0,1.0,23.9998,24575.7542,0
comparison_114_deepseek_6.0,full_ft,medium,deepseek,6.0,0,16,0,24.0,ok,1,1.0,0.9,12.0,0.00065742,0.00025311,6.86,2.585,6.0,4.0,4095.9932,0
comparison_115_nova_5.0,full_ft,medium,nova,5.0,0,16,0,24.0,ok,1,1.0,0.77,10.0,0.00027408,0.00010552,2.86,2.3219,5.0,4.8,4915.1902,0
comparison_116_command_2.0,full_ft,small,command,2.0,0,16,0,24.0,ok,1,1.0,0.66,4.0,0.00013896,5.35e-05,1.45,1.0,2.0,11.9999,12287.9386,0
comparison_117_mistral_6.0,full_ft,medium,mistral,6.0,0,16,0,24.0,ok,1,1.0,0.69,12.0,0.0018975,0.00073054,19.8,2.585,6.0,4.0,4095.9932,0
comparison_118_claude_1.0,full_ft,small,claude,1.0,0,16,0,24.0,ok,1,1.0,0.66,2.0,0.00063058,0.00024277,6.58,0.0,1.0,23.9998,24575.7542,0
comparison_119_gpt_6.0,full_ft,medium,gpt,6.0,0,16,0,24.0,ok,1,1.0,0.92,12.0,0.00155633,0.00059919,16.24,2.585,6.0,4.0,4095.9932,0
comparison_120_nova_3.0,full_ft,medium,nova,3.0,0,16,0,24.0,ok,1,1.0,0.82,6.0,0.00050217,0.00019334,5.24,1.585,3.0,8.0,8191.9727,0
comparison_121_command_4.0,full_ft,medium,command,4.0,0,16,0,24.0,ok,1,1.0,0.8,8.0,0.00131196,0.0005051,13.69,2.0,4.0,6.0,6143.9846,0
comparison_122_claude_3.0,full_ft,medium,claude,3.0,0,16,0,24.0,ok,1,1.0,0.78,6.0,0.00146146,0.00056266,15.25,1.585,3.0,8.0,8191.9727,0
comparison_123_deepseek_3.0,full_ft,medium,deepseek,3.0,0,16,0,24.0,ok,1,1.0,0.78,6.0,0.00114904,0.00044238,11.99,1.585,3.0,8.0,8191.9727,0
comparison_124_command_7.0,full_ft,medium,command,7.0,0,16,0,24.0,ok,1,1.0,0.88,14.0,0.00091425,0.00035199,9.54,2.8074,7.0,3.4286,3510.8521,0
comparison_125_command_9.0,full_ft,medium,command,9.0,0,16,0,24.0,ok,1,1.0,0.77,18.0,0.00080021,0.00030808,8.35,3.1699,9.0,2.6667,2730.6636,0
comparison_126_gpt_8.0,full_ft,medium,gpt,8.0,0,16,0,24.0,ok,1,1.0,0.61,16.0,0.00068138,0.00026233,7.11,3.0,8.0,3.0,3071.9962,0
comparison_127_nova_7.0,full_ft,medium,nova,7.0,0,16,0,24.0,ok,1,1.0,0.6,14.0,0.0017825,0.00068626,18.6,2.8074,7.0,3.4286,3510.8521,0
comparison_128_gemini_8.0,full_ft,medium,gemini,8.0,0,16,0,24.0,ok,1,1.0,0.64,16.0,0.00159562,0.00061431,16.65,3.0,8.0,3.0,3071.9962,0
comparison_129_gpt_9.0,full_ft,medium,gpt,9.0,0,16,0,24.0,ok,1,1.0,0.79,18.0,0.00185054,0.00071246,19.31,3.1699,9.0,2.6667,2730.6636,0
comparison_130_gpt_2.0,full_ft,small,gpt,2.0,0,16,0,24.0,ok,1,1.0,0.7,4.0,0.00025492,9.814e-05,2.66,1.0,2.0,11.9999,12287.9386,0
comparison_131_deepseek_3.0,full_ft,medium,deepseek,3.0,0,16,0,24.0,ok,1,1.0,0.61,6.0,0.00140588,0.00054126,14.67,1.585,3.0,8.0,8191.9727,0
comparison_132_deepseek_9.0,full_ft,medium,deepseek,9.0,0,16,0,24.0,ok,1,1.0,0.62,18.0,0.00179975,0.0006929,18.78,3.1699,9.0,2.6667,2730.6636,0
comparison_133_command_1.0,full_ft,small,command,1.0,0,16,0,24.0,ok,1,1.0,0.82,2.0,0.00036321,0.00013984,3.79,0.0,1.0,23.9998,24575.7542,0
comparison_134_gemini_1.0,full_ft,small,gemini,1.0,0,16,0,24.0,ok,1,1.0,0.71,2.0,0.00014567,5.608e-05,1.52,0.0,1.0,23.9998,24575.7542,0
comparison_135_nova_5.0,full_ft,medium,nova,5.0,0,16,0,24.0,ok,1,1.0,0.79,10.0,0.00142504,0.00054864,14.87,2.3219,5.0,4.8,4915.1902,0
comparison_136_llama_7.0,full_ft,medium,llama,7.0,0,16,0,24.0,ok,1,1.0,0.64,14.0,0.00110879,0.00042688,11.57,2.8074,7.0,3.4286,3510.8521,0
comparison_137_gpt_9.0,full_ft,medium,gpt,9.0,0,16,0,24.0,ok,1,1.0,0.89,18.0,0.00161671,0.00062243,16.87,3.1699,9.0,2.6667,2730.6636,0
comparison_138_claude_3.0,full_ft,medium,claude,3.0,0,16,0,24.0,ok,1,1.0,0.68,6.0,0.00028463,0.00010958,2.97,1.585,3.0,8.0,8191.9727,0
comparison_139_nova_3.0,full_ft,medium,nova,3.0,0,16,0,24.0,ok,1,1.0,0.93,6.0,0.00152854,0.00058849,15.95,1.585,3.0,8.0,8191.9727,0
comparison_140_command_8.0,full_ft,medium,command,8.0,0,16,0,24.0,ok,1,1.0,0.94,16.0,0.00040154,0.00015459,4.19,3.0,8.0,3.0,3071.9962,0
comparison_141_mistral_8.0,full_ft,medium,mistral,8.0,0,16,0,24.0,ok,1,1.0,0.81,16.0,0.00032967,0.00012692,3.44,3.0,8.0,3.0,3071.9962,0
comparison_142_gpt_8.0,full_ft,medium,gpt,8.0,0,16,0,24.0,ok,1,1.0,0.83,16.0,0.00033062,0.00012729,3.45,3.0,8.0,3.0,3071.9962,0
comparison_143_command_1.0,full_ft,small,command,1.0,0,16,0,24.0,ok,1,1.0,0.76,2.0,0.00156496,0.00060251,16.33,0.0,1.0,23.9998,24575.7542,0
comparison_144_nova_4.0,full_ft,medium,nova,4.0,0,16,0,24.0,ok,1,1.0,0.69,8.0,0.00128129,0.0004933,13.37,2.0,4.0,6.0,6143.9846,0
comparison_145_mistral_8.0,full_ft,medium,mistral,8.0,0,16,0,24.0,ok,1,1.0,0.89,16.0,0.001012,0.00038962,10.56,3.0,8.0,3.0,3071.9962,0
comparison_146_command_3.0,full_ft,medium,command,3.0,0,16,0,24.0,ok,1,1.0,0.82,6.0,0.00069958,0.00026934,7.3,1.585,3.0,8.0,8191.9727,0
comparison_147_nova_9.0,full_ft,medium,nova,9.0,0,16,0,24.0,ok,1,1.0,0.91,18.0,0.00168379,0.00064826,17.57,3.1699,9.0,2.6667,2730.6636,0
comparison_148_claude_9.0,full_ft,medium,claude,9.0,0,16,0,24.0,ok,1,1.0,0.76,18.0,0.00076379,0.00029406,7.97,3.1699,9.0,2.6667,2730.6636,0
comparison_149_llama_2.0,full_ft,small,llama,2.0,0,16,0,24.0,ok,1,1.0,0.76,4.0,0.00156879,0.00060398,16.37,1.0,2.0,11.9999,12287.9386,0
comparison_150_nova_2.0,full_ft,small,nova,2.0,0,16,0,24.0,ok,1,1.0,0.73,4.0,0.00085196,0.000328,8.89,1.0,2.0,11.9999,12287.9386,0
comparison_151_gemini_6.0,full_ft,medium,gemini,6.0,0,16,0,24.0,ok,1,1.0,0.68,12.0,0.00073408,0.00028262,7.66,2.585,6.0,4.0,4095.9932,0
comparison_152_claude_9.0,full_ft,medium,claude,9.0,0,16,0,24.0,ok,1,1.0,0.61,18.0,0.000897,0.00034534,9.36,3.1699,9.0,2.6667,2730.6636,0
comparison_153_command_1.0,full_ft,small,command,1.0,0,16,0,24.0,ok,1,1.0,0.84,2.0,0.00059129,0.00022765,6.17,0.0,1.0,23.9998,24575.7542,0
comparison_154_command_1.0,full_ft,small,command,1.0,0,16,0,24.0,ok,1,1.0,0.68,2.0,0.0014375,0.00055344,15.0,0.0,1.0,23.9998,24575.7542,0
comparison_155_mistral_5.0,full_ft,medium,mistral,5.0,0,16,0,24.0,ok,1,1.0,0.81,10.0,0.00097271,0.00037449,10.15,2.3219,5.0,4.8,4915.1902,0
comparison_156_nova_4.0,full_ft,medium,nova,4.0,0,16,0,24.0,ok,1,1.0,0.63,8.0,0.00046,0.0001771,4.8,2.0,4.0,6.0,6143.9846,0
comparison_157_nova_8.0,full_ft,medium,nova,8.0,0,16,0,24.0,ok,1,1.0,0.85,16.0,0.00172596,0.00066449,18.01,3.0,8.0,3.0,3071.9962,0
comparison_158_deepseek_3.0,full_ft,medium,deepseek,3.0,0,16,0,24.0,ok,1,1.0,0.88,6.0,0.0007475,0.00028779,7.8,1.585,3.0,8.0,8191.9727,0
comparison_159_gpt_1.0,full_ft,small,gpt,1.0,0,16,0,24.0,ok,1,1.0,0.93,2.0,0.00105033,0.00040438,10.96,0.0,1.0,23.9998,24575.7542,0
comparison_160_nova_3.0,full_ft,medium,nova,3.0,0,16,0,24.0,ok,1,1.0,0.82,6.0,0.00173937,0.00066966,18.15,1.585,3.0,8.0,8191.9727,0
comparison_161_mistral_7.0,full_ft,medium,mistral,7.0,0,16,0,24.0,ok,1,1.0,0.7,14.0,0.00120367,0.00046341,12.56,2.8074,7.0,3.4286,3510.8521,0
comparison_162_mistral_6.0,full_ft,medium,mistral,6.0,0,16,0,24.0,ok,1,1.0,0.65,12.0,0.00024054,9.261e-05,2.51,2.585,6.0,4.0,4095.9932,0
comparison_163_mistral_3.0,full_ft,medium,mistral,3.0,0,16,0,24.0,ok,1,1.0,0.77,6.0,0.00180262,0.00069401,18.81,1.585,3.0,8.0,8191.9727,0
comparison_164_mistral_8.0,full_ft,medium,mistral,8.0,0,16,0,24.0,ok,1,1.0,0.8,16.0,0.00121038,0.000466,12.63,3.0,8.0,3.0,3071.9962,0
comparison_165_claude_2.0,full_ft,small,claude,2.0,0,16,0,24.0,ok,1,1.0,0.93,4.0,0.00065454,0.000252,6.83,1.0,2.0,11.9999,12287.9386,0
comparison_166_llama_1.0,full_ft,small,llama,1.0,0,16,0,24.0,ok,1,1.0,0.76,2.0,0.00028367,0.00010921,2.96,0.0,1.0,23.9998,24575.7542,0
comparison_167_command_1.0,full_ft,small,command,1.0,0,16,0,24.0,ok,1,1.0,0.84,2.0,0.00152567,0.00058738,15.92,0.0,1.0,23.9998,24575.7542,0
comparison_168_llama_3.0,full_ft,medium,llama,3.0,0,16,0,24.0,ok,1,1.0,0.71,6.0,0.001196,0.00046046,12.48,1.585,3.0,8.0,8191.9727,0
comparison_169_command_3.0,full_ft,medium,command,3.0,0,16,0,24.0,ok,1,1.0,0.82,6.0,0.00103117,0.000397,10.76,1.585,3.0,8.0,8191.9727,0
comparison_170_nova_1.0,full_ft,small,nova,1.0,0,16,0,24.0,ok,1,1.0,0.81,2.0,0.00171542,0.00066044,17.9,0.0,1.0,23.9998,24575.7542,0
comparison_171_nova_1.0,full_ft,small,nova,1.0,0,16,0,24.0,ok,1,1.0,0.8,2.0,0.00151512,0.00058332,15.81,0.0,1.0,23.9998,24575.7542,0
comparison_172_command_5.0,full_ft,medium,command,5.0,0,16,0,24.0,ok,1,1.0,0.86,10.0,0.00030667,0.00011807,3.2,2.3219,5.0,4.8,4915.1902,0
comparison_173_mistral_3.0,full_ft,medium,mistral,3.0,0,16,0,24.0,ok,1,1.0,0.9,6.0,0.00061046,0.00023503,6.37,1.585,3.0,8.0,8191.9727,0
comparison_174_command_9.0,full_ft,medium,command,9.0,0,16,0,24.0,ok,1,1.0,0.65,18.0,0.00049067,0.00018891,5.12,3.1699,9.0,2.6667,2730.6636,0
comparison_175_llama_8.0,full_ft,medium,llama,8.0,0,16,0,24.0,ok,1,1.0,0.86,16.0,0.00143079,0.00055085,14.93,3.0,8.0,3.0,3071.9962,0
comparison_176_llama_1.0,full_ft,small,llama,1.0,0,16,0,24.0,ok,1,1.0,0.93,2.0,8.242e-05,3.173e-05,0.86,0.0,1.0,23.9998,24575.7542,0
comparison_177_mistral_5.0,full_ft,medium,mistral,5.0,0,16,0,24.0,ok,1,1.0,0.71,10.0,0.00110017,0.00042357,11.48,2.3219,5.0,4.8,4915.1902,0
comparison_178_deepseek_3.0,full_ft,medium,deepseek,3.0,0,16,0,24.0,ok,1,1.0,0.66,6.0,0.00146625,0.00056451,15.3,1.585,3.0,8.0,8191.9727,0
comparison_179_command_1.0,full_ft,small,command,1.0,0,16,0,24.0,ok,1,1.0,0.69,2.0,0.00168283,0.00064789,17.56,0.0,1.0,23.9998,24575.7542,0
comparison_180_command_5.0,full_ft,medium,command,5.0,0,16,0,24.0,ok,1,1.0,0.76,10.0,0.00066796,0.00025716,6.97,2.3219,5.0,4.8,4915.1902,0
comparison_181_nova_7.0,full_ft,medium,nova,7.0,0,16,0,24.0,ok,1,1.0,0.85,14.0,0.00157742,0.00060731,16.46,2.8074,7.0,3.4286,3510.8521,0
comparison_182_gpt_3.0,full_ft,medium,gpt,3.0,0,16,0,24.0,ok,1,1.0,0.8,6.0,0.00022904,8.818e-05,2.39,1.585,3.0,8.0,8191.9727,0
comparison_183_nova_2.0,full_ft,small,nova,2.0,0,16,0,24.0,ok,1,1.0,0.87,4.0,0.00162533,0.00062575,16.96,1.0,2.0,11.9999,12287.9386,0
comparison_184_gpt_6.0,full_ft,medium,gpt,6.0,0,16,0,24.0,ok,1,1.0,0.61,12.0,0.00026067,0.00010036,2.72,2.585,6.0,4.0,4095.9932,0
comparison_185_gemini_3.0,full_ft,medium,gemini,3.0,0,16,0,24.0,ok,1,1.0,0.6,6.0,0.00077338,0.00029775,8.07,1.585,3.0,8.0,8191.9727,0
comparison_186_nova_8.0,full_ft,medium,nova,8.0,0,16,0,24.0,ok,1,1.0,0.85,16.0,0.00153238,0.00058997,15.99,3.0,8.0,3.0,3071.9962,0
comparison_187_gemini_6.0,full_ft,medium,gemini,6.0,0,16,0,24.0,ok,1,1.0,0.88,12.0,0.00030379,0.00011696,3.17,2.585,6.0,4.0,4095.9932,0
comparison_188_deepseek_2.0,full_ft,small,deepseek,2.0,0,16,0,24.0,ok,1,1.0,0.8,4.0,0.00045425,0.00017489,4.74,1.0,2.0,11.9999,12287.9386,0
comparison_189_deepseek_2.0,full_ft,small,deepseek,2.0,0,16,0,24.0,ok,1,1.0,0.7,4.0,0.00138958,0.00053499,14.5,1.0,2.0,11.9999,12287.9386,0
comparison_190_gemini_1.0,full_ft,small,gemini,1.0,0,16,0,24.0,ok,1,1.0,0.7,2.0,0.00138575,0.00053351,14.46,0.0,1.0,23.9998,24575.7542,0
comparison_191_nova_1.0,full_ft,small,nova,1.0,0,16,0,24.0,ok,1,1.0,0.94,2.0,0.00123529,0.00047559,12.89,0.0,1.0,23.9998,24575.7542,0
comparison_192_gpt_6.0,full_ft,medium,gpt,6.0,0,16,0,24.0,ok,1,1.0,0.93,12.0,0.00133592,0.00051433,13.94,2.585,6.0,4.0,4095.9932,0
comparison_193_nova_7.0,full_ft,medium,nova,7.0,0,16,0,24.0,ok,1,1.0,0.83,14.0,0.00104938,0.00040401,10.95,2.8074,7.0,3.4286,3510.8521,0
comparison_194_llama_7.0,full_ft,medium,llama,7.0,0,16,0,24.0,ok,1,1.0,0.81,14.0,0.00049738,0.00019149,5.19,2.8074,7.0,3.4286,3510.8521,0
comparison_195_gemini_3.0,full_ft,medium,gemini,3.0,0,16,0,24.0,ok,1,1.0,0.64,6.0,0.00067467,0.00025975,7.04,1.585,3.0,8.0,8191.9727,0
comparison_196_gemini_9.0,full_ft,medium,gemini,9.0,0,16,0,24.0,ok,1,1.0,0.92,18.0,0.00036417,0.00014021,3.8,3.1699,9.0,2.6667,2730.6636,0
comparison_197_nova_7.0,full_ft,medium,nova,7.0,0,16,0,24.0,ok,1,1.0,0.79,14.0,0.00174321,0.00067114,18.19,2.8074,7.0,3.4286,3510.8521,0
comparison_198_gpt_4.0,full_ft,medium,gpt,4.0,0,16,0,24.0,ok,1,1.0,0.78,8.0,0.00112604,0.00043353,11.75,2.0,4.0,6.0,6143.9846,0
comparison_199_llama_4.0,full_ft,medium,llama,4.0,0,16,0,24.0,ok,1,1.0,0.94,8.0,0.00078008,0.00030033,8.14,2.0,4.0,6.0,6143.9846,0
